source_record_id,license_type_raw,institution_name_raw,dba_raw,status_raw,address_raw,phone_raw,approval_date_raw,license_number_raw,nmls_raw,contact_name_raw,crd_raw,depository_raw,source_page,source_url,retrieved_at_utc,geo_municipality_code,geo_municipality_name,geo_county_fips,geo_zip,geo_lat,geo_lon,geo_attribution_source,geo_attribution_confidence
f8c3217fc67a592aaef7e16885202657e4359b0e216cdbfe954a46613d1dd184,ENTIDAD FINANCIERA INTERNACIONAL,ADVANTAGE INTERNATIONAL BANK CORP.,,ACTIVA,"AMERICAN INTERNATIONAL PLAZA 250 MUNOZ RIVERA AVE., STE. 710 SAN JUAN PR 00918",787-708-6446,01/01/2016,IFE-023,,"EDUARDO COLON, RAUL CAMALICHE",,YES,1,https://concesionarios.ocif.pr.gov/es/License/Index?LicenseTypeFilter=ENTIDAD+FINANCIERA+INTERNACIONAL&Page=1&PageSize=100,2026-08-26T15:58:34+00:00,,,,,,,,unknown
18d8759203e1e57b08015ee45d5e0a5e285b34c8bd0e211282412bdb406d3f63,ENTIDAD FINANCIERA INTERNACIONAL,"ALLIANCE CAPITAL INTERNATIONAL BANK, INC.",,ACTIVA,252 PONCE DE LEON AVE. SUITE 400 SAN JUAN PR 00918,787-626-0156,03/20/2017,IFE-039,,Eva A. Hurtado,,YES,1,https://concesionarios.ocif.pr.gov/es/License/Index?LicenseTypeFilter=ENTIDAD+FINANCIERA+INTERNACIONAL&Page=1&PageSize=100,2026-08-26T15:58:34+00:00,,,,,,,,unknown
a863e08eeb8eab77c581d28440515ff6fc713aafad2b9d0265688e67ef25dd75,ENTIDAD FINANCIERA INTERNACIONAL,AMERICAN INTERNATIONAL BANK LLC,,PENDIENTE DE LIQUIDACION,1225 Ponce de Leon Ave. VIG Tower Suite MZ-5 and 6 SAN JUAN PR 00907,787-523-8898,06/04/2018,IFE-050,,Eric Chen,,YES,1,https://concesionarios.ocif.pr.gov/es/License/Index?LicenseTypeFilter=ENTIDAD+FINANCIERA+INTERNACIONAL&Page=1&PageSize=100,2026-08-26T15:58:34+00:00,,,,,,,,unknown
96c99b37262e7962cedf6b6acb921e517037655ef3ab7feca21b4f829a80f81e,ENTIDAD FINANCIERA INTERNACIONAL,"ARETI BANK INTERNATIONAL, INC.",,ACTIVA PENDIENTE DE RENOVAR,"METRO OFFICE PARK 3 CALLE 1, SUITE #506 GUAYNABO PR 00968",410-330-4084,05/19/2017,IFE-042,,DIMAS PALMAR,,YES,1,https://concesionarios.ocif.pr.gov/es/License/Index?LicenseTypeFilter=ENTIDAD+FINANCIERA+INTERNACIONAL&Page=1&PageSize=100,2026-08-26T15:58:34+00:00,,,,,,,,unknown
9df0514beef83f283f1707bb5aad21659ce9b07bd101f38fba54d616b0170aa1,ENTIDAD FINANCIERA INTERNACIONAL,"ARIVAL BANK INTERNATIONAL, CORP.",,ACTIVA PENDIENTE DE RENOVAR,1250 PONCE DE LEON AVE SUITE 1005 SAN JUAN PR 00907,787-342-0043,02/22/2021,IFE-065,,"YEIDIE ORTIZ, CPA, CCBP",,YES,1,https://concesionarios.ocif.pr.gov/es/License/Index?LicenseTypeFilter=ENTIDAD+FINANCIERA+INTERNACIONAL&Page=1&PageSize=100,2026-08-26T15:58:34+00:00,,,,,,,,unknown
facf741b5843b380a5e46eae94dfa009b982ab5d2d0255fbd7375a3349807121,ENTIDAD FINANCIERA INTERNACIONAL,"BANEX INTERNATIONAL BANK, INC.",,ACTIVA,654 MUÑOZ RIVERA SUITE 1720 SAN JUAN PR 00918,787-303-0858,02/09/2017,IFE-37,,"LUIS GASPARINI JR., SACHA RAMJIAWAN",,YES,1,https://concesionarios.ocif.pr.gov/es/License/Index?LicenseTypeFilter=ENTIDAD+FINANCIERA+INTERNACIONAL&Page=1&PageSize=100,2026-08-26T15:58:34+00:00,,,,,,,,unknown
425b5ac9846eceaf3d3c7f822c0fe33ed468bcce554ff3465bceed4e39b5deba,ENTIDAD FINANCIERA INTERNACIONAL,BLUE OCEAN INTERNATIONAL BANK LLC,,ACTIVA,POPULAR CENTER SUITE 1020 208 AVE PONCE DE LEON SAN JUAN PR 00918,787-523-6378,10/17/2016,IFE-032,,Dainette Rivera Melendez,,YES,1,https://concesionarios.ocif.pr.gov/es/License/Index?LicenseTypeFilter=ENTIDAD+FINANCIERA+INTERNACIONAL&Page=1&PageSize=100,2026-08-26T15:58:34+00:00,,,,,,,,unknown
ec0483a4d3f67285f9ee85f80c76d0994e00d1503969e9fd25c25562e66fc400,ENTIDAD FINANCIERA INTERNACIONAL,"CAI CAPITAL INTERNATIONAL, LLC",,ACTIVA,"273 Ave Ponce de Leon Plaza 273, Suite 912 SAN JUAN PR 00917",(787) 282-3673,02/05/2016,IFE-026,,ARTURO GONZALEZ,,YES,1,https://concesionarios.ocif.pr.gov/es/License/Index?LicenseTypeFilter=ENTIDAD+FINANCIERA+INTERNACIONAL&Page=1&PageSize=100,2026-08-26T15:58:34+00:00,,,,,,,,unknown
550f2686ee311dc1b6682c3ef6858649f3b4dede4f92ea5dbaa2bbbc2f8234a7,ENTIDAD FINANCIERA INTERNACIONAL,"CARIBE INTERNATIONAL BANK, CORP.",,PENDIENTE DE LIQUIDACION,"Citi Tower Bldg., Suite 501 252 Ponce de León Ave. SAN JUAN PR 00918",787-632-7734,02/08/2016,IFE-027,,"FRANK R. REYES, LUIS E. CRUZ-ARTEAGA, MARIA NELLY ROSARIO",,YES,1,https://concesionarios.ocif.pr.gov/es/License/Index?LicenseTypeFilter=ENTIDAD+FINANCIERA+INTERNACIONAL&Page=1&PageSize=100,2026-08-26T15:58:34+00:00,,,,,,,,unknown
936c32dfd5418f76fed253fa7af4f67b36d40a9ce864d172842ac7d75eb489f6,ENTIDAD FINANCIERA INTERNACIONAL,"CB INTERNATIONAL BANK, LLC",,ACTIVA PENDIENTE DE RENOVAR,270 MUÑOZ RIVERA ST 330 SAN JUAN PR 00918,787-395-7537,05/08/2018,IFE-049,,"Wu (Scott Wu) Shuaiyu, Marcos Torres",,YES,1,https://concesionarios.ocif.pr.gov/es/License/Index?LicenseTypeFilter=ENTIDAD+FINANCIERA+INTERNACIONAL&Page=1&PageSize=100,2026-08-26T15:58:34+00:00,,,,,,,,unknown
71f6dedd2e5e1cd4026bf6bdaa002b28e092afb829212e0eb88c879b12b34c1c,ENTIDAD FINANCIERA INTERNACIONAL,"CELTA BANK INTERNATIONAL, LLC",,ACTIVA,270 MUÑOZ RIVERA AVENUE SUITE 510 SAN JUAN PR,678-667-6450,02/07/2025,IFE-075,,"JONATHAN COOPER, VERONICA M NOLLA-SCHELL, ESQ",,NO,1,https://concesionarios.ocif.pr.gov/es/License/Index?LicenseTypeFilter=ENTIDAD+FINANCIERA+INTERNACIONAL&Page=1&PageSize=100,2026-08-26T15:58:34+00:00,,,,,,,,unknown
78c3c8d64c4a4b7a3239259874fbabbf31a42dfd7710e20d93923ba1e42edbb8,ENTIDAD FINANCIERA INTERNACIONAL,"DIGITAL INTERNATIONAL BANK, INC.",,PENDIENTE DE LIQUIDACION,250 Ponce de Leon Ave. Suite 502 Citi Towers SAN JUAN PR 00918,787-379-4580,05/15/2017,IFE-040,,NEFTALI MUNET,,YES,1,https://concesionarios.ocif.pr.gov/es/License/Index?LicenseTypeFilter=ENTIDAD+FINANCIERA+INTERNACIONAL&Page=1&PageSize=100,2026-08-26T15:58:34+00:00,,,,,,,,unknown
ad65980111204dde3158592fee851c582d02ce13c3a98439c6e50ad9f79cac61,ENTIDAD FINANCIERA INTERNACIONAL,"EASYBANK INTERNATIONAL, INC.",,ACTIVA,221 PONCE DE LEON AVE. SUITE 804 SAN JUAN PR 00917,939-337-8000,07/21/2015,IFE-019,,"CARLOS ROMERO MARQUEZ, SAMUEL E. RODRIGUEZ, EDUARDO VILLANUEVA",,YES,1,https://concesionarios.ocif.pr.gov/es/License/Index?LicenseTypeFilter=ENTIDAD+FINANCIERA+INTERNACIONAL&Page=1&PageSize=100,2026-08-26T15:58:34+00:00,,,,,,,,unknown
08ef86ff653c1adeaa6a48fb626b4820fbe7ed6648c4c0a6c3142e0a3f7ff1b2,ENTIDAD FINANCIERA INTERNACIONAL,"ELITE INTERNATIONAL BANK, INC.",,ACTIVA,221 PONCE DE LEON AVE SUITE 1403 HATO REY PR 00917,787-523-9398,08/29/2013,IFE-05,,"LUIS VIZCARRONDO, Agustin Garcia, GABRIELA GARCIA",,YES,1,https://concesionarios.ocif.pr.gov/es/License/Index?LicenseTypeFilter=ENTIDAD+FINANCIERA+INTERNACIONAL&Page=1&PageSize=100,2026-08-26T15:58:34+00:00,,,,,,,,unknown
10ea1c2b2f6b47a9fa262184b318ac2b06621567a1ca5aeb8f084ff3e393a777,ENTIDAD FINANCIERA INTERNACIONAL,"Euro Pacific Intl. Bank, Inc.",,PENDIENTE DE LIQUIDACION,"53 Palmeras St, Piso 10 Puerta de Tierra San Juan PR 00901",1-888-527-4041,02/09/2017,IFE-033,,Mark Anderson,,YES,1,https://concesionarios.ocif.pr.gov/es/License/Index?LicenseTypeFilter=ENTIDAD+FINANCIERA+INTERNACIONAL&Page=1&PageSize=100,2026-08-26T15:58:34+00:00,,,,,,,,unknown
924ee7415ba9f2445dbefd0c99e3028f18abd4da64f02f09625218cc3fc2835e,ENTIDAD FINANCIERA INTERNACIONAL,"FAIRWINDS INTERNATIONAL BANK, LLC",,ACTIVA,"259 RECINTO SUR ST, SUITE 3A SAN JUAN PR 00901",787-723-4803,11/30/2016,IFE-035,,"Christian Hernandez, Sebastian Couturier",,YES,1,https://concesionarios.ocif.pr.gov/es/License/Index?LicenseTypeFilter=ENTIDAD+FINANCIERA+INTERNACIONAL&Page=1&PageSize=100,2026-08-26T15:58:34+00:00,,,,,,,,unknown
de6651b6391ac078294fff5f00e17c0d7d1bb2c35b10a833eadc9722d9173d1c,ENTIDAD FINANCIERA INTERNACIONAL,"FIRST FINANCE INTERNATIONAL BANK, INC.",,PENDIENTE DE LIQUIDACION,252 PONCE DE LEON AVE. SUITE 1702 SAN JUAN PR 00918,787-559-4123,05/16/2017,IFE-041,,"Michel Poignant, Edwin Diaz, Mariangie Franco",,YES,1,https://concesionarios.ocif.pr.gov/es/License/Index?LicenseTypeFilter=ENTIDAD+FINANCIERA+INTERNACIONAL&Page=1&PageSize=100,2026-08-26T15:58:34+00:00,,,,,,,,unknown
ef2f5d000ce638ea3a33c0393d6e5a99ac9e06a8d25244635f4fef5c9aa8005d,ENTIDAD FINANCIERA INTERNACIONAL,"FV BANK INTERNATIONAL, INC.",,ACTIVA,270 MUÑOZ RIVERA AVE. SUITE 1120 SAN JUAN PR 00918,551-230-2638,02/27/2020,IFE-063,,"MILES PASCHINI, FRANK J. SERRA",,YES,1,https://concesionarios.ocif.pr.gov/es/License/Index?LicenseTypeFilter=ENTIDAD+FINANCIERA+INTERNACIONAL&Page=1&PageSize=100,2026-08-26T15:58:34+00:00,,,,,,,,unknown
8f5fe549ff0a30ec4f54670ddde86e0718bcd1fa52d45a6d65a75d7f521b2754,ENTIDAD FINANCIERA INTERNACIONAL,"GAMMA INTERNATIONAL BANK, INC.",,ACTIVA,OCHOA BLDG. SUITE 305 500 TANCA STREET SAN JUAN PR 00901,,03/18/2021,IFE-066,,"PELAYO TRONCOSO, DAVID GALARZA-SOSA, ESQ",,YES,1,https://concesionarios.ocif.pr.gov/es/License/Index?LicenseTypeFilter=ENTIDAD+FINANCIERA+INTERNACIONAL&Page=1&PageSize=100,2026-08-26T15:58:34+00:00,,,,,,,,unknown
34faf076906fae30fd6c26153867e90df32b68623c2ba8ae06714f03fcbfc362,ENTIDAD FINANCIERA INTERNACIONAL,"INNOVATION TRUST BANK INTERNATIONAL HOLDINGS, INC.",,ACTIVA,"PILOTO 151, 1413 AVE. PONCE DE LEON 4TH FLOOR, SUITE 16 SAN JUAN PR 00907",939-357-2215,12/08/2021,IFE-069,,"Nathan Pierce, Jessica Colon, Jessybel A. Matos, OMAR FELIU",,YES,1,https://concesionarios.ocif.pr.gov/es/License/Index?LicenseTypeFilter=ENTIDAD+FINANCIERA+INTERNACIONAL&Page=1&PageSize=100,2026-08-26T15:58:34+00:00,,,,,,,,unknown
f69314d94148648095a569acd1060b851f454e7fb1ebd3111d10231059a6ec81,ENTIDAD FINANCIERA INTERNACIONAL,"INNOVATION TRUST BANK INTERNATIONAL, INC.",,ACTIVA,"PILOTO 151, 1413 AVE. PONCE DE LEON 4TH FLOOR, SUITE 18 SAN JUAN PR 00907",939-357-2215,12/08/2021,IFE-068,,"Nathan Pierce, Mufaro A. Dube, Jose E. Catala, OMAR FELIU",,YES,1,https://concesionarios.ocif.pr.gov/es/License/Index?LicenseTypeFilter=ENTIDAD+FINANCIERA+INTERNACIONAL&Page=1&PageSize=100,2026-08-26T15:58:34+00:00,,,,,,,,unknown
2c10ea7c1b20174ec971804188c8625b702863d8c61877722bb8f8fc33407e3e,ENTIDAD FINANCIERA INTERNACIONAL,INTERNATIONAL UNION BANK LLC,,PENDIENTE DE LIQUIDACION,"MCS PLAZA, SUITE 1410 255 PONCE DE LEON AVE. SAN JUAN PR 00917",787-300-3435,07/13/2017,IFE-047,,"Luis Guillermo Degwithz B, Ismary Freitez",,YES,1,https://concesionarios.ocif.pr.gov/es/License/Index?LicenseTypeFilter=ENTIDAD+FINANCIERA+INTERNACIONAL&Page=1&PageSize=100,2026-08-26T15:58:34+00:00,,,,,,,,unknown
e01bf3e9b0b1a7f95c652f9744e790960dcfbaa28f8c6dcd1f70191908ae5eaf,ENTIDAD FINANCIERA INTERNACIONAL,"ITA INTERNATIONAL FINANCIAL SERVICES, CORP.",,ACTIVA,B7 TABONUCO STREET SUITE 1101 GUAYNABO PR 00968,305-603-1400,12/10/2018,IFE-055,,"IRIS LOPEZ, DANIEL SANTOS",,YES,1,https://concesionarios.ocif.pr.gov/es/License/Index?LicenseTypeFilter=ENTIDAD+FINANCIERA+INTERNACIONAL&Page=1&PageSize=100,2026-08-26T15:58:34+00:00,,,,,,,,unknown
4610f95b9dede7c09e6f08b2fdbdf9eeb5b4e31469015392689bb838b2af89b6,ENTIDAD FINANCIERA INTERNACIONAL,"J.J. BEST BANK & CO. INTERNATIONAL, LLC",,ACTIVA PENDIENTE DE RENOVAR,8 CALLE SOL SUITE 2 SAN JUAN PR 00901,508-991-8000,12/10/2018,IFE-056,,,,YES,1,https://concesionarios.ocif.pr.gov/es/License/Index?LicenseTypeFilter=ENTIDAD+FINANCIERA+INTERNACIONAL&Page=1&PageSize=100,2026-08-26T15:58:34+00:00,,,,,,,,unknown
e04ece75f2b929e3cc78c824c9887c8dbef0272db2452cf69d8f2c688edf3565,ENTIDAD FINANCIERA INTERNACIONAL,"JURISSA INTERNATIONAL BANK, INC.",,ACTIVA PENDIENTE DE RENOVAR,1311 PONCE DE LEON SUITE 502 SAN JUAN PR 00907,,11/14/2024,IFE-074,,"MARCOS RODRIGUEZ-EMA, ESQ",,NO,1,https://concesionarios.ocif.pr.gov/es/License/Index?LicenseTypeFilter=ENTIDAD+FINANCIERA+INTERNACIONAL&Page=1&PageSize=100,2026-08-26T15:58:34+00:00,,,,,,,,unknown
04f6ec946f679492b85256520b6fc710a68fcf2cc14f2f3cfe944effbea7759b,ENTIDAD FINANCIERA INTERNACIONAL,"KAPITAL BANK INTERNATIONAL, INC.",,ACTIVA,"CITI VIEW PLAZA I, 48 ROAD 165, SUITE 300 GUAYNABO PR 00968-8031",787-300-3463,12/13/2018,IFE-057,,"EDUARDO PIZARRO, Jamiel Santiago, JOHNNY ALEXIS FERNANDES",,YES,1,https://concesionarios.ocif.pr.gov/es/License/Index?LicenseTypeFilter=ENTIDAD+FINANCIERA+INTERNACIONAL&Page=1&PageSize=100,2026-08-26T15:58:34+00:00,,,,,,,,unknown
256c13d347ab3c19704a2fa8a402273caf906df1bb4e062fbe992ed4c239ac86,ENTIDAD FINANCIERA INTERNACIONAL,"MEDICI BANK INTERNATIONAL, LLC",,ACTIVA PENDIENTE DE TRAMITE ADMINISTRATIVO,1250 PONCE DE LEON AVE SUITE 301 SAN JUAN PR 00907,787-563-9290,09/26/2016,IFE-030,,"JAVIER ORRIA, Arturo Tous, Edward James Boyle",,YES,1,https://concesionarios.ocif.pr.gov/es/License/Index?LicenseTypeFilter=ENTIDAD+FINANCIERA+INTERNACIONAL&Page=1&PageSize=100,2026-08-26T15:58:34+00:00,,,,,,,,unknown
de653be99c12bead1ef27fa23df6a623476eb2599db4fb0cffd95edc6a0a6f9e,ENTIDAD FINANCIERA INTERNACIONAL,MERCANTILE BANK INTERNATIONAL CORP,,PENDIENTE DE LIQUIDACION,604 HOARE STREET SUITE 302 SAN JUAN PR 00907,917-645-2134,03/08/2019,IFE-060,,"Robert Collins, Nick Varelakis, Rene Carson, Yarot Lafontaine, Esq., Jose Sosa",,YES,1,https://concesionarios.ocif.pr.gov/es/License/Index?LicenseTypeFilter=ENTIDAD+FINANCIERA+INTERNACIONAL&Page=1&PageSize=100,2026-08-26T15:58:34+00:00,,,,,,,,unknown
d6655a7c9157a039e656eac56270e3f1458364e2e773f3f1975499994b009de7,ENTIDAD FINANCIERA INTERNACIONAL,"MMG BANK INTERNATIONAL, INC.",,ACTIVA,250 AVE. MUÑOZ RIVERA SUITE 315 SAN JUAN PR 00918,787-274-9392,03/23/2022,IFE-070,,"JOSE MERHEB, CARLA MATOS CABRERA, ESQ",,YES,1,https://concesionarios.ocif.pr.gov/es/License/Index?LicenseTypeFilter=ENTIDAD+FINANCIERA+INTERNACIONAL&Page=1&PageSize=100,2026-08-26T15:58:34+00:00,,,,,,,,unknown
95234246141cdb2e8b03fea48f083fb90aafe6b43269f47696ab7927c3c04b7f,ENTIDAD FINANCIERA INTERNACIONAL,NEW WORLD BANK INTERNATIONAL CORPORATION,,ACTIVA PENDIENTE DE RENOVAR,450 AVE DE LA CONSTITUCION SUITE 200 SAN JUAN PR 00901,787-400-6789,08/15/2018,IFE-053,,"Jose L. Camacho, ROSANA SIBERIO",,YES,1,https://concesionarios.ocif.pr.gov/es/License/Index?LicenseTypeFilter=ENTIDAD+FINANCIERA+INTERNACIONAL&Page=1&PageSize=100,2026-08-26T15:58:34+00:00,,,,,,,,unknown
e82a807f7b1fee4a85f7f7d1cec77455d7334bbfc36e29e30d9db543fa9761cd,ENTIDAD FINANCIERA INTERNACIONAL,"NEXT BANK INTERNATIONAL, INC.",,PENDIENTE DE LIQUIDACION,"252 PONCE DE LEON AVE. 11TH FLOOR, SUITE 1100 SAN JUAN PR 00918",787-918-8101,06/20/2018,IFE-051,,"CARLA MENDEZ, JESUS M. RODRIGUEZ COTTO",,YES,1,https://concesionarios.ocif.pr.gov/es/License/Index?LicenseTypeFilter=ENTIDAD+FINANCIERA+INTERNACIONAL&Page=1&PageSize=100,2026-08-26T15:58:34+00:00,,,,,,,,unknown
67b2a093eace4291f5e2cfb3c41e22ad50ecbb2f38a26ea5baedf1eb87043588,ENTIDAD FINANCIERA INTERNACIONAL,"OLIBANK INTERNATIONAL, INC.",,ACTIVA,CITI TOWERS SUITE 902 252 PONCE DE LEON AVE. SAN JUAN PR 00918,800-615-1654,11/01/2021,IFE-067,,"ROMEO JUHASZ, Ariadna Santo Domingo, Jaime Rafael Ortiz",,YES,1,https://concesionarios.ocif.pr.gov/es/License/Index?LicenseTypeFilter=ENTIDAD+FINANCIERA+INTERNACIONAL&Page=1&PageSize=100,2026-08-26T15:58:34+00:00,,,,,,,,unknown
176d50e0b2a053ee673f4c10af2b61fd8561168b2f0007526b0e7dd094e9d8c7,ENTIDAD FINANCIERA INTERNACIONAL,"PR ASSET PORTFOLIO 2013-1 INTERNATIONAL, LLC",,PENDIENTE DE LIQUIDACION,15 MUÑOZ RIVERA AVE. SUITE 118 SAN JUAN PR 00901,561-273-6951,03/21/2013,IFE-01,,"JUAN CARLOS BATTLE, John Johnson",,YES,1,https://concesionarios.ocif.pr.gov/es/License/Index?LicenseTypeFilter=ENTIDAD+FINANCIERA+INTERNACIONAL&Page=1&PageSize=100,2026-08-26T15:58:34+00:00,,,,,,,,unknown
717b6d679e12ca237337fed707d52b6da3a88cf52b6223e0b793bb56c3294992,ENTIDAD FINANCIERA INTERNACIONAL,"PROPEL INTERNATIONAL BANK, INC.",,ACTIVA,450 AVENIDA DE LA CONSTITUCION SUITE 200 SAN JUAN PR 00901,,11/21/2025,IFE-076,,JOSE A. SOSA LLORENS,,NO,1,https://concesionarios.ocif.pr.gov/es/License/Index?LicenseTypeFilter=ENTIDAD+FINANCIERA+INTERNACIONAL&Page=1&PageSize=100,2026-08-26T15:58:34+00:00,,,,,,,,unknown
9e108944660db3cf462a097cfffac3521d47e761c9f9dbf79301c3dac7884815,ENTIDAD FINANCIERA INTERNACIONAL,"STANDARD INTERNATIONAL BANK, LLC",,PENDIENTE DE LIQUIDACION,250 MUÑOZ RIVERA AVE. AIP SUITE 330 SAN JUAN PR 00918,787-433-4585,09/18/2015,IFE-022,,"Maria Diaz, Norberto Pagan",,YES,1,https://concesionarios.ocif.pr.gov/es/License/Index?LicenseTypeFilter=ENTIDAD+FINANCIERA+INTERNACIONAL&Page=1&PageSize=100,2026-08-26T15:58:34+00:00,,,,,,,,unknown
82331a5aa601895ba005b4d71423e99df1d94668b8d3cfe8309beb81d9ac8a27,ENTIDAD FINANCIERA INTERNACIONAL,STERN INTERNATIONAL BANK LLC,,ACTIVA,METRO OFFICE PARK 3 3 CALLE 1 GUAYNABO PR 00968,787-234-2319,06/07/2017,IFE-044,,"Alexander Silver, ALBERTO COLON LOPEZ, TERESITA CASELLAS",,YES,1,https://concesionarios.ocif.pr.gov/es/License/Index?LicenseTypeFilter=ENTIDAD+FINANCIERA+INTERNACIONAL&Page=1&PageSize=100,2026-08-26T15:58:34+00:00,,,,,,,,unknown
f3a14950fce99bbb8a661a6295f14a73edc2bb656d02ed52f7d4c7a6a2a4b184,ENTIDAD FINANCIERA INTERNACIONAL,STRATEGIC BANK INTERNATIONAL CORP.,,PENDIENTE DE LIQUIDACION,"1225 Ponce de León Ave. VIG Tower, Suite 705 SAN JUAN PR 00907",(787) 628-2775,03/01/2017,IFE-038,,CARMEN G. SZENDREY,,YES,1,https://concesionarios.ocif.pr.gov/es/License/Index?LicenseTypeFilter=ENTIDAD+FINANCIERA+INTERNACIONAL&Page=1&PageSize=100,2026-08-26T15:58:34+00:00,,,,,,,,unknown
7004d772185ef7dd49e154e7ac0d79d59857a72e38ba65df51f66e78d0fc54ae,ENTIDAD FINANCIERA INTERNACIONAL,THE MONEY HOUSE INTERNATIONAL,,ACTIVA,52 PASEO COVADONGA SAN JUAN PR 00901,787-993-0771,05/18/2015,IFE-018,,DAVID LEVIS-MARQUEZ,,YES,1,https://concesionarios.ocif.pr.gov/es/License/Index?LicenseTypeFilter=ENTIDAD+FINANCIERA+INTERNACIONAL&Page=1&PageSize=100,2026-08-26T15:58:34+00:00,,,,,,,,unknown
d6d1e4377dd2c77b678083a20c86ef2bebd1322fb5173a7fbcc45e1b437c165b,ENTIDAD FINANCIERA INTERNACIONAL,TOLOMEO BANK INTERNATIONAL CORP.,,ACTIVA,270 MUNOZ RIVERA AVE SUITE 504 SAN JUAN PR 00918,787-999-8600,05/19/2017,IFE-043,,"MARIANNA RANALLI, Laura L. Abraham, SAMUEL CALDERO, ROGER DUERIG",,YES,1,https://concesionarios.ocif.pr.gov/es/License/Index?LicenseTypeFilter=ENTIDAD+FINANCIERA+INTERNACIONAL&Page=1&PageSize=100,2026-08-26T15:58:34+00:00,,,,,,,,unknown
421834a687fbdaab48112169c71f941cfcdfbb648bb9f8fae90641c40f1a7546,ENTIDAD FINANCIERA INTERNACIONAL,TRIVEBANK INTERNATIONAL CORP.,,ACTIVA PENDIENTE DE RENOVAR,"1473 WILSON ST., SUITE 404 CONDADO SAN JUAN PR 00907",787-942-0639,03/13/2020,IFE-064,,FRANCISCO JAVIER RIVERA,,YES,1,https://concesionarios.ocif.pr.gov/es/License/Index?LicenseTypeFilter=ENTIDAD+FINANCIERA+INTERNACIONAL&Page=1&PageSize=100,2026-08-26T15:58:34+00:00,,,,,,,,unknown
4cdb104d317c3e37f2d2c5652a74e9af414f49e77061bd22666546e82b66aed1,ENTIDAD FINANCIERA INTERNACIONAL,"VAUBAN INTERNATIONAL BANK, CORPORATION",,ACTIVA,"Lot K-2 Marginal St., Suite 101 Oasis Gardens Development GUAYNABO PR 00969",787-230-1808,04/27/2018,IFE-048,,"WILLIAM VIDAL, JOSE C. SANCHEZ-CASTRO",,YES,1,https://concesionarios.ocif.pr.gov/es/License/Index?LicenseTypeFilter=ENTIDAD+FINANCIERA+INTERNACIONAL&Page=1&PageSize=100,2026-08-26T15:58:34+00:00,,,,,,,,unknown
5c77db07cdd196a73ce818df422bb60caab8ece285518b9827e534cac821ff3c,ENTIDAD FINANCIERA INTERNACIONAL,WTC INTERNATIONAL BANK CORPORATION,,ACTIVA,"270 Muñoz Rivera Ave., Suite 320 San Juan PR 00918",787-622-0060,07/19/2018,IFE-052,,"IVAN HOOPER, Sandra Collazo",,YES,1,https://concesionarios.ocif.pr.gov/es/License/Index?LicenseTypeFilter=ENTIDAD+FINANCIERA+INTERNACIONAL&Page=1&PageSize=100,2026-08-26T15:58:34+00:00,,,,,,,,unknown
430709aa2f24cbf402e4700d28a8a21d5b75dcf26c8e936d525754ba038c069c,ENTIDAD FINANCIERA INTERNACIONAL,"ZENUS BANK INTERNATIONAL, INC.",,ACTIVA PENDIENTE DE RENOVAR,"252 PONCE DE LEON, PISO 19 CITI TOWERS SAN JUAN PR 00918",787-910-6141,08/09/2019,IFE-061,,,,YES,1,https://concesionarios.ocif.pr.gov/es/License/Index?LicenseTypeFilter=ENTIDAD+FINANCIERA+INTERNACIONAL&Page=1&PageSize=100,2026-08-26T15:58:34+00:00,,,,,,,,unknown
66f2a258def1959b06c774365b91840eb264641e1075f1f08b398e9309b12a86,ENTIDAD BANCARIA INTERNACIONAL,"BANCARIBE INTERNATIONAL BANK, INC.",,ACTIVA,EDIF. BOLIVA 33 PISO 7 ST 8-A 33 CALLE BOLIVIA SAN JUAN PR 00917,787-523-1000,02/22/2010,EBI-62,,"ENGELBERT RODRIGUEZ, Carlos Fernandez",,YES,1,https://concesionarios.ocif.pr.gov/es/License/Index?LicenseTypeFilter=ENTIDAD+BANCARIA+INTERNACIONAL&Page=1&PageSize=100,2026-08-26T15:58:34+00:00,,,,,,,,unknown
315f6b31de37915bf3151b9c462b68015b5373cd58f34eddb9a177c4f28e1e01,ENTIDAD BANCARIA INTERNACIONAL,Banco Popular De Puerto Rico-International Banking Center,,ACTIVA,209 MUÑOZ RIVERA HATO REY PR 00918,787-723-7210,12/22/1992,EBI-010,,"MAGDA REXACH, Johnny Fernandez, NICOLE M. LOUBRIEL VILA",,YES,1,https://concesionarios.ocif.pr.gov/es/License/Index?LicenseTypeFilter=ENTIDAD+BANCARIA+INTERNACIONAL&Page=1&PageSize=100,2026-08-26T15:58:34+00:00,,,,,,,,unknown
c8d1c57dfdcbaa176131b60c5eda9d4c7a13432534b7087c7e8f11d42675a17b,ENTIDAD BANCARIA INTERNACIONAL,"BANCO SAN JUAN INTERNACIONAL, INC.",,ACTIVA,GALERIA SAN PATRICIO ST 207 B-5 CALLE TABONUCO GUAYNABO PR 00968,787-767-2605,07/22/2011,EBI-64,,Pedro Fabian Crespo Bravo,,YES,1,https://concesionarios.ocif.pr.gov/es/License/Index?LicenseTypeFilter=ENTIDAD+BANCARIA+INTERNACIONAL&Page=1&PageSize=100,2026-08-26T15:58:34+00:00,,,,,,,,unknown
c9565c3873a6bce63f521668b931be2108ff361a7590c742257fcab67b1a448a,ENTIDAD BANCARIA INTERNACIONAL,BANCOLOMBIA PUERTO RICO INTERNACIONAL INC.,,ACTIVA,270 AVE.MUNOZ RIVERA SUITE 502 HATO REY PR 00918,7877565511,04/03/1998,EBI-027,,"SAMUEL CALDERO, Johnny Rijos",,YES,1,https://concesionarios.ocif.pr.gov/es/License/Index?LicenseTypeFilter=ENTIDAD+BANCARIA+INTERNACIONAL&Page=1&PageSize=100,2026-08-26T15:58:34+00:00,,,,,,,,unknown
a6d528709d59a0ff21330d59b97e21c4e485a5c5347b33eea58d15be78e44c57,ENTIDAD BANCARIA INTERNACIONAL,BANCREDITO INTERNATIONAL BANK & TRUST CORPORATION,,PENDIENTE DE LIQUIDACION,270 Ave. Muñoz Rivera Suite 504 SAN JUAN PR 00918,787-274-1678,02/03/2009,EBI-58,,"Gregorio D'Andrea Diotaiuti, Ana Mercedes Faria Jove",,YES,1,https://concesionarios.ocif.pr.gov/es/License/Index?LicenseTypeFilter=ENTIDAD+BANCARIA+INTERNACIONAL&Page=1&PageSize=100,2026-08-26T15:58:34+00:00,,,,,,,,unknown
ac0e9148427de17d5f08858470fb5d4327dfe7732bd1ca2b55cde93729ae9651,ENTIDAD BANCARIA INTERNACIONAL,BNC INTERNATIONAL BANKING CORPORATION,,ACTIVA,221 AVE. PONCE DE LEON SUITE 701 SAN JUAN PR 00917-1811,7877654440,10/19/1994,EBI-012,,"VICTORIA NOGUEROLES, MINELI RIVERA, GREGORIO D'ANDREA",,YES,1,https://concesionarios.ocif.pr.gov/es/License/Index?LicenseTypeFilter=ENTIDAD+BANCARIA+INTERNACIONAL&Page=1&PageSize=100,2026-08-26T15:58:34+00:00,,,,,,,,unknown
b59b586c45d4b467af93a6725d05957933b0f0308ce434c2bead7bc1c94c5d72,ENTIDAD BANCARIA INTERNACIONAL,"CITIBANK, N.A (PUERTO RICO BRANCH) INTERNATIONAL BANKING ENTITY",,ACTIVA,"235 FEDERICO COSTA ST, SUITE 315 SAN JUAN PR 00918",787-766-2047,08/22/1986,EBI-001,,"JOANNA ARIAS, TAMARA VANESSA MONTALVO ACEVEDO, JONATHAN MORALES",,YES,1,https://concesionarios.ocif.pr.gov/es/License/Index?LicenseTypeFilter=ENTIDAD+BANCARIA+INTERNACIONAL&Page=1&PageSize=100,2026-08-26T15:58:34+00:00,,,,,,,,unknown
7fe4495f854f8ec93cfc298302c90135a0dc9deed24395c02ee5a9522c133fe4,ENTIDAD BANCARIA INTERNACIONAL,ENCANTO INTERNATIONAL LLC,,PENDIENTE DE LIQUIDACION,"370 HARBOUR DR, PALMAS DEL MAR HUMACAO PR 00791",,05/13/2014,EBI-69,,"STEVE STEWART, Humberto Malave",,YES,1,https://concesionarios.ocif.pr.gov/es/License/Index?LicenseTypeFilter=ENTIDAD+BANCARIA+INTERNACIONAL&Page=1&PageSize=100,2026-08-26T15:58:34+00:00,,,,,,,,unknown
8b1d020382eb1a43beacb7614d9a8bf5d3a8b32aab96b03b68ddc8563a1ea636,ENTIDAD BANCARIA INTERNACIONAL,FACEBANK INTERNATIONAL CORPORATION,,ACTIVA,17 CALLE 2 SUITE 600 METRO OFFICE PARK GUAYNABO PR 00968,787-749-0051,10/02/2006,EBI-51,,Jairo Amaro,,YES,1,https://concesionarios.ocif.pr.gov/es/License/Index?LicenseTypeFilter=ENTIDAD+BANCARIA+INTERNACIONAL&Page=1&PageSize=100,2026-08-26T15:58:34+00:00,,,,,,,,unknown
fc0260f604f3342e63574705ba5f8290ed6c0fa9eb6b371ffdcdf28ce729a5d1,ENTIDAD BANCARIA INTERNACIONAL,FIRST BANK OVERSEAS CORP.,,ACTIVA,AVE. ARTERIAL HOSTOS CALLE 2 SAN JUAN PR 00908-0146,787-729-8054,12/12/2003,EBI-044,,"NAYDA RIVERA, Victor Barreras, Maria Luisa Ayala, NORBERTO GONZALEZ",,YES,1,https://concesionarios.ocif.pr.gov/es/License/Index?LicenseTypeFilter=ENTIDAD+BANCARIA+INTERNACIONAL&Page=1&PageSize=100,2026-08-26T15:58:34+00:00,,,,,,,,unknown
9db3b85fdefda90680f42a3bb23929771d33c787081bb57a7b444f7c89a6165c,ENTIDAD BANCARIA INTERNACIONAL,FIRSTBANK INTERNATIONAL BRANCH,,ACTIVA,EDIF. FIRSTBANK SANTURCE PR 00908-0146,7877298113,12/29/1995,EBI-014,,"NAYDA RIVERA, Maria Luisa Ayala, Victor Barreras, NORBERTO GONZALEZ",,YES,1,https://concesionarios.ocif.pr.gov/es/License/Index?LicenseTypeFilter=ENTIDAD+BANCARIA+INTERNACIONAL&Page=1&PageSize=100,2026-08-26T15:58:34+00:00,,,,,,,,unknown
db70303cd8b99725714b607f21cddd77c22c911ca698cd051f36b165df5aa916,ENTIDAD BANCARIA INTERNACIONAL,"INSIGNEO SECURITIES, LLC",,ACTIVA,PARQUE LAS AMERICAS I 235 CALLE FEDERICO COSTA SAN JUAN PR 00918,787-756-4998,03/01/1999,EBI-031,,"Moises Valladares, MIGUEL RIVERA, OLGA BIGAS",,YES,1,https://concesionarios.ocif.pr.gov/es/License/Index?LicenseTypeFilter=ENTIDAD+BANCARIA+INTERNACIONAL&Page=1&PageSize=100,2026-08-26T15:58:34+00:00,,,,,,,,unknown
a6e38fdcbe34724b7ca0d96e768984a4f093da312e8d92425f0b94371dda88cf,ENTIDAD BANCARIA INTERNACIONAL,"ITALBANK INTERNATIONAL, INC.",,ACTIVA,"Bolivia 33, Suite 1-A SAN JUAN PR 00917-1923",7875231513,12/29/2008,EBI-56,,ROGELIO CARDOSO,,YES,1,https://concesionarios.ocif.pr.gov/es/License/Index?LicenseTypeFilter=ENTIDAD+BANCARIA+INTERNACIONAL&Page=1&PageSize=100,2026-08-26T15:58:34+00:00,,,,,,,,unknown
3a26e1c83db469e1e7f87a47bdc009d3d0bff542402e3f7290b7a1ae3447e039,ENTIDAD BANCARIA INTERNACIONAL,LOOP INTERNATIONAL BANK CORP.,,ACTIVA PENDIENTE DE RENOVAR,"PLAZA SUCHVILLE, SUITE 206 97 CARR. #2 GUAYNABO PR 00966",787-449-5533,06/04/1999,EBI-032,,"GREG JACOBSON, IVANISSE MORALES TIRADO",,YES,1,https://concesionarios.ocif.pr.gov/es/License/Index?LicenseTypeFilter=ENTIDAD+BANCARIA+INTERNACIONAL&Page=1&PageSize=100,2026-08-26T15:58:34+00:00,,,,,,,,unknown
04908bfa163f463c1d158b8657287ad8957f5015a625827bc51597915db48c40,ENTIDAD BANCARIA INTERNACIONAL,"NODUS INTERNATIONAL BANK, INC.",,PENDIENTE DE LIQUIDACION,"252 Ponce de León Ave. Citi Towers Bldg, Suite 1501 SAN JUAN PR 00918",787-281-1919,11/17/2009,EBI-60,,"JORGE MIRO, Jesus M. Velez Domench, Tomas Niembro",,YES,1,https://concesionarios.ocif.pr.gov/es/License/Index?LicenseTypeFilter=ENTIDAD+BANCARIA+INTERNACIONAL&Page=1&PageSize=100,2026-08-26T15:58:34+00:00,,,,,,,,unknown
3086a1673ba86598db67e6a4117b8097220f1670f430fdff50ec13228ff1aebb,ENTIDAD BANCARIA INTERNACIONAL,"OMEGA OVERSEAS INVESTMENTS,INC.",,ACTIVA,"PROFESSIONAL OFFICE PARK II, SUITE 101 1001 CALLE SAN ROBERTO SAN JUAN PR 00926",787-250-0033,12/15/2004,EBI-049,,"MILTON JIMENEZ, JOSE E. FERNANDEZ BJERG",,YES,1,https://concesionarios.ocif.pr.gov/es/License/Index?LicenseTypeFilter=ENTIDAD+BANCARIA+INTERNACIONAL&Page=1&PageSize=100,2026-08-26T15:58:34+00:00,,,,,,,,unknown
cd9597ce6b5fd29122eafe0e88f1d07ceb3936ca195c380c9bfc64fffbeb2222,ENTIDAD BANCARIA INTERNACIONAL,ORIENTAL INTERNATIONAL BANK INC,,ACTIVA,"ORIENTAL CENTER, 14 TH FL 254 MUÑOZ RIVERA AVE SAN JUAN PR 00918",787-771-6800,12/22/2003,EBI-045,,"HUMBERTO GONZALEZ, MAYRA N MALPICA RIVERA",,YES,1,https://concesionarios.ocif.pr.gov/es/License/Index?LicenseTypeFilter=ENTIDAD+BANCARIA+INTERNACIONAL&Page=1&PageSize=100,2026-08-26T15:58:34+00:00,,,,,,,,unknown
0585e0a8b631f277074c3160812b3c216680597e2a49f38f8504c7b9d0e53e86,ENTIDAD BANCARIA INTERNACIONAL,ORIENTAL OVERSEAS,,ACTIVA,ORIENTAL CENTER PISO 14 254 AVE MUNOZ RIVERA SAN JUAN PR 00918,787-777-2388,09/13/2000,EBI-039,,"HUMBERTO GONZALEZ, Yarisi Calo, MAYRA MALPICA",,YES,1,https://concesionarios.ocif.pr.gov/es/License/Index?LicenseTypeFilter=ENTIDAD+BANCARIA+INTERNACIONAL&Page=1&PageSize=100,2026-08-26T15:58:34+00:00,,,,,,,,unknown
2ff9e737e04b5dcc700f0df4e788387e9124c91490fb301d293782d3245a9273,ENTIDAD BANCARIA INTERNACIONAL,"POPULAR INTERNATIONAL BANK, INC.",,ACTIVA,POPULAR CENTER PISO 5 209 AVE. PONCE DE LEON HATO REY PR 00918,7877676299,10/30/1992,EBI-009,,"LORI LASTRA, IRIS IRIZARRY",,YES,1,https://concesionarios.ocif.pr.gov/es/License/Index?LicenseTypeFilter=ENTIDAD+BANCARIA+INTERNACIONAL&Page=1&PageSize=100,2026-08-26T15:58:34+00:00,,,,,,,,unknown
ef0716a37face545d3945a1a241d5a6c4f14dce5fa91ad962216b975a9c6f1fc,ENTIDAD BANCARIA INTERNACIONAL,TBB INTERNATIONAL BANK CORP.,,PENDIENTE DE LIQUIDACION,221 AVE. PONCE DE LEON SUITE 1101 SAN JUAN PR 00917,787-523-1560,03/30/2009,EBI-59,,"NITZA PAGAN, Francisco J. Vizcarrondo, Gabriel Viera, Olga Vaquer",,YES,1,https://concesionarios.ocif.pr.gov/es/License/Index?LicenseTypeFilter=ENTIDAD+BANCARIA+INTERNACIONAL&Page=1&PageSize=100,2026-08-26T15:58:34+00:00,,,,,,,,unknown
e682cb3c5ccc62f39f5bf67413f755a0b2d0c3d42c476343df33d6fe665c0fbf,ENTIDAD BANCARIA INTERNACIONAL,UNITED INTERNATIONAL BANK CORP,,ACTIVA,100 CARR. 165 Suite 606 GUAYNABO PR 00968,,06/12/2007,EBI-53,,"Mineli Rivera, Mariela Torres, MARCELO ALFARO, MICHELLE M MAS",290229,YES,1,https://concesionarios.ocif.pr.gov/es/License/Index?LicenseTypeFilter=ENTIDAD+BANCARIA+INTERNACIONAL&Page=1&PageSize=100,2026-08-26T15:58:34+00:00,,,,,,,,unknown
5e6bb293a838d6dd314fcdcca80bee5f482ac161fcf87fc8d46a933dd36fe96e,FONDO DE CAPITAL PRIVADO LEY 185-2014,Acrecent Income Fund LLC,,ACTIVA,,,04/20/2016,,,,,NO,1,https://concesionarios.ocif.pr.gov/es/License/Index?LicenseTypeFilter=FONDO+DE+CAPITAL+PRIVADO+LEY+185-2014&Page=1&PageSize=100,2026-08-26T15:58:34+00:00,,,,,,,,unknown
398fc79d84c51e913b768becbd0e5bc73dffe7466543189a8f83fe66a91d4eea,FONDO DE CAPITAL PRIVADO LEY 185-2014,CIAC Consortium LLC,,ACTIVA,,,06/24/2016,,,,,NO,1,https://concesionarios.ocif.pr.gov/es/License/Index?LicenseTypeFilter=FONDO+DE+CAPITAL+PRIVADO+LEY+185-2014&Page=1&PageSize=100,2026-08-26T15:58:34+00:00,,,,,,,,unknown
db43fb1e423da1bdadc3c337ed5c614929a5d1ca5be2ade98a49dc7c4c738157,FONDO DE CAPITAL PRIVADO LEY 185-2014,CMG VENTURE FUND LLC,,ACTIVA,206 Calle de Tetuan Suite 903 Banco Popular Bldg San Juan PR 00901,(787) 725-5285,11/16/2018,,,Amarilys Rosa,,NO,1,https://concesionarios.ocif.pr.gov/es/License/Index?LicenseTypeFilter=FONDO+DE+CAPITAL+PRIVADO+LEY+185-2014&Page=1&PageSize=100,2026-08-26T15:58:34+00:00,,,,,,,,unknown
0dccfd69a64e6619bc5ca297c261742012966e2b7ac6ef7bd6862866665de1ab,FONDO DE CAPITAL PRIVADO LEY 185-2014,"Encanto Opportunity Fund I, LLC",,ACTIVA,,,12/22/2015,,,,,NO,1,https://concesionarios.ocif.pr.gov/es/License/Index?LicenseTypeFilter=FONDO+DE+CAPITAL+PRIVADO+LEY+185-2014&Page=1&PageSize=100,2026-08-26T15:58:34+00:00,,,,,,,,unknown
a13e90080918b3272bd3aecc0586b7cab43aa53ee7af3cac3c1cca16ab6b21f7,FONDO DE CAPITAL PRIVADO LEY 185-2014,GC Group Capital LLC,,ACTIVA,1492 Avenida Ponce De Leon Suite 503 San Juan PR 00907,787-723-8300,12/16/2016,,,Olivier Gillier,327968,NO,1,https://concesionarios.ocif.pr.gov/es/License/Index?LicenseTypeFilter=FONDO+DE+CAPITAL+PRIVADO+LEY+185-2014&Page=1&PageSize=100,2026-08-26T15:58:34+00:00,,,,,,,,unknown
b103b77305c6cc7d811f43a517e28825f86444b763eb574ff6e131ae350b1fc4,FONDO DE CAPITAL PRIVADO LEY 185-2014,"Green Isle Capital, LLC",,ACTIVA,Calle Angel Buomono #361 Industrial Tres Monjitas San Juan PR 00919,787-999-1616,12/30/2015,,,Carlos Nido,,NO,1,https://concesionarios.ocif.pr.gov/es/License/Index?LicenseTypeFilter=FONDO+DE+CAPITAL+PRIVADO+LEY+185-2014&Page=1&PageSize=100,2026-08-26T15:58:34+00:00,,,,,,,,unknown
448e76d67494e002117b56e088f5515b5f2604f9874e74b9e2052c76d046633d,FONDO DE CAPITAL PRIVADO LEY 185-2014,"Grupo Señorial, LLC",,ACTIVA,,,10/23/2018,,,,,NO,1,https://concesionarios.ocif.pr.gov/es/License/Index?LicenseTypeFilter=FONDO+DE+CAPITAL+PRIVADO+LEY+185-2014&Page=1&PageSize=100,2026-08-26T15:58:34+00:00,,,,,,,,unknown
20905b6d90d5ca1edd302280640c5c018e1095b9391558d7b6e5ac406dd0c768,FONDO DE CAPITAL PRIVADO LEY 185-2014,Guayacán Private Equity Fund LP III,,ACTIVA,206 Calle de Tetuan Suite 903 Banco Popular Bldg San Juan PR 00901,(787) 725-5285,10/28/2016,,,Amarilys Rosa,,NO,1,https://concesionarios.ocif.pr.gov/es/License/Index?LicenseTypeFilter=FONDO+DE+CAPITAL+PRIVADO+LEY+185-2014&Page=1&PageSize=100,2026-08-26T15:58:34+00:00,,,,,,,,unknown
9a4d3a0f09c8425b4f3eaba8d309add4c5efcdfa33240d410a7bc9e68e1a4aa9,FONDO DE CAPITAL PRIVADO LEY 185-2014,"IDEA PRESTO Fund I, LLC",,ACTIVA,,,09/21/2018,,,,,NO,1,https://concesionarios.ocif.pr.gov/es/License/Index?LicenseTypeFilter=FONDO+DE+CAPITAL+PRIVADO+LEY+185-2014&Page=1&PageSize=100,2026-08-26T15:58:34+00:00,,,,,,,,unknown
f5f75cd73aff5b9787e5d2bdf9241c9bf18a94a67ce1d0385c7e105332902a8e,FONDO DE CAPITAL PRIVADO LEY 185-2014,"Interlink Opportunity Fund I, LLC",,ACTIVA,"Villas de San Francisco Plaza I Ave de Diego #89, Suite 201 San Juan PR 00927",787-753-8455,12/17/2018,,,,,NO,1,https://concesionarios.ocif.pr.gov/es/License/Index?LicenseTypeFilter=FONDO+DE+CAPITAL+PRIVADO+LEY+185-2014&Page=1&PageSize=100,2026-08-26T15:58:34+00:00,,,,,,,,unknown
e11f1c8e59da7d4c32fc2bfa0bd7481b65df0530ea525b9247e0c2411109463f,FONDO DE CAPITAL PRIVADO LEY 185-2014,"Isla Verde Lending, LLC (antes CLG Debt Fund I, LLC)",,ACTIVA,,,04/04/2019,,,,,NO,1,https://concesionarios.ocif.pr.gov/es/License/Index?LicenseTypeFilter=FONDO+DE+CAPITAL+PRIVADO+LEY+185-2014&Page=1&PageSize=100,2026-08-26T15:58:34+00:00,,,,,,,,unknown
13c72c7a05e072308aa424512ebcd360eb5ec839d8e0ebf4800876a0f4246068,FONDO DE CAPITAL PRIVADO LEY 185-2014,Lift Puerto Rico Business Impact Fund,,ACTIVA,"Metro Office Park, Valencia Building 17, Street 2, Suite 640 Guaynabo PR 00968",787-706-9292,09/26/2018,,,Jorge Onrubia,,NO,1,https://concesionarios.ocif.pr.gov/es/License/Index?LicenseTypeFilter=FONDO+DE+CAPITAL+PRIVADO+LEY+185-2014&Page=1&PageSize=100,2026-08-26T15:58:34+00:00,,,,,,,,unknown
30a86401602e25ad878df2b7b5a2ce2596a8325982a28e6be6b775bd4e16146c,FONDO DE CAPITAL PRIVADO LEY 185-2014,"MGU Investments, LLC",,ACTIVA,"954 Ave. Ponce de Leon, Suite 501 San Juan PR 00906",787-448-8625,10/08/2020,,,"Brunelle Pérez,",,NO,1,https://concesionarios.ocif.pr.gov/es/License/Index?LicenseTypeFilter=FONDO+DE+CAPITAL+PRIVADO+LEY+185-2014&Page=1&PageSize=100,2026-08-26T15:58:34+00:00,,,,,,,,unknown
94ae66f9751205e241d11a83697727d0bcf67fb9767a3e0c17264c693a65f32d,FONDO DE CAPITAL PRIVADO LEY 185-2014,"Morro Ventures I, LP",,ACTIVA,"206 Calle Tetuan, Suite 903 Banco Popular Bldg San Juan PR 00902",(787) 725-5285,11/20/2018,,,Allison Kern,,NO,1,https://concesionarios.ocif.pr.gov/es/License/Index?LicenseTypeFilter=FONDO+DE+CAPITAL+PRIVADO+LEY+185-2014&Page=1&PageSize=100,2026-08-26T15:58:34+00:00,,,,,,,,unknown
0e831a0227495155063a9948774ef00d1274127d0a51e073778d1cc28e919eb9,FONDO DE CAPITAL PRIVADO LEY 185-2014,"Naven Investment Group, LLC",,ACTIVA,,,11/09/2016,,,,,NO,1,https://concesionarios.ocif.pr.gov/es/License/Index?LicenseTypeFilter=FONDO+DE+CAPITAL+PRIVADO+LEY+185-2014&Page=1&PageSize=100,2026-08-26T15:58:34+00:00,,,,,,,,unknown
54850d4c038dd47a5c18b56f19cfb85d15d72dcccac1ae3e211492dce0a12b84,FONDO DE CAPITAL PRIVADO LEY 185-2014,OSP Consortium II LLC,,ACTIVA,"1519 Ponce de Leon, Suite 1403 San Juan PR 00909",612-770-7050,10/25/2021,,,Francisco de Armas,,NO,1,https://concesionarios.ocif.pr.gov/es/License/Index?LicenseTypeFilter=FONDO+DE+CAPITAL+PRIVADO+LEY+185-2014&Page=1&PageSize=100,2026-08-26T15:58:34+00:00,,,,,,,,unknown
c35f5e6ad8408390fb356acd941626bee025e16d3d1fd7367aac11da205afffb,FONDO DE CAPITAL PRIVADO LEY 185-2014,"OSP Consortium, LLC",,ACTIVA,5050 France Ave Edina MN 55410,612-770-7050,07/27/2017,,,Francisco de Armas,,NO,1,https://concesionarios.ocif.pr.gov/es/License/Index?LicenseTypeFilter=FONDO+DE+CAPITAL+PRIVADO+LEY+185-2014&Page=1&PageSize=100,2026-08-26T15:58:34+00:00,,,,,,,,unknown
825ed3b57429c6763694b02ee63ff9e586601d36d913c66f231523d3b86a5717,FONDO DE CAPITAL PRIVADO LEY 185-2014,"Phorcys Real Estate Fund I, LP",,ACTIVA,"GAM Tower 2 Tabonuco Street, Suite 200 Guaynabo PR 00968",787-979-2163,07/13/2023,,,Rafael A. Pagán,,NO,1,https://concesionarios.ocif.pr.gov/es/License/Index?LicenseTypeFilter=FONDO+DE+CAPITAL+PRIVADO+LEY+185-2014&Page=1&PageSize=100,2026-08-26T15:58:34+00:00,,,,,,,,unknown
c94e1c3a81051d2a57557ea0e436c9d14f5c2fd4c80f60cd867e6763df305b34,FONDO DE CAPITAL PRIVADO LEY 185-2014,"Popular Mezzanine Fund, LLC",,ACTIVA,"Popular Center, 12th Floor 209 Muñoz Rivera Avenue San Juan PR 00918",787-766-6609,10/27/2021,,,Jorge E. Irigoyen,,NO,1,https://concesionarios.ocif.pr.gov/es/License/Index?LicenseTypeFilter=FONDO+DE+CAPITAL+PRIVADO+LEY+185-2014&Page=1&PageSize=100,2026-08-26T15:58:34+00:00,,,,,,,,unknown
b894edfe48929dd4a4ba1cafda919c891f604a4c216cd499412c18af6d79ae0c,FONDO DE CAPITAL PRIVADO LEY 185-2014,"REOF Capital Guefen Fund I, LLC",,ACTIVA,,,08/05/2016,,,,,NO,1,https://concesionarios.ocif.pr.gov/es/License/Index?LicenseTypeFilter=FONDO+DE+CAPITAL+PRIVADO+LEY+185-2014&Page=1&PageSize=100,2026-08-26T15:58:34+00:00,,,,,,,,unknown
a003cd8bd2c5989b637b915f426ba5fc7fd94d98741bd52f96bd24fa3a1c75e0,FONDO DE CAPITAL PRIVADO LEY 185-2014,"Sofia Fund, LLC",,ACTIVA,,,04/09/2020,,,,,NO,1,https://concesionarios.ocif.pr.gov/es/License/Index?LicenseTypeFilter=FONDO+DE+CAPITAL+PRIVADO+LEY+185-2014&Page=1&PageSize=100,2026-08-26T15:58:34+00:00,,,,,,,,unknown
0bcd8d5695372c9820cda581f0048f9db7e99375dbded47face67fdf3a9338c8,EXEMPT REPORTING ADVISORS,4S Fund Management LLC,,ACTIVA,580 Marginal Buchanan Suite 3A Guaynabo PR 00966,787-626-9015,01/09/2023,ERA 079,,Sender Shub,324505,NO,1,https://concesionarios.ocif.pr.gov/es/License/Index?LicenseTypeFilter=EXEMPT+REPORTING+ADVISORS&Page=1&PageSize=100,2026-08-26T15:58:35+00:00,,,,,,,,unknown
4de70c02129189c229d446217ac92e51faef05c68258644ed673d0c1d1f08f2e,EXEMPT REPORTING ADVISORS,7702 Investment Management LLC,,ACTIVA,3 The Glen Chapel Hill NC 27514,917-836-0339,02/23/2022,ERA 046,,Joel D Hornstein,319155,NO,1,https://concesionarios.ocif.pr.gov/es/License/Index?LicenseTypeFilter=EXEMPT+REPORTING+ADVISORS&Page=1&PageSize=100,2026-08-26T15:58:35+00:00,,,,,,,,unknown
1bf00e2dcab0077b50243c745f3b4a3e0bd1faf44e304d5626342ef06426205a,EXEMPT REPORTING ADVISORS,9606 Capital,,ACTIVA,53 Calle Las Palmeras St Suite 601 San Juan PR 00901,787-334-1492,01/03/2023,ERA 078,,Ned Mahic,324129,NO,1,https://concesionarios.ocif.pr.gov/es/License/Index?LicenseTypeFilter=EXEMPT+REPORTING+ADVISORS&Page=1&PageSize=100,2026-08-26T15:58:35+00:00,,,,,,,,unknown
2d4a6758162cc773d90f9401dfb25c62df5b0111f3464353166cbb1da62a349b,EXEMPT REPORTING ADVISORS,A.T. Gekko PR LLC,,ACTIVA,170 Dorado Beach East Dorado PR 00646,412-999-9264,02/14/2024,ERA 095,,Tommy Wang,318114,NO,1,https://concesionarios.ocif.pr.gov/es/License/Index?LicenseTypeFilter=EXEMPT+REPORTING+ADVISORS&Page=1&PageSize=100,2026-08-26T15:58:35+00:00,,,,,,,,unknown
ba797f0744cc77c13f923f2edf9dbad18769de4be1e546bf59a3c0cbf59de7d6,EXEMPT REPORTING ADVISORS,Acto Investment Group,,ACTIVA,200 Blvd de la Fuente Apt 21 San Juan PR 00926,787-370-8226,07/03/2024,ERA 107,,Iván Garau,332306,NO,1,https://concesionarios.ocif.pr.gov/es/License/Index?LicenseTypeFilter=EXEMPT+REPORTING+ADVISORS&Page=1&PageSize=100,2026-08-26T15:58:35+00:00,,,,,,,,unknown
35b5929d8279827b6329aef4167dcf170850a7459513801489b0eeaace5ba2e2,EXEMPT REPORTING ADVISORS,Adrenaline Management LLC,,ACTIVA,,,04/01/2024,ERA 097,,,,NO,1,https://concesionarios.ocif.pr.gov/es/License/Index?LicenseTypeFilter=EXEMPT+REPORTING+ADVISORS&Page=1&PageSize=100,2026-08-26T15:58:35+00:00,,,,,,,,unknown
c04c306569b5e1434610ee557d94dccf654b05281db12f6cf3e170b495a3d8b0,EXEMPT REPORTING ADVISORS,Advantage Capital LLC,,ACTIVA,"Amelia Industrial Park, Diana Street LOT #13 Guaynabo PR 00968",787-273-0811,11/14/2025,ERA 156,,Nubia Diaz Figueroa,339174,NO,1,https://concesionarios.ocif.pr.gov/es/License/Index?LicenseTypeFilter=EXEMPT+REPORTING+ADVISORS&Page=1&PageSize=100,2026-08-26T15:58:35+00:00,,,,,,,,unknown
d63b5e861ad1914dc3fc26afcd3acf783400380d98bbb6980670b6f877dd660c,EXEMPT REPORTING ADVISORS,"Advent-Morro Equity Partners, Inc.",,ACTIVA,"206 Tetuan Street Banco Popular Building, Suite 903 San Juan PR 00902",787-725-5285,09/13/2016,ERA 008,,Ernesto J. Torres,162930,NO,1,https://concesionarios.ocif.pr.gov/es/License/Index?LicenseTypeFilter=EXEMPT+REPORTING+ADVISORS&Page=1&PageSize=100,2026-08-26T15:58:35+00:00,,,,,,,,unknown
4a19a95852b1b1df25bb695c12225fec4b2a85b1fcee86fb20c345f96579910a,EXEMPT REPORTING ADVISORS,AGM 60 LLC,,ACTIVA,361 Calle Angel Buonomo San Juan PR 00918,787-406-2717,03/11/2025,ERA 117,,Carlos A. Nido,335355,NO,1,https://concesionarios.ocif.pr.gov/es/License/Index?LicenseTypeFilter=EXEMPT+REPORTING+ADVISORS&Page=1&PageSize=100,2026-08-26T15:58:35+00:00,,,,,,,,unknown
6132df6558623be5b70d9108cbc5035ab907040e9d4c90686b35c9b4828c18f1,EXEMPT REPORTING ADVISORS,"Alianza Management, LLC",,ACTIVA,1225 Ponce De León Suite PH-1650 San Juan PR 00907,305-537-6180,04/23/2025,ERA 131,,Angus Davis,,NO,1,https://concesionarios.ocif.pr.gov/es/License/Index?LicenseTypeFilter=EXEMPT+REPORTING+ADVISORS&Page=1&PageSize=100,2026-08-26T15:58:35+00:00,,,,,,,,unknown
d8e64397000e91c5cbf754a379cf2167cf592f855faebae527b0f8015c940416,EXEMPT REPORTING ADVISORS,"Alpha 10 Capital, LLC",,ACTIVA,3708 SW Coronado Street Portland OR 97219,503-389-8000,01/10/2018,ERA 016,,Bart Wical,289133,NO,1,https://concesionarios.ocif.pr.gov/es/License/Index?LicenseTypeFilter=EXEMPT+REPORTING+ADVISORS&Page=1&PageSize=100,2026-08-26T15:58:35+00:00,,,,,,,,unknown
65e2f81e24beb0073c970ddce6ceab75328f33faff9466b595ce91b2f751cafe,EXEMPT REPORTING ADVISORS,"Alphachain Capital, LLC",,ACTIVA,1407 Ave Ashford Apt 402 San Juan PR 00907,617-459-2155,01/12/2021,ERA 033,,Anny Chou,312285,NO,1,https://concesionarios.ocif.pr.gov/es/License/Index?LicenseTypeFilter=EXEMPT+REPORTING+ADVISORS&Page=1&PageSize=100,2026-08-26T15:58:35+00:00,,,,,,,,unknown
67bb21f8228e5d9798a9fc2b7f6ae9c82a6d14859bac1af992cf164b57363fec,EXEMPT REPORTING ADVISORS,Amadeus Capital Management LLC,,ACTIVA,598 calle A Esquire Matadora San Juan PR 00920,787-502-3978,01/23/2024,ERA 151,,Damian Vila Zorrilla,329669,NO,1,https://concesionarios.ocif.pr.gov/es/License/Index?LicenseTypeFilter=EXEMPT+REPORTING+ADVISORS&Page=1&PageSize=100,2026-08-26T15:58:35+00:00,,,,,,,,unknown
be15307a5cc8d978a921b782bd6f56d4b2c7b01a3cc26680fc191d306788c01d,EXEMPT REPORTING ADVISORS,"Ambria Capital, LLC",,ACTIVA,1311 Ave. Ponce De León Ste. 304 San Juan PR 00907,787-966-7821,02/25/2020,ERA 029,,Michael Sobeck,306975,NO,1,https://concesionarios.ocif.pr.gov/es/License/Index?LicenseTypeFilter=EXEMPT+REPORTING+ADVISORS&Page=1&PageSize=100,2026-08-26T15:58:35+00:00,,,,,,,,unknown
c0f95974c2b510f95ac2bd36c8a3009a11d64b158a7439423e748208d1d08cee,EXEMPT REPORTING ADVISORS,ARC Capital Management LLC,,ACTIVA,600 Franklin Ave Garden City NY 11530,855-489-3863,06/18/2025,ERA 126,,Jacky Xie,337561,NO,1,https://concesionarios.ocif.pr.gov/es/License/Index?LicenseTypeFilter=EXEMPT+REPORTING+ADVISORS&Page=1&PageSize=100,2026-08-26T15:58:35+00:00,,,,,,,,unknown
a6462360c01bd8c5fdd1444e1ef830f03d1c46afb5767cdba080fdd96599d8a3,EXEMPT REPORTING ADVISORS,"Arevilo Capital Management, LLC",,ACTIVA,"44 Calle Progreso, Corona Commercial Park Building 1, Suite 505 San Juan PR 00909-2522",787-553-9028,03/10/2017,ERA 013,,Francisco M. Olivera Dubón,,NO,1,https://concesionarios.ocif.pr.gov/es/License/Index?LicenseTypeFilter=EXEMPT+REPORTING+ADVISORS&Page=1&PageSize=100,2026-08-26T15:58:35+00:00,,,,,,,,unknown
1f9bb617457182b597fb9e6a0456cad306555a94dd6c19cfa64301b504494340,EXEMPT REPORTING ADVISORS,Asset Growth Managers LLC,,ACTIVA,1402 Plantation Village Dorado PR 00646,787-406-2717,11/21/2016,ERA 009,,Alberto Baco,286053,NO,1,https://concesionarios.ocif.pr.gov/es/License/Index?LicenseTypeFilter=EXEMPT+REPORTING+ADVISORS&Page=1&PageSize=100,2026-08-26T15:58:35+00:00,,,,,,,,unknown
0800ea2234d71bf65770e25b62cf4e5a02e3f3fccfbb8b46ec782f5ff39498ea,EXEMPT REPORTING ADVISORS,Atlantic Capital Management LLC,,ACTIVA,Urb. Paseo de la Fuente calle Tivoli A6 San Juan PR 00926,787-502-5904,11/20/2025,ERA 142,,Fernando Ortega Rivas,338987,NO,1,https://concesionarios.ocif.pr.gov/es/License/Index?LicenseTypeFilter=EXEMPT+REPORTING+ADVISORS&Page=1&PageSize=100,2026-08-26T15:58:35+00:00,,,,,,,,unknown
cb969952e54f711393b41eae6e850fc85374ccc2a4a217775c5df5819be75eac,EXEMPT REPORTING ADVISORS,"Ato Ventures, LLC",,ACTIVA,1607 Avenida Juan Ponce De Leon Cobian's Plaza GM-06 San Juan PR 00909,872-762-5483,05/24/2019,ERA 022,,Jennifer Hopp,304210,NO,1,https://concesionarios.ocif.pr.gov/es/License/Index?LicenseTypeFilter=EXEMPT+REPORTING+ADVISORS&Page=1&PageSize=100,2026-08-26T15:58:35+00:00,,,,,,,,unknown
a48102368f3101cb41214093fce2cfcfd99b8aef45433b55f727bad4f799b5c1,EXEMPT REPORTING ADVISORS,Aware Partners LLC,,ACTIVA,D 81 Calle Suite 301 Dorado PR 00646,1-408-800-2055,03/20/2026,ERA 158,,Ilona Budapesti,341761,NO,1,https://concesionarios.ocif.pr.gov/es/License/Index?LicenseTypeFilter=EXEMPT+REPORTING+ADVISORS&Page=1&PageSize=100,2026-08-26T15:58:35+00:00,,,,,,,,unknown
330db0a05071f19fb45cc29ec37e299719f2f9052ffd374e0a3bae574452a398,EXEMPT REPORTING ADVISORS,B2F Advisors LLC,,ACTIVA,Miramar Plaza Suite 505 954 Ponce de Leon Avenue San Juan PR 00907,787-224-8884,02/21/2023,ERA 148,,Juan Casillas,323493,NO,1,https://concesionarios.ocif.pr.gov/es/License/Index?LicenseTypeFilter=EXEMPT+REPORTING+ADVISORS&Page=1&PageSize=100,2026-08-26T15:58:35+00:00,,,,,,,,unknown
23228c6a2010ae70a7bf897fa662be62ee1df508e2f4ecf2637cb162e727781a,EXEMPT REPORTING ADVISORS,Base Spin LLC,,ACTIVA,1 Calle Barcelona Guaynabo PR 00966,714-757-0649,05/14/2024,ERA 102,,Ryan Condron,331468,NO,1,https://concesionarios.ocif.pr.gov/es/License/Index?LicenseTypeFilter=EXEMPT+REPORTING+ADVISORS&Page=1&PageSize=100,2026-08-26T15:58:35+00:00,,,,,,,,unknown
df174eb674673f0f506c8f93cfac2f0da7b3857b8e57c0f0368ee6ed9c289a11,EXEMPT REPORTING ADVISORS,Bastion Capital Advisors LLC,,ACTIVA,Metro Office Park 7 C. 1 Suite 204 Guaynabo PR 00968,787-366-0255,06/18/2026,ERA 162,,Yarot T Lafontaine,343215,NO,1,https://concesionarios.ocif.pr.gov/es/License/Index?LicenseTypeFilter=EXEMPT+REPORTING+ADVISORS&Page=1&PageSize=100,2026-08-26T15:58:35+00:00,,,,,,,,unknown
2843eac67f4edd336e25955c44d36c0a48f9c097b935763dd54f875492363c65,EXEMPT REPORTING ADVISORS,Bayboston Managers LLC,,ACTIVA,1280 Centre Street Suite 2 Newton MA 02459-4600,617-607-4600,09/15/2023,ERA 088,,Michael Fischer,177520,NO,1,https://concesionarios.ocif.pr.gov/es/License/Index?LicenseTypeFilter=EXEMPT+REPORTING+ADVISORS&Page=1&PageSize=100,2026-08-26T15:58:35+00:00,,,,,,,,unknown
c027420baf25e9f65688d7c158b889b7eed738d55221c9cfaa0655966efc0039,EXEMPT REPORTING ADVISORS,Bayboston Managers Puerto Rico LLC,,ACTIVA,"GAM Tower 2 Tabonuco Street, Suite 303 Guaynabo PR 00968",787-622-6645,09/15/2023,ERA 089,,Liesl Sitton,327551,NO,1,https://concesionarios.ocif.pr.gov/es/License/Index?LicenseTypeFilter=EXEMPT+REPORTING+ADVISORS&Page=1&PageSize=100,2026-08-26T15:58:35+00:00,,,,,,,,unknown
3fa7b3332c67e222a7efa498542a7dee3fe48fb7b2a4b245ff238b04813bbcfd,EXEMPT REPORTING ADVISORS,Better Puerto Rico Management LLC,,ACTIVA,"250 Muñoz Rivera Avenue American International Plaza, 14th Floor San Juan PR 00918",787-620-0198,06/29/2022,ERA 065,,Fahad Ghaffar,322247,NO,1,https://concesionarios.ocif.pr.gov/es/License/Index?LicenseTypeFilter=EXEMPT+REPORTING+ADVISORS&Page=1&PageSize=100,2026-08-26T15:58:35+00:00,,,,,,,,unknown
8268e35eba892445ee471f15113f37ecf3f22782332d7185b2d5798ea59e0d4e,EXEMPT REPORTING ADVISORS,Bitbull Capital Management LLC,,ACTIVA,"151 Calle San Francisco Suite 200, PMB 5358 San Juan PR 00901",775-476-8710,10/25/2022,ERA 077,,"Joseph,J Dipasquale,",319730,NO,1,https://concesionarios.ocif.pr.gov/es/License/Index?LicenseTypeFilter=EXEMPT+REPORTING+ADVISORS&Page=1&PageSize=100,2026-08-26T15:58:35+00:00,,,,,,,,unknown
b170e1a82442307f36eb6408ec0c36d0dc69d64df401edb5254dd45b14213dc5,EXEMPT REPORTING ADVISORS,BitBull Capital Management LLC,,ACTIVA,2261 Market Street #537 San Francisco CA 94114,415-248-2855,10/25/2022,ERA 076,,Joseph Dipasquale,290172,NO,1,https://concesionarios.ocif.pr.gov/es/License/Index?LicenseTypeFilter=EXEMPT+REPORTING+ADVISORS&Page=1&PageSize=100,2026-08-26T15:58:35+00:00,,,,,,,,unknown
5b7cc79327ee1d43229d8f5446cae10d2c9fd08bef00b8b4d3149463f3e09992,EXEMPT REPORTING ADVISORS,Block15 Capital LLC,,ACTIVA,15 Dorado Beach East Dorado PR 00646,859-240-2622,05/09/2025,ERA 119,,Charles Quinn,333909,NO,1,https://concesionarios.ocif.pr.gov/es/License/Index?LicenseTypeFilter=EXEMPT+REPORTING+ADVISORS&Page=1&PageSize=100,2026-08-26T15:58:35+00:00,,,,,,,,unknown
562ae81ac08d6cf3373e34442b521cacd6ad400544d7c54f1c2a8d35d26cda81,EXEMPT REPORTING ADVISORS,Bluebonnet Holdings,,ACTIVA,5656 Bee Caves Rd. Austin TX 78746,512-415-7369,05/27/2022,ERA 059,,Asher Ang,318998,NO,1,https://concesionarios.ocif.pr.gov/es/License/Index?LicenseTypeFilter=EXEMPT+REPORTING+ADVISORS&Page=1&PageSize=100,2026-08-26T15:58:35+00:00,,,,,,,,unknown
c4647b6dd00fde69882f687f3e45983ff5f5c999a76034af3b140caf1ca52d48,EXEMPT REPORTING ADVISORS,BP Fund Management LLC,,ACTIVA,130 Marginal street Guaynabo PR 00969,787-999-8450,08/13/2024,ERA 154,,Mark Mashburn,330294,NO,1,https://concesionarios.ocif.pr.gov/es/License/Index?LicenseTypeFilter=EXEMPT+REPORTING+ADVISORS&Page=1&PageSize=100,2026-08-26T15:58:35+00:00,,,,,,,,unknown
7431f53647353f08e2c2d69baffffb40f309efabc6b7b87a688c60acb37d1da7,EXEMPT REPORTING ADVISORS,Braniff Management LLC,,ACTIVA,55 calle Taft Apt 2F San Juan PR 00911,1-619-341-9344,07/22/2026,ERA 167,,Tomas Braniff Marti,343368,NO,1,https://concesionarios.ocif.pr.gov/es/License/Index?LicenseTypeFilter=EXEMPT+REPORTING+ADVISORS&Page=1&PageSize=100,2026-08-26T15:58:35+00:00,,,,,,,,unknown
30c6dbcb4367fe0ccf3958535fb9e0f1ee7bd610ab74dc49bbee6020b1a61103,EXEMPT REPORTING ADVISORS,"Burbank Harbor Capital Management, LLC",,ACTIVA,Calle Tabonuco B5 Suite 216-260 Guaynabo PR 00968-3029,787-653-3277,01/28/2015,ERA 004,,Robert Zhang,174908,NO,1,https://concesionarios.ocif.pr.gov/es/License/Index?LicenseTypeFilter=EXEMPT+REPORTING+ADVISORS&Page=1&PageSize=100,2026-08-26T15:58:35+00:00,,,,,,,,unknown
a7d9eb25f6ea92823911fc70838084a0b22009419c101916158918797881063c,EXEMPT REPORTING ADVISORS,Carbono3 LLC,,ACTIVA,807 Ave Ponce de Leon San Juan PR 00907,1-216-376-2125,05/28/2026,ERA 164,,Carlos Dominguez,342700,NO,1,https://concesionarios.ocif.pr.gov/es/License/Index?LicenseTypeFilter=EXEMPT+REPORTING+ADVISORS&Page=1&PageSize=100,2026-08-26T15:58:35+00:00,,,,,,,,unknown
8ba2f1373b7ad2afbead5cc5ccf6d785a932f41928983760682ce6b750d3baa9,EXEMPT REPORTING ADVISORS,"Cascade Digital Opportunities Fund GP, LLC",,ACTIVA,151 Calle De San Francisco San Juan PR 00901-1660,858-254-2435,03/29/2022,ERA 049,,Ashley Stecher,,NO,1,https://concesionarios.ocif.pr.gov/es/License/Index?LicenseTypeFilter=EXEMPT+REPORTING+ADVISORS&Page=1&PageSize=100,2026-08-26T15:58:35+00:00,,,,,,,,unknown
9587c5f1bc3a79925b8343b7765b6800b70735fa4d1733ba45a7e650ecff310d,EXEMPT REPORTING ADVISORS,"CC Puerto Rico, LLC",,ACTIVA,1225 Ave Juan Ponce de Leon Penthouse 1658 San Juan PR 00907,7879562214,06/25/2025,ERA 124,,Katrina West,336735,NO,1,https://concesionarios.ocif.pr.gov/es/License/Index?LicenseTypeFilter=EXEMPT+REPORTING+ADVISORS&Page=1&PageSize=100,2026-08-26T15:58:35+00:00,,,,,,,,unknown
0e2767855553798a6cb5bdec7cd4fd016364fd7be9d8ccbd5daf79d22e35a9f0,EXEMPT REPORTING ADVISORS,CCPR Equity Fund Management LLC,,ACTIVA,1512 Ave. Fernandez Juncos Pda 22 1/2 San Juan PR 00910-9116,787-727-7137,07/22/2025,ERA 129,,Robert Carrady,,NO,1,https://concesionarios.ocif.pr.gov/es/License/Index?LicenseTypeFilter=EXEMPT+REPORTING+ADVISORS&Page=1&PageSize=100,2026-08-26T15:58:35+00:00,,,,,,,,unknown
0adc8349a7c89a23d97028de208dfaf215d37c8c549b1430033217a2027ac3ef,EXEMPT REPORTING ADVISORS,"Ceiba Management, LLC",,ACTIVA,1607 Ave Ponce De Leon Suite GM6 No. 168 San Juan PR 00909,302-212-4471,04/18/2022,ERA 055,,Louis Dalrymple,319590,NO,1,https://concesionarios.ocif.pr.gov/es/License/Index?LicenseTypeFilter=EXEMPT+REPORTING+ADVISORS&Page=1&PageSize=100,2026-08-26T15:58:35+00:00,,,,,,,,unknown
d7e442aeda3bc8bfa5dfa9c0c533213d936a3ea09a739101ac6d80482291895f,EXEMPT REPORTING ADVISORS,Certus Income Funds Inc.,,ACTIVA,Calle O'Neill G-8 San Juan PR 00918,1-212-799-4692,02/20/2026,ERA 141,,Alberto Pagan,340085,NO,1,https://concesionarios.ocif.pr.gov/es/License/Index?LicenseTypeFilter=EXEMPT+REPORTING+ADVISORS&Page=1&PageSize=100,2026-08-26T15:58:35+00:00,,,,,,,,unknown
bbc43ae41b6078da8c6088c0212a9b98f5ceeeb6305dd733ceb2b9e71f8bd409,EXEMPT REPORTING ADVISORS,Cesta Fund Management LLC,,ACTIVA,"221 Plaza, 221 Ponce de Leon Ave Ste.1003 San Juan PR 00917",787-430-9255,,ERA 160,,David Lugo Hernandez,341701,NO,1,https://concesionarios.ocif.pr.gov/es/License/Index?LicenseTypeFilter=EXEMPT+REPORTING+ADVISORS&Page=1&PageSize=100,2026-08-26T15:58:35+00:00,,,,,,,,unknown
f79787cf5dbbb40722f46ad1a3ff3680ca9c110717f60dfc291539d815b32c19,EXEMPT REPORTING ADVISORS,Chad Capital Management LLC,,ACTIVA,2093 Philadelphia Pike #2230 Claymont DE 19703,667-900-8860,07/01/2022,ERA 066,,Zach Rosenberg,322462,NO,1,https://concesionarios.ocif.pr.gov/es/License/Index?LicenseTypeFilter=EXEMPT+REPORTING+ADVISORS&Page=1&PageSize=100,2026-08-26T15:58:35+00:00,,,,,,,,unknown
56f15ee577fda3785efefa96f9f70a10a3163a2425306f59735592e1014fa6e7,EXEMPT REPORTING ADVISORS,Convex Venture Management,,ACTIVA,8 Dorado Beach East Dorado PR 00646,787-240-4420,03/29/2024,ERA 101,,Keith Michael Jensen,331096,NO,1,https://concesionarios.ocif.pr.gov/es/License/Index?LicenseTypeFilter=EXEMPT+REPORTING+ADVISORS&Page=1&PageSize=100,2026-08-26T15:58:35+00:00,,,,,,,,unknown
b17fdc0bd7ca2f31865c65b690a127893cb8376d68f5e2139a31fae1d44dd9a3,EXEMPT REPORTING ADVISORS,"Crash Boat Capital, LLC",,ACTIVA,Carr 110 KM 0.4 Int Aguadilla PR 00603,787-685-3337,03/06/2025,ERA 123,,Herandi Caro,,NO,1,https://concesionarios.ocif.pr.gov/es/License/Index?LicenseTypeFilter=EXEMPT+REPORTING+ADVISORS&Page=1&PageSize=100,2026-08-26T15:58:35+00:00,,,,,,,,unknown
c7e12cdfb36843edfb68a1ff108d2660b65f8713c2f8f704ff05ddae5a8feaf2,EXEMPT REPORTING ADVISORS,Cuatro Capital Management LLC,,ACTIVA,1959 Calle Loiza San Juan PR 00911,1-312-217-3035,07/24/2026,ERA 168,,John M Holman,341787,NO,1,https://concesionarios.ocif.pr.gov/es/License/Index?LicenseTypeFilter=EXEMPT+REPORTING+ADVISORS&Page=1&PageSize=100,2026-08-26T15:58:35+00:00,,,,,,,,unknown
fd30d1436888accf4e57eeec56095dbbc48a0f8bae1d08e2d6fe8899c7666f43,EXEMPT REPORTING ADVISORS,Domenari Algo Research LLC,,ACTIVA,255 Recinto Sur 2nd Floor San Juan PR 00901,1-913-915-7709,05/11/2026,ERA 161,,Timothy Everette Isaacs,342428,NO,1,https://concesionarios.ocif.pr.gov/es/License/Index?LicenseTypeFilter=EXEMPT+REPORTING+ADVISORS&Page=1&PageSize=100,2026-08-26T15:58:35+00:00,,,,,,,,unknown
a933283e1c179ffe07ffb226aedf88d7e31aaea209f38e9ae1a3f504999fdc04,EXEMPT REPORTING ADVISORS,"Eight Acres Capital Management, LLC",,ACTIVA,1511 Ponce De Leon Ave Ciudadela Unit 1144 San Juan PR 00909,918-308-9042,07/23/2021,ERA 041,,Anson Hwang,300508,NO,1,https://concesionarios.ocif.pr.gov/es/License/Index?LicenseTypeFilter=EXEMPT+REPORTING+ADVISORS&Page=1&PageSize=100,2026-08-26T15:58:35+00:00,,,,,,,,unknown
815974fa92cc61231c4fa03bb895607c966bd62e813c112688853db83721e4bf,EXEMPT REPORTING ADVISORS,Eight Capital Management LLC,,ACTIVA,Ave. Gautier Benítez Esquina El Verde Caguas PR 00725,787-636-2233,11/07/2023,ERA 092,,Natalia Mazorra,328831,NO,1,https://concesionarios.ocif.pr.gov/es/License/Index?LicenseTypeFilter=EXEMPT+REPORTING+ADVISORS&Page=1&PageSize=100,2026-08-26T15:58:35+00:00,,,,,,,,unknown
52418872de0cea27b2635a186e106ddb647dab17f2cc61309d3ff50ef539c9de,EXEMPT REPORTING ADVISORS,Elder Tree Capital LLC,,ACTIVA,Urb. Palacios de Escorial Suite 130 Carolina PR 00987,787-528-8024,02/18/2022,ERA 045,,Hector Jirau,318826,NO,1,https://concesionarios.ocif.pr.gov/es/License/Index?LicenseTypeFilter=EXEMPT+REPORTING+ADVISORS&Page=1&PageSize=100,2026-08-26T15:58:35+00:00,,,,,,,,unknown
292b0928563c40bc1f92e3635059ef86036497c3647714805138e9d47eea19f5,EXEMPT REPORTING ADVISORS,Environmental Investment LLC,,ACTIVA,"Carr 189, KM 9 Barrio Mamey Gurabo PR 00778",787-273-7639,03/15/2022,ERA 051,,Santos Conde,318624,NO,1,https://concesionarios.ocif.pr.gov/es/License/Index?LicenseTypeFilter=EXEMPT+REPORTING+ADVISORS&Page=1&PageSize=100,2026-08-26T15:58:35+00:00,,,,,,,,unknown
f12bb7c11ecb35565a2f05ef2903c8e4bc63018b63afe39cefe44d0ada262922,EXEMPT REPORTING ADVISORS,Fideras LLC,,ACTIVA,295 Palmas Inn Way Suite 104-351 Humacao PR 00791,650-382-2942,07/21/2021,ERA 040,,Tyson Hendrickson,284633,NO,1,https://concesionarios.ocif.pr.gov/es/License/Index?LicenseTypeFilter=EXEMPT+REPORTING+ADVISORS&Page=1&PageSize=100,2026-08-26T15:58:35+00:00,,,,,,,,unknown
c6f4fda44042a53724a0990e2d9dce7240769673e95c1761a0a1a406f76fda67,EXEMPT REPORTING ADVISORS,Fiduciaria Eguia CRL,,ACTIVA,500 Calle Tanca Suite 201 San Juan PR 00901,787-448-6669,,ERA 130,,Mikel J. Eguia Moreda,321662,NO,1,https://concesionarios.ocif.pr.gov/es/License/Index?LicenseTypeFilter=EXEMPT+REPORTING+ADVISORS&Page=1&PageSize=100,2026-08-26T15:58:35+00:00,,,,,,,,unknown
2af3e7c4d4dd2060124bd6f81e41922a5b76c0733f871bf885bef414a871dae8,EXEMPT REPORTING ADVISORS,"First Check Ventures Capital, LLC",,ACTIVA,2305 Calle Laurel Apt 511 San Juan PR 00913,650-387-7960,02/14/2024,ERA 096,,Ali Jamal,326201,NO,1,https://concesionarios.ocif.pr.gov/es/License/Index?LicenseTypeFilter=EXEMPT+REPORTING+ADVISORS&Page=1&PageSize=100,2026-08-26T15:58:35+00:00,,,,,,,,unknown
0be1529ad6701d95d92a2d889dce785a533fbfebcf0d21ca725d961864cd5dce,EXEMPT REPORTING ADVISORS,FNO Equity LLC,,ACTIVA,139 calle Jacinto Bo. Monacillos San Juan PR 00924,939-630-6167,02/09/2026,ERA 139,,Faustino Garcia,340700,NO,1,https://concesionarios.ocif.pr.gov/es/License/Index?LicenseTypeFilter=EXEMPT+REPORTING+ADVISORS&Page=1&PageSize=100,2026-08-26T15:58:35+00:00,,,,,,,,unknown
7b82c2b1df6ba2969a858116949b8098fcbe73c321734425d3650e3151166540,EXEMPT REPORTING ADVISORS,Foredeck Capital Management LLC,,ACTIVA,Buchanan Office Center Suite 203 Guaynabo PR 00968,787-620-5000,02/07/2020,ERA 027,,Luis G. Miranda,307573,NO,1,https://concesionarios.ocif.pr.gov/es/License/Index?LicenseTypeFilter=EXEMPT+REPORTING+ADVISORS&Page=1&PageSize=100,2026-08-26T15:58:35+00:00,,,,,,,,unknown
59919bb06b38fce7efa4a7e6aa9996f4b253f7fb20afb12f1fd07c676594e990,EXEMPT REPORTING ADVISORS,"Frontwave Capital Management, LLC",,ACTIVA,10800 Financial Centre Parkway Suite 550 Little Rock AR 72211,787-302-0877,08/31/2020,ERA 031,,David A. Sims,310230,NO,1,https://concesionarios.ocif.pr.gov/es/License/Index?LicenseTypeFilter=EXEMPT+REPORTING+ADVISORS&Page=1&PageSize=100,2026-08-26T15:58:35+00:00,,,,,,,,unknown
ab68a5f2064ba9c71ea1d5a753f2c9a19d6cdf2e5cee7fbd2173a095e71fa707,EXEMPT REPORTING ADVISORS,GC Group Capital LLC,,ACTIVA,1492 Avenida Ponce De Leon Suite 503 San Juan PR 00907,787-723-8300,04/08/2024,ERA 105,,Olivier Gillier,327968,NO,1,https://concesionarios.ocif.pr.gov/es/License/Index?LicenseTypeFilter=EXEMPT+REPORTING+ADVISORS&Page=1&PageSize=100,2026-08-26T15:58:35+00:00,,,,,,,,unknown
5411ef37202005b6b5259d06f1b42c93ddda04547da229402194dfe241891a8a,EXEMPT REPORTING ADVISORS,Genesis Vault Capital Management LLC,,ACTIVA,1250 Ave Ponce De Leon Ste 301 PMB 0705 San Juan PR 00907,310-279-9993,08/15/2022,ERA 069,,Vijai Anma,312201,NO,1,https://concesionarios.ocif.pr.gov/es/License/Index?LicenseTypeFilter=EXEMPT+REPORTING+ADVISORS&Page=1&PageSize=100,2026-08-26T15:58:35+00:00,,,,,,,,unknown
8d634ab0afa1f8836a378518d0ce0e88caea1c04a430d4759ead32acffcdda44,EXEMPT REPORTING ADVISORS,Great Island Management LLC,,ACTIVA,954 Ave Ponce De Leon 5th Floor - Miramar Plaza San Juan PR 00907,787-934-0805,03/15/2022,ERA 052,,Alejandro Figueroa,317859,NO,1,https://concesionarios.ocif.pr.gov/es/License/Index?LicenseTypeFilter=EXEMPT+REPORTING+ADVISORS&Page=1&PageSize=100,2026-08-26T15:58:35+00:00,,,,,,,,unknown
4a7b2194393f1098e7f5b5c69cafd205d3e42882807a4d3eb4471ece424d3d04,EXEMPT REPORTING ADVISORS,"Grupo Guayacán, Inc.",,ACTIVA,650 Ave. Muñoz Rivera Suite 502 San Juan PR 00918,787-641-6028,03/09/2015,ERA 003,,Laura Cantero,163655,NO,1,https://concesionarios.ocif.pr.gov/es/License/Index?LicenseTypeFilter=EXEMPT+REPORTING+ADVISORS&Page=1&PageSize=100,2026-08-26T15:58:35+00:00,,,,,,,,unknown
27a8f6a866bc39f2e847f6785caac32aec029928d165ae4a18cc76bdeeec0ecd,EXEMPT REPORTING ADVISORS,GSD Capital LLC,,ACTIVA,1550 Ponce De Leon Avenue 5th Floor San Juan PR 00909,787-399-0076,05/10/2024,ERA 104,,Richard Carrion,331595,NO,1,https://concesionarios.ocif.pr.gov/es/License/Index?LicenseTypeFilter=EXEMPT+REPORTING+ADVISORS&Page=1&PageSize=100,2026-08-26T15:58:35+00:00,,,,,,,,unknown
9cdfe2096d368034dadaf2ecb1169cbebb2caa2515340e0b20b6d13cabcb53ef,EXEMPT REPORTING ADVISORS,GWOP,,ACTIVA,742 Perry CT Iowa City IA 52245,319-640-2826,07/07/2022,ERA 067,,Marvin Ojoh,322080,NO,1,https://concesionarios.ocif.pr.gov/es/License/Index?LicenseTypeFilter=EXEMPT+REPORTING+ADVISORS&Page=1&PageSize=100,2026-08-26T15:58:35+00:00,,,,,,,,unknown
e8464bb2179e11fda8613de7da66fe0da5fe134d9ce437e9bb174d0d8a04f749,EXEMPT REPORTING ADVISORS,Hashira Capital,,ACTIVA,151 Calle de San Francisco Ste 200 San Juan PR 00901,1-346-535-1450,06/03/2026,ERA 163,,Francisco Javier Vigil Fuentes,342717,NO,1,https://concesionarios.ocif.pr.gov/es/License/Index?LicenseTypeFilter=EXEMPT+REPORTING+ADVISORS&Page=1&PageSize=100,2026-08-26T15:58:35+00:00,,,,,,,,unknown
c6520344fdca520ff12091dae2eb1b55cff48e2a310863803997c13573ec7458,EXEMPT REPORTING ADVISORS,HDR Management L.L.C,,ACTIVA,33 calle Resolicion Ste.302 San Juan PR,787-782-6500,12/05/2025,ERA 143,,Jose Chipi Millares,339189,NO,1,https://concesionarios.ocif.pr.gov/es/License/Index?LicenseTypeFilter=EXEMPT+REPORTING+ADVISORS&Page=1&PageSize=100,2026-08-26T15:58:35+00:00,,,,,,,,unknown
752dc38d6223ab9349f991fc64c7c06fb7a72c64eb789bdc2ae92ef09b279b92,EXEMPT REPORTING ADVISORS,Helio Analytica Fund I GP LLC,,ACTIVA,151 San Francisco street suite 200 #0833 San Juan PR 00901,1-773-263-3494,02/12/2026,ERA 140,,"Colleen Gallagher, Stephen Jhonson",337392,NO,1,https://concesionarios.ocif.pr.gov/es/License/Index?LicenseTypeFilter=EXEMPT+REPORTING+ADVISORS&Page=1&PageSize=100,2026-08-26T15:58:35+00:00,,,,,,,,unknown
f649215384d1951bb855e93a576066187fad3b1f4cb26988d8889df632436f58,EXEMPT REPORTING ADVISORS,HH Advisors LLC,,ACTIVA,Miramar Plaza Suite 501 954 Ponce de Leon Avenue San Juan PR 00907,787-224-8884,02/21/2023,ERA 147,,Hector Horta,323491,NO,1,https://concesionarios.ocif.pr.gov/es/License/Index?LicenseTypeFilter=EXEMPT+REPORTING+ADVISORS&Page=1&PageSize=100,2026-08-26T15:58:35+00:00,,,,,,,,unknown
0494ac1bcac09e02448b49fb087fcbbc329bb1b0ba0227b369d57239c52dbcff,EXEMPT REPORTING ADVISORS,Hirschmann Capital LLC,,ACTIVA,53 Calle Palmeras Suite 600 San Juan PR 00901-2421,213-222-8827,06/21/2018,ERA 018,,Brian Hirschmann,297567,NO,1,https://concesionarios.ocif.pr.gov/es/License/Index?LicenseTypeFilter=EXEMPT+REPORTING+ADVISORS&Page=1&PageSize=100,2026-08-26T15:58:35+00:00,,,,,,,,unknown
5b11e860e501859ced03d24051a0a8bed788cd5ca63b2b7c9246d37714da6d81,EXEMPT REPORTING ADVISORS,Hokage Capital Management LLC,,ACTIVA,2713 Villa Condo Dorado PR 00646,802-231-1537,02/05/2026,ERA 135,,Xiuxian Du,333504,NO,1,https://concesionarios.ocif.pr.gov/es/License/Index?LicenseTypeFilter=EXEMPT+REPORTING+ADVISORS&Page=1&PageSize=100,2026-08-26T15:58:35+00:00,,,,,,,,unknown
86c3c29178af2f1511f55d16a5b5d341d110a15b2d55c23105470425097dfd14,EXEMPT REPORTING ADVISORS,Hudson Trading Group,,ACTIVA,2937 26th St. N Arlington VA 22207,703-522-7060,02/22/2021,ERA 035,,Eric P Withers,307840,NO,1,https://concesionarios.ocif.pr.gov/es/License/Index?LicenseTypeFilter=EXEMPT+REPORTING+ADVISORS&Page=1&PageSize=100,2026-08-26T15:58:35+00:00,,,,,,,,unknown
c59ab5182a74e3ebf70cd1b4c8985393efac80a5e87f62d0b980f462472610e9,EXEMPT REPORTING ADVISORS,INFUSION MANAGEMENT LLC,,ACTIVA,#207 Calle del Parque STE. 9 San Juan PR 00912,787-604-0819,05/05/2025,ERA 122,,Victor Gonzalez,335456,NO,1,https://concesionarios.ocif.pr.gov/es/License/Index?LicenseTypeFilter=EXEMPT+REPORTING+ADVISORS&Page=1&PageSize=100,2026-08-26T15:58:35+00:00,,,,,,,,unknown
7128eca741ee995b12f4c94600b0e81cc800666cc0f1992aea62191bc0de65ad,EXEMPT REPORTING ADVISORS,"Interlink Capital, LLC",,ACTIVA,"Villas de San Francisco Plaza I 89 De Diego Avenue, Suite 201 San Juan PR 00927-6343",787-753-8455,02/20/2026,ERA 136,,Jose Delgado,328941,NO,1,https://concesionarios.ocif.pr.gov/es/License/Index?LicenseTypeFilter=EXEMPT+REPORTING+ADVISORS&Page=1&PageSize=100,2026-08-26T15:58:35+00:00,,,,,,,,unknown
367be26ad583bf0953ab57a27f6101aa9edd8855d898d261004936f9040b8005,EXEMPT REPORTING ADVISORS,"JAC Advisors, LLC",,ACTIVA,PMB 335 Juan C Borbon Suite 67 Guaynabo PR 00969,787-739-1302,08/20/2024,ERA 152,,"Jaime Casellas Rodriguez, Alina Paola Gonzalez Segundo",329700,NO,1,https://concesionarios.ocif.pr.gov/es/License/Index?LicenseTypeFilter=EXEMPT+REPORTING+ADVISORS&Page=1&PageSize=100,2026-08-26T15:58:35+00:00,,,,,,,,unknown
8c77956be99def10d4c98f4bbc1dd692caa53a6988902de298f68a73e3847aab,EXEMPT REPORTING ADVISORS,Jiffer Quantitative Investments LLC,,ACTIVA,1362 Calle Magdalena #1203 San Juan PR 00907,312-725-2824,08/16/2016,ERA 006,,John Rochon,284526,NO,1,https://concesionarios.ocif.pr.gov/es/License/Index?LicenseTypeFilter=EXEMPT+REPORTING+ADVISORS&Page=1&PageSize=100,2026-08-26T15:58:35+00:00,,,,,,,,unknown
81fce970152ebe0db5fb4eb665dba427dab0997bddb5bb93a2d4f85c4b40b2d0,EXEMPT REPORTING ADVISORS,"Just Cap, LLC",,ACTIVA,8 The Enclave Dorado PR 00646,1-424-335-3546,03/27/2023,ERA 144,,"Rachel Saspers, Rachel Saspers",316595,NO,1,https://concesionarios.ocif.pr.gov/es/License/Index?LicenseTypeFilter=EXEMPT+REPORTING+ADVISORS&Page=1&PageSize=100,2026-08-26T15:58:35+00:00,,,,,,,,unknown
a7d9919433300de2fff4c7b3aa5bc13abdfc77a8b21bfc811dfd71f20e10c7bf,EXEMPT REPORTING ADVISORS,Kestrel 0X1 Advisory US LLC,,ACTIVA,calle Colina Linda Rincon PR 00677,1-386-627-2602,01/19/2024,ERA 153,,Timothy Ronan,329704,NO,1,https://concesionarios.ocif.pr.gov/es/License/Index?LicenseTypeFilter=EXEMPT+REPORTING+ADVISORS&Page=1&PageSize=100,2026-08-26T15:58:35+00:00,,,,,,,,unknown
c07a36954450d72ab417c3b723044966f960ce1bf332ea43ce6373b21fda868e,EXEMPT REPORTING ADVISORS,Kingbird Investment Management,,ACTIVA,41 University Drive Suite 400 Newtown PA 18940,267-757-8700,05/30/2025,ERA 125,,Lei Ferrand,308069,NO,1,https://concesionarios.ocif.pr.gov/es/License/Index?LicenseTypeFilter=EXEMPT+REPORTING+ADVISORS&Page=1&PageSize=100,2026-08-26T15:58:35+00:00,,,,,,,,unknown
8f98ed590e29d2a015b972afd48408c32096db7a3b5f7dac76ea67ca8afa9fd2,EXEMPT REPORTING ADVISORS,Kydari Ventures LLC,,ACTIVA,151 Calle de San Francisco Ste 200 San Juan PR 00901,774-262-3255,06/03/2022,ERA 060,,David Zastrow,321157,NO,1,https://concesionarios.ocif.pr.gov/es/License/Index?LicenseTypeFilter=EXEMPT+REPORTING+ADVISORS&Page=1&PageSize=100,2026-08-26T15:58:35+00:00,,,,,,,,unknown
d87e62cae0bc51c23a65294100ba32a232fe12da23cbcaf875660cc63231248a,EXEMPT REPORTING ADVISORS,"Larx Capital, LLC",,ACTIVA,53 Calle Palmeras Suite 601 San Juan PR 00901,786-505-8788,10/22/2024,ERA 111,,Brandon Spruill,333744,NO,1,https://concesionarios.ocif.pr.gov/es/License/Index?LicenseTypeFilter=EXEMPT+REPORTING+ADVISORS&Page=1&PageSize=100,2026-08-26T15:58:35+00:00,,,,,,,,unknown
e2ac6be49b9b820f1cc0ab89243af6a675d15c88ca21f8102e8d8ef8f3b9471e,EXEMPT REPORTING ADVISORS,LEMVEGA CAPITAL LLC,,ACTIVA,600 Avenida Fernandez Juncos Apt. 709 San Juan PR 00907,1 (939) 317 0609,06/09/2023,ERA 083,,Caroline Farah Lembck,326685,NO,1,https://concesionarios.ocif.pr.gov/es/License/Index?LicenseTypeFilter=EXEMPT+REPORTING+ADVISORS&Page=1&PageSize=100,2026-08-26T15:58:35+00:00,,,,,,,,unknown
9d75fc216550ff9170cdcc46e2f8f651eecc5730546d422561a6d7f6a6317ffa,EXEMPT REPORTING ADVISORS,Loba Capital Management LLC,,ACTIVA,"American International Plaza 250 Munoz Rivera Ave., 6th Floor San Juan PR 00918",787-565-6715,08/20/2025,ERA 132,,Lestor Hernandez Miranda,335176,NO,1,https://concesionarios.ocif.pr.gov/es/License/Index?LicenseTypeFilter=EXEMPT+REPORTING+ADVISORS&Page=1&PageSize=100,2026-08-26T15:58:35+00:00,,,,,,,,unknown
43a0a7dbd76e5c2334406968171618d136a27777e9b20d0e2b52b8487366fa0b,EXEMPT REPORTING ADVISORS,"Long Focus Capital Management, LLC",,ACTIVA,2 Calle Nairn 1201 San Juan PR 00907,787-333-0240,08/29/2014,ERA 002,,Stephen A. Depiero,171968,NO,1,https://concesionarios.ocif.pr.gov/es/License/Index?LicenseTypeFilter=EXEMPT+REPORTING+ADVISORS&Page=1&PageSize=100,2026-08-26T15:58:35+00:00,,,,,,,,unknown
6756fb0f984ad7cd97d56f789fcd4df8083898792136a2fb41416b3406d9c0a5,EXEMPT REPORTING ADVISORS,"Longhorn Freedom Fund Mgr, LLC",,ACTIVA,10205 Birdlip Circle Austin TX 78733,512-433-6325,05/27/2022,ERA 058,,Asher Ang,319005,NO,1,https://concesionarios.ocif.pr.gov/es/License/Index?LicenseTypeFilter=EXEMPT+REPORTING+ADVISORS&Page=1&PageSize=100,2026-08-26T15:58:35+00:00,,,,,,,,unknown
668a4bad937c14979cd59e3366e670a2ef01ac2a4c8ed3d82f5075115ae670ad,EXEMPT REPORTING ADVISORS,Lynx1 Capital Advisors LLC,,ACTIVA,2 Ridge Top Drive Humacao PR 00791,703-963-7214,02/04/2022,ERA 048,,Weston Nichols,317017,NO,1,https://concesionarios.ocif.pr.gov/es/License/Index?LicenseTypeFilter=EXEMPT+REPORTING+ADVISORS&Page=1&PageSize=100,2026-08-26T15:58:35+00:00,,,,,,,,unknown
e8dc96a878abca98e928d2308a4d213f55ba778c10a3456f8d11b8d59d07efc5,EXEMPT REPORTING ADVISORS,Majo Services LLC,,ACTIVA,"16 calle Luhn, Urb. Caparra Town Park B8 Guaynabo PR 00966",787-475-6561,02/01/2024,ERA 150,,Maria Jose Miranda Cruz,329348,NO,1,https://concesionarios.ocif.pr.gov/es/License/Index?LicenseTypeFilter=EXEMPT+REPORTING+ADVISORS&Page=1&PageSize=100,2026-08-26T15:58:35+00:00,,,,,,,,unknown
50375eecaeafadd0fa8ea0f90a0c5830024e3d99f4c0e7bf2f1592a6495ee529,EXEMPT REPORTING ADVISORS,"Manchester Management PR, LLC",,ACTIVA,"Caribe Plaza Building, 6th Floor 53 Palmeras Street San Juan PR 00901",617-399-1741,01/20/2017,ERA 011,,James E. Besser,286047,NO,1,https://concesionarios.ocif.pr.gov/es/License/Index?LicenseTypeFilter=EXEMPT+REPORTING+ADVISORS&Page=1&PageSize=100,2026-08-26T15:58:35+00:00,,,,,,,,unknown
f6ff519f2df55d10577589ffe3ce06c2f98968e508b6e5d5422333241976e0cc,EXEMPT REPORTING ADVISORS,Marketsignal.AI,,ACTIVA,7000 Bahia Beach Blvd. Unit 1201 Rio Grande PR 00745,805-729-1088,11/16/2020,ERA 032,,Phillip Grace,311667,NO,1,https://concesionarios.ocif.pr.gov/es/License/Index?LicenseTypeFilter=EXEMPT+REPORTING+ADVISORS&Page=1&PageSize=100,2026-08-26T15:58:35+00:00,,,,,,,,unknown
abda9ecd72dbc9452678a99c971416ef0d36920003f7e49f30b1a3efc7de4c22,EXEMPT REPORTING ADVISORS,"Marking, LLC",,ACTIVA,"208 Ponce De León Ave Popular Center, 19th Floor San Juan PR 00924",787-614-0742,08/26/2019,ERA 024,,Jorge L. Rodriguez,304737,NO,1,https://concesionarios.ocif.pr.gov/es/License/Index?LicenseTypeFilter=EXEMPT+REPORTING+ADVISORS&Page=1&PageSize=100,2026-08-26T15:58:35+00:00,,,,,,,,unknown
ac08596218ad8531bde1e54f15ce2c8c227e9466c2444579f224ecf3d28281af,EXEMPT REPORTING ADVISORS,MASCAP MANAGEMENT LLC,,ACTIVA,5 Calle Luis Gonzalez STE 401 San Juan PR 00918-1632,787-753-9552,04/24/2023,ERA 084,,Jose Torres Monllor,,NO,1,https://concesionarios.ocif.pr.gov/es/License/Index?LicenseTypeFilter=EXEMPT+REPORTING+ADVISORS&Page=1&PageSize=100,2026-08-26T15:58:35+00:00,,,,,,,,unknown
0acda6d4c14a47941b3bc2d5b458d634f00deac7f330c09b791a1f5a7b1175b7,EXEMPT REPORTING ADVISORS,Medholdings Investment Advisors LLC,,ACTIVA,"Metro Office Park, C 1 Edificio 6 Suite 103 Guaynabo PR 00966",787-706-5255,06/30/2025,ERA 127,,Gabriel L. Cruz Rosso,337740,NO,1,https://concesionarios.ocif.pr.gov/es/License/Index?LicenseTypeFilter=EXEMPT+REPORTING+ADVISORS&Page=1&PageSize=100,2026-08-26T15:58:35+00:00,,,,,,,,unknown
6200614337d94775c8692b0af818beedb29cd0a1ea08b56e448e1345d97492c6,EXEMPT REPORTING ADVISORS,"MGU Advisory, LLC",,ACTIVA,"954 Ponce De Leon Avenue Miramar Plaza, Suite 501 San Juan PR 00907",787-224-8884,08/14/2020,ERA 030,,Carlos Muñiz,306250,NO,1,https://concesionarios.ocif.pr.gov/es/License/Index?LicenseTypeFilter=EXEMPT+REPORTING+ADVISORS&Page=1&PageSize=100,2026-08-26T15:58:35+00:00,,,,,,,,unknown
c0945c70fc0a03b263aa6754d75dcea98d2a5934a60f6cb2fec8e6d7ac5e4399,EXEMPT REPORTING ADVISORS,Mobility Partners LLC,,ACTIVA,Urb. Montehiedra 12 Calle Bienteveo San Juan PR 00926,787-638-8111,05/09/2024,ERA 099,,José Rodríguez Varela,330961,NO,1,https://concesionarios.ocif.pr.gov/es/License/Index?LicenseTypeFilter=EXEMPT+REPORTING+ADVISORS&Page=1&PageSize=100,2026-08-26T15:58:35+00:00,,,,,,,,unknown
792e5c39e2602f3769912f45a615d602bc2cf7d1dbe9a7bc81765b2ddd751b89,EXEMPT REPORTING ADVISORS,"Moonsail Capital, LLC",,ACTIVA,1511 Ave Ponce De León Suite K San Juan PR 00909,917-287-1751,11/27/2017,ERA 015,,Rafael Ortíz,291230,NO,1,https://concesionarios.ocif.pr.gov/es/License/Index?LicenseTypeFilter=EXEMPT+REPORTING+ADVISORS&Page=1&PageSize=100,2026-08-26T15:58:35+00:00,,,,,,,,unknown
4d74caeea4ff34c25d3d93de4e5d8d190cf08639619086868a7ef71382074b4e,EXEMPT REPORTING ADVISORS,Morro Venture Partners LLC,,ACTIVA,206 Calle Tetuan Suite 903 San Juan PR 00902,787-725-5285,01/22/2019,ERA 020,,Vanessa Bonilla,298911,NO,1,https://concesionarios.ocif.pr.gov/es/License/Index?LicenseTypeFilter=EXEMPT+REPORTING+ADVISORS&Page=1&PageSize=100,2026-08-26T15:58:35+00:00,,,,,,,,unknown
6fbd045d03cf739df1674a86816577bf3dbbc1fecc720a7207faf24806d6c5cf,EXEMPT REPORTING ADVISORS,Morro Ventures Caribbean,,ACTIVA,206 Calle Tetuan Suite 903 San Juan PR 00902,787-725-5285,08/15/2025,ERA 134,,Amarilys Rosa,338367,NO,1,https://concesionarios.ocif.pr.gov/es/License/Index?LicenseTypeFilter=EXEMPT+REPORTING+ADVISORS&Page=1&PageSize=100,2026-08-26T15:58:35+00:00,,,,,,,,unknown
4fc341f84003e475c2a8a534c43d30c9ef47d2922ff09c4a744256f2e7300144,EXEMPT REPORTING ADVISORS,Newbird Management LLC,,ACTIVA,B-7 Tabonuco Street Suite 302 Guaynabo PR 00968,787-725-1500,,ERA 159,,Ryan Marin,340782,NO,1,https://concesionarios.ocif.pr.gov/es/License/Index?LicenseTypeFilter=EXEMPT+REPORTING+ADVISORS&Page=1&PageSize=100,2026-08-26T15:58:35+00:00,,,,,,,,unknown
889343e1398b4a943884e57f60a294dc6920649467038fa55a303dc74aec8c79,EXEMPT REPORTING ADVISORS,"North Rock Digital GP, LLC",,ACTIVA,1095 calle Wilson PH-2 Puerta del Condado Condominium San Juan PR 00907,1-917-399-4979,01/16/2024,ERA 145,,Philip Press,318416,NO,1,https://concesionarios.ocif.pr.gov/es/License/Index?LicenseTypeFilter=EXEMPT+REPORTING+ADVISORS&Page=1&PageSize=100,2026-08-26T15:58:35+00:00,,,,,,,,unknown
8198da27cffd3dcdea7d3ebc6e0b75786fc2564db1f37fb704882201fb34d9d8,EXEMPT REPORTING ADVISORS,Odyssey Management LLC,,ACTIVA,1315 Av. Ashford #905 San Juan PR 00907,1-713-444-8006,03/23/2026,ERA 157,,Christian Garcia,341377,NO,1,https://concesionarios.ocif.pr.gov/es/License/Index?LicenseTypeFilter=EXEMPT+REPORTING+ADVISORS&Page=1&PageSize=100,2026-08-26T15:58:35+00:00,,,,,,,,unknown
9aa0d91542271afa1e139c33aa2300aa0cd4898b130fc4f8478177ac57d7ddd9,EXEMPT REPORTING ADVISORS,Olive Hospitality Group LLC,,ACTIVA,55 Aguadilla ST. San Juan PR 00907,787-705-9994,01/17/2025,ERA 115,,Fernando Davila,334597,NO,1,https://concesionarios.ocif.pr.gov/es/License/Index?LicenseTypeFilter=EXEMPT+REPORTING+ADVISORS&Page=1&PageSize=100,2026-08-26T15:58:35+00:00,,,,,,,,unknown
d58470e53b007a271735652deec88bc8b11ff27d52e9daa4e70c8b893c8b3d32,EXEMPT REPORTING ADVISORS,"Palm Drive Ventures, LLC",,ACTIVA,53 Calle Palmeras Suite 601 San Juan PR 00901,310-944-4607,08/12/2021,ERA 042,,Eric Feldman,289989,NO,1,https://concesionarios.ocif.pr.gov/es/License/Index?LicenseTypeFilter=EXEMPT+REPORTING+ADVISORS&Page=1&PageSize=100,2026-08-26T15:58:35+00:00,,,,,,,,unknown
1ae96b2c4847347b453a22e93e9c7ea1c9fcc81f2353ede6389ce4978862993c,EXEMPT REPORTING ADVISORS,Patagonia Research LLC,,ACTIVA,1413 Ponce De Leon Avenue 4th Floor San Juan PR 00907,847-502-8856,08/27/2025,ERA 133,,Xiaoyue Dai,335981,NO,1,https://concesionarios.ocif.pr.gov/es/License/Index?LicenseTypeFilter=EXEMPT+REPORTING+ADVISORS&Page=1&PageSize=100,2026-08-26T15:58:35+00:00,,,,,,,,unknown
235c4c6f0f2bc8d4d59322bc0f6361858829c974c1b94b1b804f61a90d253f20,EXEMPT REPORTING ADVISORS,PCO Capital LLC,,ACTIVA,82 King's Court St. Third Floor San Juan PR 00911,787-798-6434,09/08/2023,ERA 087,,Patricia Capote Ortiz,328072,NO,1,https://concesionarios.ocif.pr.gov/es/License/Index?LicenseTypeFilter=EXEMPT+REPORTING+ADVISORS&Page=1&PageSize=100,2026-08-26T15:58:35+00:00,,,,,,,,unknown
1c70f4e2fc08773ca17b5897cc89a1d5f09a4c2937b691ed46bd2d9df178db24,EXEMPT REPORTING ADVISORS,Pegasus Capital Group LLC,,ACTIVA,53 Palmers Street Suite 601 San Juan PR 00901,415-407-1142,08/21/2019,ERA 023,,Hank J. Holland,305415,NO,2,https://concesionarios.ocif.pr.gov/es/License/Index?LicenseTypeFilter=EXEMPT+REPORTING+ADVISORS&Page=2&PageSize=100,2026-08-26T15:58:35+00:00,,,,,,,,unknown
12525b7668445e7ead9195716229abb2523dda7bab4a612f4ffc323a3bd18a1f,EXEMPT REPORTING ADVISORS,Phalanx Advisors LLC,,ACTIVA,954 Ave Ponce De Leon 5th Floor - Miramar Plaza San Juan PR 00907,787-622-2323,03/29/2022,ERA 053,,Antonio Hernandez,317855,NO,2,https://concesionarios.ocif.pr.gov/es/License/Index?LicenseTypeFilter=EXEMPT+REPORTING+ADVISORS&Page=2&PageSize=100,2026-08-26T15:58:35+00:00,,,,,,,,unknown
8462b633b59332324e64dc38399f0ec2aac779e9d66d84ec4222c19d89e61e9d,EXEMPT REPORTING ADVISORS,"Phorcys Investment Advisors, LLC",,ACTIVA,"GAM Tower 2 Tabonuco Street, Suite 200 Guaynabo PR 00968",787-979-2163,09/08/2024,ERA 026,,Stephanie Jackels,306551,NO,2,https://concesionarios.ocif.pr.gov/es/License/Index?LicenseTypeFilter=EXEMPT+REPORTING+ADVISORS&Page=2&PageSize=100,2026-08-26T15:58:35+00:00,,,,,,,,unknown
29974d903477216585feb8e8623ffcfbdec0f22ae7adfa770f4ec524ebbe8b98,EXEMPT REPORTING ADVISORS,Pinnacle Equity Partners GP LLC,,ACTIVA,,,04/03/2024,ERA 098,,,,NO,2,https://concesionarios.ocif.pr.gov/es/License/Index?LicenseTypeFilter=EXEMPT+REPORTING+ADVISORS&Page=2&PageSize=100,2026-08-26T15:58:35+00:00,,,,,,,,unknown
f9a99048cce4790c2ff6927f43526c9834b2bdd29adedd4e47e8172b5556242d,EXEMPT REPORTING ADVISORS,Pinnacle Equity Partners GP LLC,,ACTIVA,PMB 302 B5 STE. 216 Cale Tabonuco Guaynabo PR 00968,787-587-0610,03/28/2025,ERA 118,,Jose I. Juelle,330485,NO,2,https://concesionarios.ocif.pr.gov/es/License/Index?LicenseTypeFilter=EXEMPT+REPORTING+ADVISORS&Page=2&PageSize=100,2026-08-26T15:58:35+00:00,,,,,,,,unknown
b60e77322328eb71abba3230b14cd28123e860b29f29672585e1bbdf77adb0cb,EXEMPT REPORTING ADVISORS,Ponce de Leon Capital Management LLC,,ACTIVA,255 Ave. Ponce De León Suite A-257 San Juan PR 00917,787-647-9345,02/05/2025,ERA 114,,Sergio Cordero,,NO,2,https://concesionarios.ocif.pr.gov/es/License/Index?LicenseTypeFilter=EXEMPT+REPORTING+ADVISORS&Page=2&PageSize=100,2026-08-26T15:58:35+00:00,,,,,,,,unknown
54f1514217ef696864316e47b102fd3f9943f244baf91b3d02fa20e3ef2236f6,EXEMPT REPORTING ADVISORS,PowerBitcoin Management LLC,,ACTIVA,"15 Calle Rodríguez Serra Grand atrium, Apt 7 San Juan PR 00907",786-459-4523,09/30/2024,ERA 109,,Travis VanderZanden,,NO,2,https://concesionarios.ocif.pr.gov/es/License/Index?LicenseTypeFilter=EXEMPT+REPORTING+ADVISORS&Page=2&PageSize=100,2026-08-26T15:58:35+00:00,,,,,,,,unknown
99a01d0487a64f851774baec69692d5ba1af99ee8831f2bd96a731584e9c4d59,EXEMPT REPORTING ADVISORS,PR Five Wealth Management LLC,,ACTIVA,517 Road 5 Ste 5 Cataño PR 00962,787-626-9052,05/26/2023,ERA 071,,Andres Garcia,326835,NO,2,https://concesionarios.ocif.pr.gov/es/License/Index?LicenseTypeFilter=EXEMPT+REPORTING+ADVISORS&Page=2&PageSize=100,2026-08-26T15:58:35+00:00,,,,,,,,unknown
cd09972733cfff9aff4fbf8e90f1e36b70d6ca4d8dfb857ca541355eaaebd192,EXEMPT REPORTING ADVISORS,"Preferred Capital Fund Management, LLC",,ACTIVA,307 F.D. Roosevelt Avenue San Juan PR 00918,787-499-0002,05/23/2023,ERA 082,,Carlos Saltz Bakalar,,NO,2,https://concesionarios.ocif.pr.gov/es/License/Index?LicenseTypeFilter=EXEMPT+REPORTING+ADVISORS&Page=2&PageSize=100,2026-08-26T15:58:35+00:00,,,,,,,,unknown
d4944f90ac11a7dd9fb4a40ac3ea1227d9325c3004376a25fb59c6702a5363be,EXEMPT REPORTING ADVISORS,ProtoCap Management LLC,,ACTIVA,"151 Calle De San Francisco Suite 200, PMB 0137 San Juan PR 00901-1660",939-318-5247,06/23/2022,ERA 064,,Arya Abedin,322416,NO,2,https://concesionarios.ocif.pr.gov/es/License/Index?LicenseTypeFilter=EXEMPT+REPORTING+ADVISORS&Page=2&PageSize=100,2026-08-26T15:58:35+00:00,,,,,,,,unknown
70a5d3ec09e0e1c28ca27d6352c33cfdb84aba860c186bed4f4716217fc752ca,EXEMPT REPORTING ADVISORS,Puerto Rico Opportunity Zone Fund LLC,,ACTIVA,5 Calle Luis González Suite 401 San Juan PR 00918-1632,303-263-5331,,ERA 054,,Jose A. Torres,,NO,2,https://concesionarios.ocif.pr.gov/es/License/Index?LicenseTypeFilter=EXEMPT+REPORTING+ADVISORS&Page=2&PageSize=100,2026-08-26T15:58:35+00:00,,,,,,,,unknown
4c3da5a38e1e186b5df869588e91d01232c680089336cfa20deeb8cdb7818786,EXEMPT REPORTING ADVISORS,"Puerto Rico Revitalization Fund Management, LLC",,ACTIVA,1253 Ave. Fernández Juncos Para 18 RH Todd San Juan PR 00907,787-745-8777,09/07/2023,ERA 085,,Iván Zavala Steidel,,NO,2,https://concesionarios.ocif.pr.gov/es/License/Index?LicenseTypeFilter=EXEMPT+REPORTING+ADVISORS&Page=2&PageSize=100,2026-08-26T15:58:35+00:00,,,,,,,,unknown
c8c39e9c404c2b75e108c3087ca2af817da6e2c74e380e1ec5a527e91a30734a,EXEMPT REPORTING ADVISORS,Quantum FC Management LLC,,ACTIVA,Quintas de Santa María #21 Mayaguez PR 00680,787-647-3888,11/08/2023,ERA 093,,José J. Feliciano,327088,NO,2,https://concesionarios.ocif.pr.gov/es/License/Index?LicenseTypeFilter=EXEMPT+REPORTING+ADVISORS&Page=2&PageSize=100,2026-08-26T15:58:35+00:00,,,,,,,,unknown
df36d14d0b4eba45185d92ce3afaa3ec8d5ab2dcf5549b81b3e948ad82dc99ec,EXEMPT REPORTING ADVISORS,RAD Capital GP LLC,,ACTIVA,Miramar Plaza Center 954 Ponce de Leon Avenue San Juan PR 00907,1-917-701-5568,06/22/2026,ERA 165,,Robert Danial,342598,NO,2,https://concesionarios.ocif.pr.gov/es/License/Index?LicenseTypeFilter=EXEMPT+REPORTING+ADVISORS&Page=2&PageSize=100,2026-08-26T15:58:35+00:00,,,,,,,,unknown
af0f94eb3c837c167a1473895f087c094e488789c7d6994276848a0fcb7a4b50,EXEMPT REPORTING ADVISORS,"RE Investment Advisors, LLC",,ACTIVA,1715 Ave. Ponce De Leon Suite 7 San Juan PR 00909,787-547-4950,06/02/2021,ERA 037,,Juan Carlos Suarez,315087,NO,2,https://concesionarios.ocif.pr.gov/es/License/Index?LicenseTypeFilter=EXEMPT+REPORTING+ADVISORS&Page=2&PageSize=100,2026-08-26T15:58:35+00:00,,,,,,,,unknown
eb28080808e8ed84a63aa1148b7fb87317f50e2778589dda855a28ab874fa1d7,EXEMPT REPORTING ADVISORS,"Rebel Management, LLC",,ACTIVA,157 calle de La Luna San Juan PR 00901,787-508-3732,12/26/2024,ERA 155,,Luis R Fortuno,334378,NO,2,https://concesionarios.ocif.pr.gov/es/License/Index?LicenseTypeFilter=EXEMPT+REPORTING+ADVISORS&Page=2&PageSize=100,2026-08-26T15:58:35+00:00,,,,,,,,unknown
a3690b433b95e111cd3a893af560e8d93d53b9344b2cf49e788fca389eae773e,EXEMPT REPORTING ADVISORS,RR Fund Management LLC,,ACTIVA,Rio Cañas Carr. 1 KM HM 264 Caguas PR 00725,787-788-6100,02/03/2025,ERA 116,,Rail I. Rodriguez Font,334344,NO,2,https://concesionarios.ocif.pr.gov/es/License/Index?LicenseTypeFilter=EXEMPT+REPORTING+ADVISORS&Page=2&PageSize=100,2026-08-26T15:58:35+00:00,,,,,,,,unknown
4b3a9ff7029f079ef7708a0f2f769f4668e54397247926c22b4c0452cdbc6002,EXEMPT REPORTING ADVISORS,Sabanera Private Equity Manager LLC,,ACTIVA,120 Carr. 693 Dorado PR 00646,787-796-5656,07/03/2024,ERA 103,,Federico Stubbe,332175,NO,2,https://concesionarios.ocif.pr.gov/es/License/Index?LicenseTypeFilter=EXEMPT+REPORTING+ADVISORS&Page=2&PageSize=100,2026-08-26T15:58:35+00:00,,,,,,,,unknown
49f454def45f5c0f412701a2a4ba810ed47f87e39b7d24a25b124ce2cb65ab4a,EXEMPT REPORTING ADVISORS,Salamanca Capital LLC,,ACTIVA,638 Calle Aldebarran Suite 205 San Juan PR 00920,787-448-6669,12/17/2025,ERA 138,,Mikel Eguia,339875,NO,2,https://concesionarios.ocif.pr.gov/es/License/Index?LicenseTypeFilter=EXEMPT+REPORTING+ADVISORS&Page=2&PageSize=100,2026-08-26T15:58:35+00:00,,,,,,,,unknown
fbdf6e72e4b841c708b119114250bdf65804c6e52342f28de963bfc82fce0b8d,EXEMPT REPORTING ADVISORS,Sanctor Capital Management LLC,,ACTIVA,151 Calle De San Francisco Suite 200 PMB 1915 San Juan PR 00901-1607,347-392-0044,05/03/2021,ERA 036,,Hanhwa Kao,,NO,2,https://concesionarios.ocif.pr.gov/es/License/Index?LicenseTypeFilter=EXEMPT+REPORTING+ADVISORS&Page=2&PageSize=100,2026-08-26T15:58:35+00:00,,,,,,,,unknown
b26a9a2e0e9e2ba13a480027afef5db4882c90fd4cac9ad2173f33715c7a847d,EXEMPT REPORTING ADVISORS,Sanglucci Partners Management LLC,,ACTIVA,1511 Ave Ponce De Leon 984 San Juan PR 00909,646-820-1364,08/30/2019,ERA 025,,Dip Patel,305425,NO,2,https://concesionarios.ocif.pr.gov/es/License/Index?LicenseTypeFilter=EXEMPT+REPORTING+ADVISORS&Page=2&PageSize=100,2026-08-26T15:58:35+00:00,,,,,,,,unknown
6e257b43a4c14db51b486470baf361c953f846a5f2ea5de93c589504930c7985,EXEMPT REPORTING ADVISORS,"Semillero Advisors, LLC",,ACTIVA,316 Ave De Diego Suite 201 San Juan PR 00909,646-413-3484,09/16/2016,ERA 007,,Alex Borschow,284615,NO,2,https://concesionarios.ocif.pr.gov/es/License/Index?LicenseTypeFilter=EXEMPT+REPORTING+ADVISORS&Page=2&PageSize=100,2026-08-26T15:58:35+00:00,,,,,,,,unknown
189713f7489ccc82b2fa1e9c1ca4f2fb717077e9c6a1e9dcddadb6c28376ff02,EXEMPT REPORTING ADVISORS,"Seven Six Capital Management, LLC",,ACTIVA,147 E. 48th Street 2nd Floor New York NY 10017,212-230-9844,02/21/2019,ERA 021,,Matthew I Weissman,299257,NO,2,https://concesionarios.ocif.pr.gov/es/License/Index?LicenseTypeFilter=EXEMPT+REPORTING+ADVISORS&Page=2&PageSize=100,2026-08-26T15:58:35+00:00,,,,,,,,unknown
2d1622206b5e3a3b5386690380a32d2f019b89f2d1a9229f46e63068fe6f617d,EXEMPT REPORTING ADVISORS,SG Advisers LLC,,ACTIVA,Urb. Flamboyan D-12 calle 3 Manati PR 00674,787-608-8207,02/21/2023,ERA 146,,Jaime X Pantoja Lozada,322044,NO,2,https://concesionarios.ocif.pr.gov/es/License/Index?LicenseTypeFilter=EXEMPT+REPORTING+ADVISORS&Page=2&PageSize=100,2026-08-26T15:58:35+00:00,,,,,,,,unknown
08765e093c76795d652a982a770d9f75e2325cf36c7a4aa58c13f18681e16755,EXEMPT REPORTING ADVISORS,Shipyard Capital Management LLC,,ACTIVA,1 Independence Ct. 1215 Hoboken NJ 07030,646-509-9519,06/17/2016,ERA 005,,Carson Mitchell,,NO,2,https://concesionarios.ocif.pr.gov/es/License/Index?LicenseTypeFilter=EXEMPT+REPORTING+ADVISORS&Page=2&PageSize=100,2026-08-26T15:58:35+00:00,,,,,,,,unknown
eb8791254b18ed0975aab7542431080ecffbfb46a50d2e2e700cfb92bcbd72be,EXEMPT REPORTING ADVISORS,"Skyrock Advisor Group, LLC",,ACTIVA,1666 Ponce De Leon Num 008 San Juan PR 00908,787-515-6000,10/03/2022,ERA 072,,Bryan Miller,323575,NO,2,https://concesionarios.ocif.pr.gov/es/License/Index?LicenseTypeFilter=EXEMPT+REPORTING+ADVISORS&Page=2&PageSize=100,2026-08-26T15:58:35+00:00,,,,,,,,unknown
ef6d5ae96192acb8326ecbc55b9f3b653c99722248cfb6f2685492eefcd1c350,EXEMPT REPORTING ADVISORS,SMHT LLC,,ACTIVA,1315 Ave Ponce de Leon San Juan PR 00907,1-813-896-9548,03/03/2026,ERA 137,,Sarah Harley,338441,NO,2,https://concesionarios.ocif.pr.gov/es/License/Index?LicenseTypeFilter=EXEMPT+REPORTING+ADVISORS&Page=2&PageSize=100,2026-08-26T15:58:35+00:00,,,,,,,,unknown
5793d1bb4a7b445e6a82413c2743fa7d0d6b202cd234398fe490da157f1fe461,EXEMPT REPORTING ADVISORS,Solar Equity Partners LLC,,ACTIVA,"Calle Orquidea 3 Urb, Santa María San Juan PR 00927",571-291-1636,09/08/2023,ERA 086,,Alberto L. Perez,326457,NO,2,https://concesionarios.ocif.pr.gov/es/License/Index?LicenseTypeFilter=EXEMPT+REPORTING+ADVISORS&Page=2&PageSize=100,2026-08-26T15:58:35+00:00,,,,,,,,unknown
d02acfa05428abf8f0a29832ff8f2ea39c3df6172866f6b5a60229839d701f2d,EXEMPT REPORTING ADVISORS,"Spekkio, LLC",,ACTIVA,261 Calle de San Sebastian San Juan PR 00901,1-301-502-7589,06/30/2026,ERA 166,,Rachel Sapers,343471,NO,2,https://concesionarios.ocif.pr.gov/es/License/Index?LicenseTypeFilter=EXEMPT+REPORTING+ADVISORS&Page=2&PageSize=100,2026-08-26T15:58:35+00:00,,,,,,,,unknown
6ab95cbb0d3a55deaa5f25352d6291f049a6a7ac7ac3bd1fd3232d841193a593,EXEMPT REPORTING ADVISORS,Stack Management LLC,,ACTIVA,10091 Ave. San Marcos Urb. El Comandante Carolina PR 00982,787-664-4203,10/04/2023,ERA 091,,Mauricio Noguera,328457,NO,2,https://concesionarios.ocif.pr.gov/es/License/Index?LicenseTypeFilter=EXEMPT+REPORTING+ADVISORS&Page=2&PageSize=100,2026-08-26T15:58:35+00:00,,,,,,,,unknown
3974e1063128a305102c003b1f4bcbc4a6a02dce71f6971fa817a453324ca0a8,EXEMPT REPORTING ADVISORS,"Stone Spring Global, LLC",,ACTIVA,25 Ave Munoz Rivera Apt 414 San Juan PR 00901,917-399-5897,07/16/2021,ERA 039,,David Rockwell,315497,NO,2,https://concesionarios.ocif.pr.gov/es/License/Index?LicenseTypeFilter=EXEMPT+REPORTING+ADVISORS&Page=2&PageSize=100,2026-08-26T15:58:35+00:00,,,,,,,,unknown
31192315e812790dc6bfae435f636614a389c2082010d71c7463ab92243917c3,EXEMPT REPORTING ADVISORS,Strabo Global Management LLC,,ACTIVA,218 Camino de los Ausubos Dorado PR 00646,917-753-8284,07/21/2022,ERA 068,,Stefano Rizzi,322825,NO,2,https://concesionarios.ocif.pr.gov/es/License/Index?LicenseTypeFilter=EXEMPT+REPORTING+ADVISORS&Page=2&PageSize=100,2026-08-26T15:58:35+00:00,,,,,,,,unknown
f6d6abb70477f1754f4404f767449d17d1ce6236658ade3e01eac0500aa50778,EXEMPT REPORTING ADVISORS,Straighpath Management Inc,,ACTIVA,25 Broadway 9th Floor New York NY 10004,646-767-7404,02/13/2020,ERA 028,,Eric Lachow,289300,NO,2,https://concesionarios.ocif.pr.gov/es/License/Index?LicenseTypeFilter=EXEMPT+REPORTING+ADVISORS&Page=2&PageSize=100,2026-08-26T15:58:35+00:00,,,,,,,,unknown
c477ae6727a0cc34e221e79199edf8651a790d7e9aa63cc45077d701c7f5b998,EXEMPT REPORTING ADVISORS,Stratagem Capital Management LLC,,ACTIVA,351 Tetuán St. Suite 2A-0007 San Juan PR 00901,787-379-2054,10/08/2024,ERA 110,,Simón E. Carlo,333623,NO,2,https://concesionarios.ocif.pr.gov/es/License/Index?LicenseTypeFilter=EXEMPT+REPORTING+ADVISORS&Page=2&PageSize=100,2026-08-26T15:58:35+00:00,,,,,,,,unknown
a99d2e6791c71e2363c8f1804a5f117360cb10b226115df317fbdf752bcf793a,EXEMPT REPORTING ADVISORS,"Strategic Capital Advisors, LLC",,ACTIVA,875 Carr. 693 Suite 201 Dorado PR 00646,787-626-6500,04/12/2022,ERA 050,,Luis Jimenez,318837,NO,2,https://concesionarios.ocif.pr.gov/es/License/Index?LicenseTypeFilter=EXEMPT+REPORTING+ADVISORS&Page=2&PageSize=100,2026-08-26T15:58:35+00:00,,,,,,,,unknown
0fdb88d3851ec0740a10d7bcd671900b75235b81043e303ede3b40268762fa0e,EXEMPT REPORTING ADVISORS,SumSan Management Corporation,,ACTIVA,"Carretera 64 Building 3060, 1st Floor Mayaguez PR 00680",787-831-6030,04/26/2022,ERA 057,,Fernando L. Sumaza Laborde,317364,NO,2,https://concesionarios.ocif.pr.gov/es/License/Index?LicenseTypeFilter=EXEMPT+REPORTING+ADVISORS&Page=2&PageSize=100,2026-08-26T15:58:35+00:00,,,,,,,,unknown
b00322fc4a037237ddf269ff2e7554d68ef7c7f111857ceaa069edc73508c7d2,EXEMPT REPORTING ADVISORS,"T&T Capital Management, LLC",,ACTIVA,121 Calle O'Neill San Juan PR 00918,787-620-2688,12/10/2024,ERA 113,,Edrick Touma,334022,NO,2,https://concesionarios.ocif.pr.gov/es/License/Index?LicenseTypeFilter=EXEMPT+REPORTING+ADVISORS&Page=2&PageSize=100,2026-08-26T15:58:35+00:00,,,,,,,,unknown
793f18242b9db679926d12da367590a7510bf1c87dbda78bfa3ba8de4c00996a,EXEMPT REPORTING ADVISORS,TARGET FUND MANAGEMENT SERVICES LLC,,ACTIVA,"Carretera #1 Calle Turquesa, BO. Monacillos San Juan PR 00918",787-783-9901,05/08/2025,ERA 121,,Enrique Blanco,335121,NO,2,https://concesionarios.ocif.pr.gov/es/License/Index?LicenseTypeFilter=EXEMPT+REPORTING+ADVISORS&Page=2&PageSize=100,2026-08-26T15:58:35+00:00,,,,,,,,unknown
59fd9074b70898a19688bedff840c939e836ffb428eb41358229e4a4dda9b06d,EXEMPT REPORTING ADVISORS,"Three Point Capital GP, LTD.",,ACTIVA,105 Avenida Jose De Diego Suite 803-South San Juan PR 00911,301-706-8650,12/13/2021,ERA 043,,Nabeel Qadri,318042,NO,2,https://concesionarios.ocif.pr.gov/es/License/Index?LicenseTypeFilter=EXEMPT+REPORTING+ADVISORS&Page=2&PageSize=100,2026-08-26T15:58:35+00:00,,,,,,,,unknown
d3d09f039677a32a36a50a760223eb79f2c50b837d85f2bbd97eed20d5a718cb,EXEMPT REPORTING ADVISORS,TQS Advisors LLC,,ACTIVA,2220 Park Blvd San Juan PR 00913,415-617-9510,06/15/2021,ERA 038,,Todd Swanson,314786,NO,2,https://concesionarios.ocif.pr.gov/es/License/Index?LicenseTypeFilter=EXEMPT+REPORTING+ADVISORS&Page=2&PageSize=100,2026-08-26T15:58:35+00:00,,,,,,,,unknown
6ccd594906f2f0f8fd2aaabc9c0fbfce9478fce3302a05d48ba18e9abebd2d3d,EXEMPT REPORTING ADVISORS,Trip Ventures LLC,,ACTIVA,B7 Tabonuco Street Suite 806 Guaynabo PR 00968,415-966-9614,,ERA 108,,Carlos García,,NO,2,https://concesionarios.ocif.pr.gov/es/License/Index?LicenseTypeFilter=EXEMPT+REPORTING+ADVISORS&Page=2&PageSize=100,2026-08-26T15:58:35+00:00,,,,,,,,unknown
5e0b50437e7bcdc6f638e8ae56625b9a0e805e1146e00049d0b585edb9402dea,EXEMPT REPORTING ADVISORS,Truffle Ventures Advisors,,ACTIVA,221 N Broad St Middletown DE 19709,571-758-5776,10/12/2022,ERA 075,,Weston Mccloy,323721,NO,2,https://concesionarios.ocif.pr.gov/es/License/Index?LicenseTypeFilter=EXEMPT+REPORTING+ADVISORS&Page=2&PageSize=100,2026-08-26T15:58:35+00:00,,,,,,,,unknown
7b9b55b678dc1c3c05f825d745b8a793560b9bbb0fc99e4b16cdfb92855ba6f7,EXEMPT REPORTING ADVISORS,Twin Leopard Capital Management LLC,,ACTIVA,"1250 Ave Ponce de Leon Ste 301, PMB 2204 San Juan PR 00907",1-512-537-9350,07/11/2023,ERA 149,,Victor Ratiu,327010,NO,2,https://concesionarios.ocif.pr.gov/es/License/Index?LicenseTypeFilter=EXEMPT+REPORTING+ADVISORS&Page=2&PageSize=100,2026-08-26T15:58:35+00:00,,,,,,,,unknown
afe6c137fb15c69b66119f583d6f6a43916ba0c42c32222de8189611079ee182,EXEMPT REPORTING ADVISORS,Unikisla Capital LLC,,ACTIVA,610 Calle Hipodromo San Juan PR 00909,787-517-7788,09/20/2023,ERA 090,,Ricardo Janiel García,328535,NO,2,https://concesionarios.ocif.pr.gov/es/License/Index?LicenseTypeFilter=EXEMPT+REPORTING+ADVISORS&Page=2&PageSize=100,2026-08-26T15:58:35+00:00,,,,,,,,unknown
821e57370faf86e883938f10fd4fe8943d892912809e0b9cfe871054eb38b0a8,EXEMPT REPORTING ADVISORS,Valiant Telos,,ACTIVA,"60 Broad Street, FL 24 Suite 1513 New York NY 10004",571-528-3937,11/04/2024,ERA 112,,Maya Suresh Kannan,332848,NO,2,https://concesionarios.ocif.pr.gov/es/License/Index?LicenseTypeFilter=EXEMPT+REPORTING+ADVISORS&Page=2&PageSize=100,2026-08-26T15:58:35+00:00,,,,,,,,unknown
98571d9a2ed667487a1b851fdb73c4b4712610ce8dd30a0eae603811e68acc31,EXEMPT REPORTING ADVISORS,VERANORTH CAPITAL,,ACTIVA,700 Louisiana Street Suite 3950 Houston TX 77002-2702,713-955-8767,05/15/2025,ERA 120,,Troy Reed,290567,NO,2,https://concesionarios.ocif.pr.gov/es/License/Index?LicenseTypeFilter=EXEMPT+REPORTING+ADVISORS&Page=2&PageSize=100,2026-08-26T15:58:35+00:00,,,,,,,,unknown
411326fb7c031be5b8500a124a44eb956eb5bc4d1e927f572484a715228a49d2,EXEMPT REPORTING ADVISORS,Vex Capital,,ACTIVA,157 Luna Street San Juan PR 00901,650-924-2785,05/28/2025,ERA 128,,John Crossman,337207,NO,2,https://concesionarios.ocif.pr.gov/es/License/Index?LicenseTypeFilter=EXEMPT+REPORTING+ADVISORS&Page=2&PageSize=100,2026-08-26T15:58:35+00:00,,,,,,,,unknown
3ff21ba9b4d80728345c9317cc36f62c073bda23a09e458391b0ca6d76466c11,EXEMPT REPORTING ADVISORS,Vivaris Capital LLC,,ACTIVA,Caribe Plaza Office Building 6th Floor Palmeras St. #53 San Juan PR 00901,619-727-8497,01/18/2022,ERA 044,,J. Christopher Mizer,318317,NO,2,https://concesionarios.ocif.pr.gov/es/License/Index?LicenseTypeFilter=EXEMPT+REPORTING+ADVISORS&Page=2&PageSize=100,2026-08-26T15:58:35+00:00,,,,,,,,unknown
e0f6608c0857ce5905ec2f017d4a56842fc8caf585b96767eab69d695991d314,EXEMPT REPORTING ADVISORS,"Wealth Alliance, LLC",,ACTIVA,268 Ponce De Leon Ave. Suite 806 San Juan PR 00918,787-330-5422,10/20/2022,ERA 074,,Jorge Rodriguez Bonano,318395,NO,2,https://concesionarios.ocif.pr.gov/es/License/Index?LicenseTypeFilter=EXEMPT+REPORTING+ADVISORS&Page=2&PageSize=100,2026-08-26T15:58:35+00:00,,,,,,,,unknown
4eb155aab20acf1d34fd855b2dc5ff23aeca5bc6c83a7bdb9204636f83275e30,EXEMPT REPORTING ADVISORS,WeFunder,,ACTIVA,141B Hampshire St San Francisco CA 94103,401-477-3647,03/10/2017,ERA 014,,Michael Norman,167803,NO,2,https://concesionarios.ocif.pr.gov/es/License/Index?LicenseTypeFilter=EXEMPT+REPORTING+ADVISORS&Page=2&PageSize=100,2026-08-26T15:58:35+00:00,,,,,,,,unknown
b383476bbed9a065bba33e938f047ffff9ea8132216e39338089b74825bb2b8c,EXEMPT REPORTING ADVISORS,Weisenborn LLC,,ACTIVA,145 Ave De Hostos #G-917 San Juan PR 00918,808-977-0888,06/14/2022,ERA 063,,Mark Paul Weisenborn,322341,NO,2,https://concesionarios.ocif.pr.gov/es/License/Index?LicenseTypeFilter=EXEMPT+REPORTING+ADVISORS&Page=2&PageSize=100,2026-08-26T15:58:35+00:00,,,,,,,,unknown
8689c18e780351b7aa3efcd33eebe8940994e266010ba09f475c4928aa931ccc,EXEMPT REPORTING ADVISORS,White Wolf Holdings LLC,,ACTIVA,1818 Calle Loiza San Juan PR 00911,440-242-9572,02/22/2022,ERA 047,,,319093,NO,2,https://concesionarios.ocif.pr.gov/es/License/Index?LicenseTypeFilter=EXEMPT+REPORTING+ADVISORS&Page=2&PageSize=100,2026-08-26T15:58:35+00:00,,,,,,,,unknown
f5c236b2313bd850f2e8a9d98ba2219bf03edaaffe91da4db094da068c50988b,EXEMPT REPORTING ADVISORS,Win2trade LLC,,ACTIVA,12890 Old Meridian St. unit 441 Carmel IN 46032,765-714-3120,02/18/2026,ERA 094,,Stephen K Humphrey,326143,NO,2,https://concesionarios.ocif.pr.gov/es/License/Index?LicenseTypeFilter=EXEMPT+REPORTING+ADVISORS&Page=2&PageSize=100,2026-08-26T15:58:35+00:00,,,,,,,,unknown
4dd4c9ebec17927546cfaaea6d9cc76efbb50efd2d21547f8beb484e2f0f7fcd,EXEMPT REPORTING ADVISORS,Yokahu Management LLC,,ACTIVA,2167 Loiza Street San Juan PR 00913,617-840-5633,03/22/2024,ERA 100,,Javier Fossas,330452,NO,2,https://concesionarios.ocif.pr.gov/es/License/Index?LicenseTypeFilter=EXEMPT+REPORTING+ADVISORS&Page=2&PageSize=100,2026-08-26T15:58:35+00:00,,,,,,,,unknown
544f9128f96cf56428ac25f405428bee3764b7025c80cd5bf4a1bd83d54d4547,EXEMPT REPORTING ADVISORS,Yolo Management LLC,,ACTIVA,1498 Roosevelt Ave Suite 201 Guaynabo PR 00968,787-300-6129,06/09/2022,ERA 061,,Jorge Fournier,321815,NO,2,https://concesionarios.ocif.pr.gov/es/License/Index?LicenseTypeFilter=EXEMPT+REPORTING+ADVISORS&Page=2&PageSize=100,2026-08-26T15:58:35+00:00,,,,,,,,unknown
6f2089276ccf3ca827722b2b005d5c88ee0d5a5f3d68f1094e02709c2ed7616d,INVESTMENT ADVISOR,1832 Asset Management U.S. Inc.,,ACTIVA,"16th Floor 40 Temperance Street Toronto, Ontario CA M5H OB4",416-363-9097,12/19/2022,IA-1555N,,Dana Banks,120836,NO,1,https://concesionarios.ocif.pr.gov/es/License/Index?LicenseTypeFilter=INVESTMENT+ADVISOR&Page=1&PageSize=100,2026-08-26T15:58:35+00:00,,,,,,,,unknown
72d3a15d6315b2b18a4a08c97087b4eb3d1178dcd9d7dace11706758f5ada40c,INVESTMENT ADVISOR,"1919 Investment Counsel , LLC",,ACTIVA,One South Street Suite 2500 Baltimore MD 21202,1-410-454-2171,03/25/2026,IA-1779N,,Reshma Ballie Mcgowan,133370,NO,1,https://concesionarios.ocif.pr.gov/es/License/Index?LicenseTypeFilter=INVESTMENT+ADVISOR&Page=1&PageSize=100,2026-08-26T15:58:35+00:00,,,,,,,,unknown
aaf7406f9ae9dd51a5f614312badc3f3cb461bcbd1cbfe8be0ebd7bd6ac65b18,INVESTMENT ADVISOR,"4/26 Retirement Income Planning & Wealth Management, LLC",,ACTIVA,1510 FD Roosevelt Ave Suite 302A Guaynabo PR 00968,787-249-8958,06/16/2021,IA-1433,,Ramon Rivera-Ramos,312258,NO,1,https://concesionarios.ocif.pr.gov/es/License/Index?LicenseTypeFilter=INVESTMENT+ADVISOR&Page=1&PageSize=100,2026-08-26T15:58:35+00:00,,,,,,,,unknown
90ba200bc945fb1ec339a3af9732c273725098e9d2b51ee3ade5e20c2b1844f0,INVESTMENT ADVISOR,"501 North, Inc",,ACTIVA,787 7th Avenue New York NY 10019,212-887-7777,12/11/2025,IA-1760N,,Michael Spero,338118,NO,1,https://concesionarios.ocif.pr.gov/es/License/Index?LicenseTypeFilter=INVESTMENT+ADVISOR&Page=1&PageSize=100,2026-08-26T15:58:35+00:00,,,,,,,,unknown
3f1f06cbfe87b9883c8a9cf3fe6f3fb024ea116b06ecf4293a2416ee71d9d9bf,INVESTMENT ADVISOR,551P,,ACTIVA,One Liberty Square Suite 200 Boston MA 02109,617-960-9559,03/31/2021,IA-1409N,,Dianne Descoteaux,286620,NO,1,https://concesionarios.ocif.pr.gov/es/License/Index?LicenseTypeFilter=INVESTMENT+ADVISOR&Page=1&PageSize=100,2026-08-26T15:58:35+00:00,,,,,,,,unknown
49aa69491b5e80dccc5d3b1ffd7ea8b5ea28ef02cc0800f02d723c5bc5594f89,INVESTMENT ADVISOR,71 West Capital Partners,,ACTIVA,1 Post Office Square Boston MA 02110,617-513-4127,11/14/2025,IA-1759N,,Abigail Harris,338756,NO,1,https://concesionarios.ocif.pr.gov/es/License/Index?LicenseTypeFilter=INVESTMENT+ADVISOR&Page=1&PageSize=100,2026-08-26T15:58:35+00:00,,,,,,,,unknown
b729c499caf15e5919c4287063ddf0164c1b21f9bc55808de65e03fc7eec8dad,INVESTMENT ADVISOR,"724 Capital, LLC",,ACTIVA,6986 Williams RD Lansing MI 48911,517-256-4319,01/13/2023,IA-1560N,,Robert Harold Dearman,318170,NO,1,https://concesionarios.ocif.pr.gov/es/License/Index?LicenseTypeFilter=INVESTMENT+ADVISOR&Page=1&PageSize=100,2026-08-26T15:58:35+00:00,,,,,,,,unknown
6515f321c6ed389135a94a07c5c234d82558e3f27e03148ae0187a0c2b5e8443,INVESTMENT ADVISOR,A.G.P. / Alliance Global Partners,,ACTIVA,88 Post Road West 2nd Floor Westport CT 06880,203-662-9700,05/08/2014,IA-1016N,,"John Venezia, Elena Fusillo",8361,NO,1,https://concesionarios.ocif.pr.gov/es/License/Index?LicenseTypeFilter=INVESTMENT+ADVISOR&Page=1&PageSize=100,2026-08-26T15:58:35+00:00,,,,,,,,unknown
1e7b164349416e7ef30851c1a39b47a778198ae002c66106f256fb50fd039ccf,INVESTMENT ADVISOR,AB Private Credit Investors LLC,,ACTIVA,1345 Avenue of the Americas New York NY 10105,212-969-1000,10/29/2014,IA-1026N,,Mark R. Manley,173027,NO,1,https://concesionarios.ocif.pr.gov/es/License/Index?LicenseTypeFilter=INVESTMENT+ADVISOR&Page=1&PageSize=100,2026-08-26T15:58:35+00:00,,,,,,,,unknown
1085d24d94f176f1adfc783a2a03bffc366a6d52cc125369d47d39991d183fe2,INVESTMENT ADVISOR,Aberdeen Asset Management Inc.,,ACTIVA,1735 Market Street 32nd Floor Philadelphia PA 19103,215-405-5700,12/05/2001,IA-0452N,,Aileen Strachan,111069,NO,1,https://concesionarios.ocif.pr.gov/es/License/Index?LicenseTypeFilter=INVESTMENT+ADVISOR&Page=1&PageSize=100,2026-08-26T15:58:35+00:00,,,,,,,,unknown
dbedf959512dc13192c29c0db2b809fd47b5ae63c135343387e46d59ab87de38,INVESTMENT ADVISOR,Accelerated Wealth Advisors LLC,,ACTIVA,13570 Meadowgrass Dr. Ste. 100 Colorado Springs CO 80921,719-466-5631,09/10/2018,IA-1250N,,Melissa Starr,170022,NO,1,https://concesionarios.ocif.pr.gov/es/License/Index?LicenseTypeFilter=INVESTMENT+ADVISOR&Page=1&PageSize=100,2026-08-26T15:58:35+00:00,,,,,,,,unknown
1ad0b9c1eef3f553e5ac5e83e6b09d896e60ee353fdf2ae44c055a408af30e3e,INVESTMENT ADVISOR,"Accountants Proprietary Financial Servicenet, Inc.",,ACTIVA,45 Executive Drive Suite 301 Plainview NY 11803,516-887-4433,12/05/2023,IA-1620N,,Daniel R. Bystrom,126685,NO,1,https://concesionarios.ocif.pr.gov/es/License/Index?LicenseTypeFilter=INVESTMENT+ADVISOR&Page=1&PageSize=100,2026-08-26T15:58:35+00:00,,,,,,,,unknown
4940f5dbe43717cc31bfcc71bc4b41de1c44fb31d6ad7d72c5e5ef6af18fafd7,INVESTMENT ADVISOR,"Accurate Wealth Management, LLC",,ACTIVA,2211 Ashley Oaks Circle Wesley Chapel FL 33544,813-994-0984,03/26/2024,IA-1648N,,Patrick Harris,298137,NO,1,https://concesionarios.ocif.pr.gov/es/License/Index?LicenseTypeFilter=INVESTMENT+ADVISOR&Page=1&PageSize=100,2026-08-26T15:58:35+00:00,,,,,,,,unknown
7017817f895e4b8f1c3a576d37b5da429efcfd4a67a6add83eaf94c883cc97f5,INVESTMENT ADVISOR,Acorns,,ACTIVA,4600 Campus Drive Suite 109 Newport Beach CA 92660,949-478-5064,11/12/2013,IA-0989N,,Sean Dignan,165926,NO,1,https://concesionarios.ocif.pr.gov/es/License/Index?LicenseTypeFilter=INVESTMENT+ADVISOR&Page=1&PageSize=100,2026-08-26T15:58:35+00:00,,,,,,,,unknown
a35376f514a1dd104dda4be1a8ad4b6c003a3c548b1b741adb0e6c9ea0527bc8,INVESTMENT ADVISOR,Addition Wealth,,ACTIVA,43 W 23rd St New York NY 10010,347-674-8954,03/22/2023,IA-1571N,,Ana C. Mahony,318018,NO,1,https://concesionarios.ocif.pr.gov/es/License/Index?LicenseTypeFilter=INVESTMENT+ADVISOR&Page=1&PageSize=100,2026-08-26T15:58:35+00:00,,,,,,,,unknown
190ff7ef9a42ad7d81cb34a9083f4916244f5f9c4b416d2af5f677e5f291525f,INVESTMENT ADVISOR,Adhesion Wealth Advisor Solutions,,ACTIVA,5925 Carnegie Blvd Suite 500 Charlotte NC 28209,888-295-8351,03/28/2024,IA-1640N,,Daniel Mulvey,143593,NO,1,https://concesionarios.ocif.pr.gov/es/License/Index?LicenseTypeFilter=INVESTMENT+ADVISOR&Page=1&PageSize=100,2026-08-26T15:58:35+00:00,,,,,,,,unknown
ab429f0b9e883c615c1b535a66f7b69260e39d4f21c82b5ad4826bd19de13949,INVESTMENT ADVISOR,Adrian Day Asset Management,,ACTIVA,Lots 81-82 Street C Ste. 204 Dorado PR 00646,410-224-2037,08/19/2019,IA-1308N,,Michael Quain,105985,NO,1,https://concesionarios.ocif.pr.gov/es/License/Index?LicenseTypeFilter=INVESTMENT+ADVISOR&Page=1&PageSize=100,2026-08-26T15:58:35+00:00,,,,,,,,unknown
7ca713245f2657849e48b2faf998e10a0f3cd950be2667eacb138dfdc5ed2107,INVESTMENT ADVISOR,"Advised Assets Group, LLC",,ACTIVA,8515 East Orchard Rd 10T2 Greenwood Village CO 80111,303-737-3817,03/29/2005,IA-0617N,,Beverly A Byrne,112058,NO,1,https://concesionarios.ocif.pr.gov/es/License/Index?LicenseTypeFilter=INVESTMENT+ADVISOR&Page=1&PageSize=100,2026-08-26T15:58:35+00:00,,,,,,,,unknown
6a42de3b15cbedea97fd980458a6b5abfbf4d063394f053a2c65b425def6d124,INVESTMENT ADVISOR,Advisifi LLC,,ACTIVA,100 Church Street Suite 863 New York NY 10007,888-983-2897,01/16/2025,IA-1701N,,Richard Brewster,332477,NO,1,https://concesionarios.ocif.pr.gov/es/License/Index?LicenseTypeFilter=INVESTMENT+ADVISOR&Page=1&PageSize=100,2026-08-26T15:58:35+00:00,,,,,,,,unknown
4dd001dbf78c0539ebeec12e7559744aa07626f53d2c04a91cbf357ae301d186,INVESTMENT ADVISOR,"Advisors Asset Management, Inc.",,ACTIVA,18925 Base Camp Road Suite 203 Monument Co 80132,719-488-9956,03/31/2026,IA-1289N,,"John Weber, John Webber",46727,NO,1,https://concesionarios.ocif.pr.gov/es/License/Index?LicenseTypeFilter=INVESTMENT+ADVISOR&Page=1&PageSize=100,2026-08-26T15:58:35+00:00,,,,,,,,unknown
5633ccd94e1bb6e632a4e1bd79e70784c774167d118872d6a65e1bcc578a099f,INVESTMENT ADVISOR,"Advisors Capital Management, LLC",,ACTIVA,777 Terrace Ave Hasbrouck Heights NJ,201-426-0081,01/17/2014,IA-0999N,,Kevin Kern,112266,NO,1,https://concesionarios.ocif.pr.gov/es/License/Index?LicenseTypeFilter=INVESTMENT+ADVISOR&Page=1&PageSize=100,2026-08-26T15:58:35+00:00,,,,,,,,unknown
9d6c143a5db804330d5a4b964be386497166d6a1cc0576198b27335bcf9f32be,INVESTMENT ADVISOR,"Advyzon Investment Management, LLC",,ACTIVA,4300 Commerce Court Suite 260 Lisle IL 60532,844-340-1898,03/15/2022,IA-1497N,,Lee Andreatta,318816,NO,1,https://concesionarios.ocif.pr.gov/es/License/Index?LicenseTypeFilter=INVESTMENT+ADVISOR&Page=1&PageSize=100,2026-08-26T15:58:35+00:00,,,,,,,,unknown
599bba78bc493ebf62f725f6e43290a0d3dd762e4394fc993e9cc9817c9c8df3,INVESTMENT ADVISOR,"AE Wealth Management, LLC",,ACTIVA,2950 SW Mcclure Road Suite B Topeka KS 66614,1-866-363-9595,07/23/2026,IA-1822N,,Shawn Scholz,282580,NO,1,https://concesionarios.ocif.pr.gov/es/License/Index?LicenseTypeFilter=INVESTMENT+ADVISOR&Page=1&PageSize=100,2026-08-26T15:58:35+00:00,,,,,,,,unknown
9454846bd4848fb8a0017f1a139824be11dffa19b124c0747eb15c7c303010f9,INVESTMENT ADVISOR,Aegis Capital Corp,,ACTIVA,810 7th Ave. 18th & 22nd Floor New York NY 10019,212-813-1010,04/01/2013,IA-0965N,,"David S. Hentschel, Kevin McKenna",15007,NO,1,https://concesionarios.ocif.pr.gov/es/License/Index?LicenseTypeFilter=INVESTMENT+ADVISOR&Page=1&PageSize=100,2026-08-26T15:58:35+00:00,,,,,,,,unknown
423cc343b5143406f0eea3ae975373b3985ce60aef86e42c52cbf6591c7bc11f,INVESTMENT ADVISOR,"AEP Management Company, LLC",,ACTIVA,"Miramar Plaza, 954 Ave. Ponce de León Suite 201A San Juan PR 00908",787-721-3953,10/21/2025,IA-1745,,Ginorly Maldonado,333539,NO,1,https://concesionarios.ocif.pr.gov/es/License/Index?LicenseTypeFilter=INVESTMENT+ADVISOR&Page=1&PageSize=100,2026-08-26T15:58:35+00:00,,,,,,,,unknown
14b402cfa33b70a863f8306285d33f395218051d426d333fc4b4ecb848af1d12,INVESTMENT ADVISOR,AEW Capital Management LP,,ACTIVA,Two Seaport Lane Boston MA 02210-2021,617-261-9000,06/05/2002,IA-0495N,,James J Finnegan,108633,NO,1,https://concesionarios.ocif.pr.gov/es/License/Index?LicenseTypeFilter=INVESTMENT+ADVISOR&Page=1&PageSize=100,2026-08-26T15:58:35+00:00,,,,,,,,unknown
a80fec48d218689b7b83697b1faf6a1a83a48a1e78be9c5747fce4af9508f4ad,INVESTMENT ADVISOR,AGF Investments,,ACTIVA,99 High Street Suite 2802 Boston MA 02110,1-617-292-9804,06/26/2026,IA-1814N,,Heather Justason,153781,NO,1,https://concesionarios.ocif.pr.gov/es/License/Index?LicenseTypeFilter=INVESTMENT+ADVISOR&Page=1&PageSize=100,2026-08-26T15:58:35+00:00,,,,,,,,unknown
20118345a8b990af39c44dbd749efd23d9db4e2103008fc5d82ff1441d1a35d4,INVESTMENT ADVISOR,"Albert Investments, LLC",,ACTIVA,3528 Hayden Avenue 3rd Floor-South Culver City CA 90232,844-891-9309,12/03/2018,IA-1260N,,Kenneth Steven Blake,298006,NO,1,https://concesionarios.ocif.pr.gov/es/License/Index?LicenseTypeFilter=INVESTMENT+ADVISOR&Page=1&PageSize=100,2026-08-26T15:58:35+00:00,,,,,,,,unknown
debaf503dd7404b14890d97aae86358d7205a06db0e07299ae8c49565355a966,INVESTMENT ADVISOR,Alden Capital,,ACTIVA,37 West Ave Suite 301 Wayne PA 19087,215-572-8700,08/30/2023,IA-1607N,,Ken Smith,293551,NO,1,https://concesionarios.ocif.pr.gov/es/License/Index?LicenseTypeFilter=INVESTMENT+ADVISOR&Page=1&PageSize=100,2026-08-26T15:58:35+00:00,,,,,,,,unknown
68f6e1ca509c54342e1b885ee60f8cfa3cc48653f580a22ff75ac79443575536,INVESTMENT ADVISOR,Alden Investment Group,,ACTIVA,37 West Ave Suite 301 Wayne PA 19087-3226,215-572-8700,09/28/2023,IA-1610N,,Kenneth R. Smith,317077,NO,1,https://concesionarios.ocif.pr.gov/es/License/Index?LicenseTypeFilter=INVESTMENT+ADVISOR&Page=1&PageSize=100,2026-08-26T15:58:35+00:00,,,,,,,,unknown
3a06296739f1473c42e179d5d23897fb54fe42b851c0b49390a50b87ca1744f8,INVESTMENT ADVISOR,Alinea Advisory Services LLC,,ACTIVA,46 Howard Street New York NY 10013,1-516-469-9482,03/11/2026,IA-1776N,,Anam Lakhani,311782,NO,1,https://concesionarios.ocif.pr.gov/es/License/Index?LicenseTypeFilter=INVESTMENT+ADVISOR&Page=1&PageSize=100,2026-08-26T15:58:35+00:00,,,,,,,,unknown
184fb84c1e6e0fddfd9a003488a21bf3287b07ca816e59266e4c02b4cab0c748,INVESTMENT ADVISOR,Alliancebernstein L.P.,,ACTIVA,1345 Ave of the Americas New York NY 10105,212-969-1000,10/27/1999,IA-0324N,,Mark R Manley,108477,NO,1,https://concesionarios.ocif.pr.gov/es/License/Index?LicenseTypeFilter=INVESTMENT+ADVISOR&Page=1&PageSize=100,2026-08-26T15:58:35+00:00,,,,,,,,unknown
6bab6b684e4a87973d8ae1c13f76089dcde6b3bc1fddb8a7c5416d5c7e561205,INVESTMENT ADVISOR,Alpen Partners International AG,,ACTIVA,Seestrasse 69 Baech 8806,00-4158-1057550,03/31/2021,IA-1412N,,Nathalie A. Caldelari,291759,NO,1,https://concesionarios.ocif.pr.gov/es/License/Index?LicenseTypeFilter=INVESTMENT+ADVISOR&Page=1&PageSize=100,2026-08-26T15:58:35+00:00,,,,,,,,unknown
736911ed53e9db5bbdb466a5d68519b4f3a9abbc05d07e8bc3bf211011ff1a04,INVESTMENT ADVISOR,Alpha Architect,,ACTIVA,213 Foxcroft Road Broomall PA 19008,1-215-882-9983,07/15/2021,IA-1438N,,Patrick Cleary,153905,NO,1,https://concesionarios.ocif.pr.gov/es/License/Index?LicenseTypeFilter=INVESTMENT+ADVISOR&Page=1&PageSize=100,2026-08-26T15:58:35+00:00,,,,,,,,unknown
5bf2673eb522f842dba8ebc3e19fd29c7a75a0f47d785bb96851e64186f4633f,INVESTMENT ADVISOR,"Alpha Wealth Funds, LLC",,ACTIVA,1887 Gold Dust Lane Suite 203 A Park City UT 84060,435-269-4100,04/25/2025,IA-1715N,,Aimee Spencer,150231,NO,1,https://concesionarios.ocif.pr.gov/es/License/Index?LicenseTypeFilter=INVESTMENT+ADVISOR&Page=1&PageSize=100,2026-08-26T15:58:35+00:00,,,,,,,,unknown
b4f40bd2e091b9d53d7b6ff2c5ad72093755fcd1618a56045561a467844df899,INVESTMENT ADVISOR,Alphacentric Advisors LLC,,ACTIVA,"207 Calle del Parque Floor 7, Suite 2 San Juan PR 00912",1-646-757-8387,03/27/2026,IA-1785N,,"Robert Glass, Robert Glass",170679,NO,1,https://concesionarios.ocif.pr.gov/es/License/Index?LicenseTypeFilter=INVESTMENT+ADVISOR&Page=1&PageSize=100,2026-08-26T15:58:35+00:00,,,,,,,,unknown
793c062a2a80dd31c1f938d041aa8dcdef68bfe7e76f0b09812a05e2eadab333,INVESTMENT ADVISOR,"Alphastar Capital Management, LLC",,ACTIVA,19600 West Catawba Avenue Suite B200 Cornelius NC 28031,855-340-2514,02/11/2025,IA-1706N,,Daniel Lantz,157423,NO,1,https://concesionarios.ocif.pr.gov/es/License/Index?LicenseTypeFilter=INVESTMENT+ADVISOR&Page=1&PageSize=100,2026-08-26T15:58:35+00:00,,,,,,,,unknown
88d9384704d65d841623e7857620f51eee09baf8447b092238aa02c77fad23c4,INVESTMENT ADVISOR,"Alps Advisors, Inc.",,ACTIVA,1290 Broadway Suite 1000 Denver CO 80203,303-623-2577,03/30/2021,IA-1403N,,Matthew J. Sutula,134340,NO,1,https://concesionarios.ocif.pr.gov/es/License/Index?LicenseTypeFilter=INVESTMENT+ADVISOR&Page=1&PageSize=100,2026-08-26T15:58:35+00:00,,,,,,,,unknown
78bdc948c9bd2e6620618b16b8bf7ce289089ec6261c707d781b79fb8c26494c,INVESTMENT ADVISOR,Alta Capital Management LLC,,ACTIVA,6440 South Wasatch Blvd Suite 260 Salt Lake City UT 84121,801-274-6010,05/25/2007,IA-0749N,,Haley Hammond,106786,NO,1,https://concesionarios.ocif.pr.gov/es/License/Index?LicenseTypeFilter=INVESTMENT+ADVISOR&Page=1&PageSize=100,2026-08-26T15:58:35+00:00,,,,,,,,unknown
072f903b8c5ce928443a43755eac34d69a816ea79a1ccb176a7d8c45fb728285,INVESTMENT ADVISOR,Altruist Advisors LLC,,ACTIVA,3030 S La Cienega BLVD Culver City CA 90232,1-202-494-0435,07/24/2026,IA-1823N,,Calli Westerlund,340784,NO,1,https://concesionarios.ocif.pr.gov/es/License/Index?LicenseTypeFilter=INVESTMENT+ADVISOR&Page=1&PageSize=100,2026-08-26T15:58:35+00:00,,,,,,,,unknown
c3359ff53597e874183082df742104f16f0bbcb19fdebe7a478ae9adda393c29,INVESTMENT ADVISOR,Altruist LLC,,ACTIVA,1621 Abbot Kinney Blvd Floor 2 Venice CA 90291,313-509-7310,02/04/2020,IA-1346N,,Mazi Bahadori,299398,NO,1,https://concesionarios.ocif.pr.gov/es/License/Index?LicenseTypeFilter=INVESTMENT+ADVISOR&Page=1&PageSize=100,2026-08-26T15:58:35+00:00,,,,,,,,unknown
a001de87496a5aa29a1b5e08b59ebcde514a313864005749f02531d1e59b99a3,INVESTMENT ADVISOR,"American Century Personal Financial Solutions, Inc.",,ACTIVA,4400 Main Street Kansas City MO 64111-7709,816-531-5575,10/30/2017,IA-1186N,,Amy Shelton,290043,NO,1,https://concesionarios.ocif.pr.gov/es/License/Index?LicenseTypeFilter=INVESTMENT+ADVISOR&Page=1&PageSize=100,2026-08-26T15:58:35+00:00,,,,,,,,unknown
0a724423f753eb9850d13a7181d697a484e375fa578ce03b1f810aacf072fd01,INVESTMENT ADVISOR,"American Independent Securities Group, LLC",,ACTIVA,664 Rivershore Lane Suite 150 Eagle ID 83616,208-489-3131,03/25/2025,IA-1714N,,Sheila Kerbein,135288,NO,1,https://concesionarios.ocif.pr.gov/es/License/Index?LicenseTypeFilter=INVESTMENT+ADVISOR&Page=1&PageSize=100,2026-08-26T15:58:35+00:00,,,,,,,,unknown
d6d1ddaef77f44708a99ba63698ff153ece5bda10d1ddbf6224ed410ee48988c,INVESTMENT ADVISOR,American Northwest Advisory Services L.L.C.,,ACTIVA,1010 S. 336th St. Suite 215 Federal Way WA 98003,1-253-815-6564,03/18/2026,IA-1778N,,Thomas L Oakes,110117,NO,1,https://concesionarios.ocif.pr.gov/es/License/Index?LicenseTypeFilter=INVESTMENT+ADVISOR&Page=1&PageSize=100,2026-08-26T15:58:35+00:00,,,,,,,,unknown
9b8c42a43c76784d23b0bcb463fc178e69d892208acb71db2bac3b285dba8674,INVESTMENT ADVISOR,"Ameriprise Financial Services, LLC",,ACTIVA,707 2nd Avenue South Minneapolis MN 55402,612-671-3131,12/17/2008,IA-0812N,,"Lauren Holmes, Kurt W Lofgren",6363,NO,1,https://concesionarios.ocif.pr.gov/es/License/Index?LicenseTypeFilter=INVESTMENT+ADVISOR&Page=1&PageSize=100,2026-08-26T15:58:35+00:00,,,,,,,,unknown
dde769fbf14e56db21a1a34cc4bb774371b1e767a5356ef85aa0a2fc34be66b1,INVESTMENT ADVISOR,AMG Funds LLC,,ACTIVA,800 Conneticut Avenue Norwalk CT 06854,203-299-3500,05/25/2005,IA-0625N,,Patrick Spellman,153456,NO,1,https://concesionarios.ocif.pr.gov/es/License/Index?LicenseTypeFilter=INVESTMENT+ADVISOR&Page=1&PageSize=100,2026-08-26T15:58:35+00:00,,,,,,,,unknown
925c4c2990f329e3edc5e7ef7d0163e407782c0471300b3b16e2a3d741d81d1f,INVESTMENT ADVISOR,Andersen,,ACTIVA,1861 International Dr Suite 501 McLean VA 22102,571-382-0020,04/09/2003,IA-0548N,,Morgan Chong,124205,NO,1,https://concesionarios.ocif.pr.gov/es/License/Index?LicenseTypeFilter=INVESTMENT+ADVISOR&Page=1&PageSize=100,2026-08-26T15:58:35+00:00,,,,,,,,unknown
f8e24950850372d633329b96414a49e144d91fdcbe7b1847eb7cae3bef46912b,INVESTMENT ADVISOR,Andrew Garrett Inc.,,ACTIVA,52 Vanderbilt Ave Suite 403 New York NY 10017,212-682-8833,01/28/2025,IA-1710N,,"Robert Schaffer, Mark Maurer, Mark Maurer",29931,NO,1,https://concesionarios.ocif.pr.gov/es/License/Index?LicenseTypeFilter=INVESTMENT+ADVISOR&Page=1&PageSize=100,2026-08-26T15:58:35+00:00,,,,,,,,unknown
5664641891e7200ebc5900924c61bca4961768283c5be73139b2f8b4f37cb6f9,INVESTMENT ADVISOR,"AON Hewitt Financial Advisors, LLC",,ACTIVA,7201 Hewitt Associates Drive Charlotte NC 28262,704-646-0000,10/13/2011,IA-0906N,,Matthew Chotkowski,158744,NO,1,https://concesionarios.ocif.pr.gov/es/License/Index?LicenseTypeFilter=INVESTMENT+ADVISOR&Page=1&PageSize=100,2026-08-26T15:58:35+00:00,,,,,,,,unknown
4cb8a672a342c2fd7390d538d8d2b780397da58a4be42b8079a928d85ef73280,INVESTMENT ADVISOR,AON Investments USA Inc.,,ACTIVA,200 East Randolph St Suite 700 Chicago IL 60601,312-381-1200,03/30/2022,IA-1507N,,Matthew Wallace,105596,NO,1,https://concesionarios.ocif.pr.gov/es/License/Index?LicenseTypeFilter=INVESTMENT+ADVISOR&Page=1&PageSize=100,2026-08-26T15:58:35+00:00,,,,,,,,unknown
c0a333d213ee74323756316e6b5c50246a2c023409b79d67aeb694a809c33ac2,INVESTMENT ADVISOR,Apella Wealth,,ACTIVA,65 Memorial Drive Suite C340 West Hartford CT 06107,1-860-785-2260,03/30/2026,IA-1788N,,Timothy Richards,171106,NO,1,https://concesionarios.ocif.pr.gov/es/License/Index?LicenseTypeFilter=INVESTMENT+ADVISOR&Page=1&PageSize=100,2026-08-26T15:58:35+00:00,,,,,,,,unknown
71ae43db20b9bc253ce64b91abccebbc5b92fbb3d50895c3cf31bd0bd7b5c4c8,INVESTMENT ADVISOR,"Aperio Group, LLC",,ACTIVA,Three Harbor Drive Suite 204 Sausalito CA 94965,415-339-4300,03/21/2025,IA-1713N,,Charles Choon Sik Park,111616,NO,1,https://concesionarios.ocif.pr.gov/es/License/Index?LicenseTypeFilter=INVESTMENT+ADVISOR&Page=1&PageSize=100,2026-08-26T15:58:35+00:00,,,,,,,,unknown
0fe8332ca31e4399d1b245dd11e0c64b4de99d4a9af4e98daff84a2427fb371a,INVESTMENT ADVISOR,"Apollon Wealth Management, LLC",,ACTIVA,835 Coleman Blvd Suite 102 Mount Pleasant SC 29464,843-579-0018,11/04/2022,IA-1552N,,Michael Anson Herman,291902,NO,1,https://concesionarios.ocif.pr.gov/es/License/Index?LicenseTypeFilter=INVESTMENT+ADVISOR&Page=1&PageSize=100,2026-08-26T15:58:35+00:00,,,,,,,,unknown
7a023d112cc88fb9e9b03703745b089a18c6fee99893e4a8dcc4b13a4ae2e5ca,INVESTMENT ADVISOR,Appleton Partners Inc.,,ACTIVA,One Post Office Square 6th Floor Boston MA 02109,617-338-0700,03/08/2011,IA-0885N,,Michelle D Hubley,110049,NO,1,https://concesionarios.ocif.pr.gov/es/License/Index?LicenseTypeFilter=INVESTMENT+ADVISOR&Page=1&PageSize=100,2026-08-26T15:58:35+00:00,,,,,,,,unknown
a64a064c5abc84e86012858ec54f973454c9ab7f653af3188d7c6ee74be6e708,INVESTMENT ADVISOR,"Applied Finance Capital Management, LLC",,ACTIVA,53 Calle Palmeras Suite 601 San Juan PR 00901,787-626-0404,06/05/2015,IA-1075N,,David D. Jones,226755,NO,1,https://concesionarios.ocif.pr.gov/es/License/Index?LicenseTypeFilter=INVESTMENT+ADVISOR&Page=1&PageSize=100,2026-08-26T15:58:35+00:00,,,,,,,,unknown
c1d86ef270419511155dff1625f6b4fc24526708f53f3c2bec43335856568d51,INVESTMENT ADVISOR,"AQR Flex Management, LLC",,ACTIVA,One Greenwich Plaza Suite 130 Greenwich CT 06830,1-203-742-3600,08/13/2026,IA-1825N,,H.J. Willcox,342478,NO,1,https://concesionarios.ocif.pr.gov/es/License/Index?LicenseTypeFilter=INVESTMENT+ADVISOR&Page=1&PageSize=100,2026-08-26T15:58:35+00:00,,,,,,,,unknown
ac35bb27b3b19a24028ae6864d67d98862d291ac620f08e196a0dcef8037f0fc,INVESTMENT ADVISOR,ARC Advisory LLC,,ACTIVA,325 9th Street Floor 3 San Francisco CA 94103,510-213-8085,06/12/2025,IA-1739N,,Adam Newkirk,330258,NO,1,https://concesionarios.ocif.pr.gov/es/License/Index?LicenseTypeFilter=INVESTMENT+ADVISOR&Page=1&PageSize=100,2026-08-26T15:58:35+00:00,,,,,,,,unknown
e4e72254ed402a4d1091da2ad5b3590779874a4fb9706e1f794404d7a78bf283,INVESTMENT ADVISOR,"Arco Global Management, LLC",,ACTIVA,"48 Road 165, Suite 4025 City View Plaza 2 Guaynabo PR 00968-8086",787-993-9650,06/25/2019,IA-1301N,,Francesco Piovanetti,287921,NO,1,https://concesionarios.ocif.pr.gov/es/License/Index?LicenseTypeFilter=INVESTMENT+ADVISOR&Page=1&PageSize=100,2026-08-26T15:58:35+00:00,,,,,,,,unknown
f4fc15f4a0a4ee500514b78e0c2070d36b7a52c16a5c21a257c6f79ed9385d2c,INVESTMENT ADVISOR,"Arcus Capital Partners, LLC",,ACTIVA,3060 Peachtree Road N.W. Suite 1880 Atlanta GA 30305,404-949-2111,11/19/2020,IA-1369N,,Adrienne Mandt,147346,NO,1,https://concesionarios.ocif.pr.gov/es/License/Index?LicenseTypeFilter=INVESTMENT+ADVISOR&Page=1&PageSize=100,2026-08-26T15:58:35+00:00,,,,,,,,unknown
a4de25f5ba45f32662067e75b4da7d101141722afad2df1b65e72fead9af8049,INVESTMENT ADVISOR,"Arete Wealth Advisors, LLC",,ACTIVA,1115 W Fulton Market 3rd Floor Chicago IL 60607,312-940-3684,01/04/2021,IA-1377N,,Unbo (Bob) Chung,145488,NO,1,https://concesionarios.ocif.pr.gov/es/License/Index?LicenseTypeFilter=INVESTMENT+ADVISOR&Page=1&PageSize=100,2026-08-26T15:58:35+00:00,,,,,,,,unknown
135edef4cad77b16016dccfb56fb6cf2c5cf54b05ed7cdc5436bf258c94d9fba,INVESTMENT ADVISOR,Ariel Investments LLC,,ACTIVA,200 East Randolph St Suite 2900 Chicago IL 60601,312-726-0140,08/29/2001,IA-0441N,,Wendy D Fox,108211,NO,1,https://concesionarios.ocif.pr.gov/es/License/Index?LicenseTypeFilter=INVESTMENT+ADVISOR&Page=1&PageSize=100,2026-08-26T15:58:35+00:00,,,,,,,,unknown
7e37474b2fc612e41923c65d5d5683857db9c560933507a52e71a52db5460c9f,INVESTMENT ADVISOR,"Aristotle Capital Management, LLC",,ACTIVA,11100 Santa Monica Blvd Suite 1700 Los Angeles CA 90025-0449,310-478-4005,03/04/2024,IA-1631N,,Michelle Gosom,109876,NO,1,https://concesionarios.ocif.pr.gov/es/License/Index?LicenseTypeFilter=INVESTMENT+ADVISOR&Page=1&PageSize=100,2026-08-26T15:58:35+00:00,,,,,,,,unknown
536d1f6244bf347a326fd7bef3bd112ea06001c1bec61da17335f23b4fc76f23,INVESTMENT ADVISOR,Ark Invest,,ACTIVA,3 E. 28th Street Floor 7 New York NY 10016,212-426-7040,03/27/2019,IA-1286N,,Kellen Carter,169525,NO,1,https://concesionarios.ocif.pr.gov/es/License/Index?LicenseTypeFilter=INVESTMENT+ADVISOR&Page=1&PageSize=100,2026-08-26T15:58:35+00:00,,,,,,,,unknown
dcdf0619702606a5ffd89ac985bf1a2f6e6fa92573e59eec3b8a1502e6d7ee17,INVESTMENT ADVISOR,Arkadios Wealth Advisors,,ACTIVA,309 East Paces Ferry Road Suite 1000 Atlanta GA 30305,404-445-0035,10/03/2018,IA-1255N,,"Chester C. Payne, Javier F Reyes Colón",288863,NO,1,https://concesionarios.ocif.pr.gov/es/License/Index?LicenseTypeFilter=INVESTMENT+ADVISOR&Page=1&PageSize=100,2026-08-26T15:58:35+00:00,,,,,,,,unknown
ed7a29dd86a6cab6ebeb35dd5bc7126a5c6a4362ee527eae11023d9bea430ba2,INVESTMENT ADVISOR,Arvest Wealth Management,,ACTIVA,921 West Monroe Avenue LOWELL AR 72745,877-278-3781,03/14/2013,IA-0950N,,Thomas B. Harps,42057,NO,1,https://concesionarios.ocif.pr.gov/es/License/Index?LicenseTypeFilter=INVESTMENT+ADVISOR&Page=1&PageSize=100,2026-08-26T15:58:35+00:00,,,,,,,,unknown
e75086b5b0086a50a473adfb0756c37d0fe75b4c37299f4b6b29c2b3a4246895,INVESTMENT ADVISOR,"Ashton Thomas Securities, LLC",,ACTIVA,200 Canal View Blvd. Suite 204 Rochester NY 14623,585-424-1234,03/29/2018,IA-1230N,,Joseph Lanzisera,16629,NO,1,https://concesionarios.ocif.pr.gov/es/License/Index?LicenseTypeFilter=INVESTMENT+ADVISOR&Page=1&PageSize=100,2026-08-26T15:58:35+00:00,,,,,,,,unknown
3c1c3710ab37f0a226fba454e768d1d12befed2f0aa8ab08d21f44f094adfb18,INVESTMENT ADVISOR,Aspire Strategist Portfolios LLC,,ACTIVA,99 Wall Street Suite 1448 New York NY 10005,212-292-3177,10/17/2024,IA-1685N,,Michael Lamoly,327902,NO,1,https://concesionarios.ocif.pr.gov/es/License/Index?LicenseTypeFilter=INVESTMENT+ADVISOR&Page=1&PageSize=100,2026-08-26T15:58:35+00:00,,,,,,,,unknown
21a9a5cb076b5107c5d75b789e7ceb0156581e60b6b5427043e77e67f92ca8da,INVESTMENT ADVISOR,"Assetmark, Inc.",,ACTIVA,1855 Grant St 10th Floor Concord CA 94520-2445,800-664-5345,08/01/2008,IA-0802N,,Claire Blue,109018,NO,1,https://concesionarios.ocif.pr.gov/es/License/Index?LicenseTypeFilter=INVESTMENT+ADVISOR&Page=1&PageSize=100,2026-08-26T15:58:35+00:00,,,,,,,,unknown
d06d377cef2f353e2fd2ea674f93ce650f8e7afc54973155c3d2e385f5bef38a,INVESTMENT ADVISOR,"Atalanta Sosnoff Capital, LLC",,ACTIVA,101 Park Ave New York NY 10178,212-867-5000,12/14/2007,IA-0767N,,Kevin S Kelly,104880,NO,1,https://concesionarios.ocif.pr.gov/es/License/Index?LicenseTypeFilter=INVESTMENT+ADVISOR&Page=1&PageSize=100,2026-08-26T15:58:35+00:00,,,,,,,,unknown
7ca01d5d3fd095b56a56719c3ee8ba580657ce618081b7655c43a462aaed3ef0,INVESTMENT ADVISOR,"Atalanta Sosnoff Management, LLC",,ACTIVA,101 Park Ave New york NY 10178,212-867-5000,01/06/2004,IA-0572N,,Kevin S Kelly,11085,NO,1,https://concesionarios.ocif.pr.gov/es/License/Index?LicenseTypeFilter=INVESTMENT+ADVISOR&Page=1&PageSize=100,2026-08-26T15:58:35+00:00,,,,,,,,unknown
fb319ba19bd944863cc9f43cdd301d081851e3f422e64946ecff4b71b85de21c,INVESTMENT ADVISOR,Atlanta Capital,,ACTIVA,1075 Peachtrree St NE Suite 2100 Atlanta GA 30309-3912,404-876-9411,06/26/2002,IA-0501N,,"R Kelly Williams, Jr",116719,NO,1,https://concesionarios.ocif.pr.gov/es/License/Index?LicenseTypeFilter=INVESTMENT+ADVISOR&Page=1&PageSize=100,2026-08-26T15:58:35+00:00,,,,,,,,unknown
a7cba0d923b35bad9e73f08f63b0c307a9badcf2093c2234a0dff67a330879e3,INVESTMENT ADVISOR,AtlanticMidwest Investment Research LLC,,ACTIVA,68 Antonio Lopez Suite 203 Humacao PR 00791,913-871-6670,02/14/2020,IA-1322,,Douglas Reed,305618,NO,1,https://concesionarios.ocif.pr.gov/es/License/Index?LicenseTypeFilter=INVESTMENT+ADVISOR&Page=1&PageSize=100,2026-08-26T15:58:35+00:00,,,,,,,,unknown
cf07e91c2b225eefab1dcbea7eab18009894b2cfdbfa5eb5805559f1848c4057,INVESTMENT ADVISOR,"Atlantis Investment Coaching, LLC",,ACTIVA,District View The Work Place 450 Ave de la Constitución Ste 200 San Juan PR 00901-2317,787-919-7314,11/30/2007,IA-0764,,Omar Pereira,145416,NO,1,https://concesionarios.ocif.pr.gov/es/License/Index?LicenseTypeFilter=INVESTMENT+ADVISOR&Page=1&PageSize=100,2026-08-26T15:58:35+00:00,,,,,,,,unknown
d2828346bf97dba410362576ecbf910204faa84ba7c0c47b1dabd899233a6cac,INVESTMENT ADVISOR,Atlas Asset Management LLC,,ACTIVA,Buchanan Office Center Suite 201 Rd. 165 No. 40 Guaynabo PR 00968-8022,787-781-1301,12/03/2014,IA-1031N,,"Paul Hopgood, Ana Suarez",173561,NO,1,https://concesionarios.ocif.pr.gov/es/License/Index?LicenseTypeFilter=INVESTMENT+ADVISOR&Page=1&PageSize=100,2026-08-26T15:58:35+00:00,,,,,,,,unknown
a2577b362659c249c0de86603adbfa9c12c3cf8b553327fe45b4fce140d5ab5c,INVESTMENT ADVISOR,ATON Financial LLC,,ACTIVA,1590 Ponce de León Suite 206 San Juan PR 00926,787-459-1780,04/10/2018,IA-1232N,,Marko Rendic,173070,NO,1,https://concesionarios.ocif.pr.gov/es/License/Index?LicenseTypeFilter=INVESTMENT+ADVISOR&Page=1&PageSize=100,2026-08-26T15:58:35+00:00,,,,,,,,unknown
d0ac7577a3f6cd930f91d0c78dfadda58cde8d1cb605e1e66889c863862447d1,INVESTMENT ADVISOR,"Ausdal Financial Partners, Inc.",,ACTIVA,5187 Utica Ridge Rd Davenport IA 52807,563-326-2064,01/06/2015,IA-1039N,,"Robert B. Ausdal Jr., Robert R. Ausdal Jr.",7995,NO,1,https://concesionarios.ocif.pr.gov/es/License/Index?LicenseTypeFilter=INVESTMENT+ADVISOR&Page=1&PageSize=100,2026-08-26T15:58:35+00:00,,,,,,,,unknown
ce5641dd33fb72f8ac624b8192f205925ad2522fe308ff1ff0a6ef4070ec67c6,INVESTMENT ADVISOR,Autonomous Wealth Management LLC,,ACTIVA,56 Bogart Street Suite 304 Brooklyn NY 11206,914-650-1988,11/20/2025,IA-1754N,,Richard Spector,337909,NO,1,https://concesionarios.ocif.pr.gov/es/License/Index?LicenseTypeFilter=INVESTMENT+ADVISOR&Page=1&PageSize=100,2026-08-26T15:58:35+00:00,,,,,,,,unknown
e4c90f04bdc88bae1b9cb40070e07e221c62590cf1913c1bc314c4a6328520cc,INVESTMENT ADVISOR,Autopilot,,ACTIVA,450 Lexington Avenue Ste. 400 New York NY 10017,646-574-4316,07/30/2024,IA-1668N,,John Hammond Heath,331749,NO,1,https://concesionarios.ocif.pr.gov/es/License/Index?LicenseTypeFilter=INVESTMENT+ADVISOR&Page=1&PageSize=100,2026-08-26T15:58:35+00:00,,,,,,,,unknown
df87b39c78358d721feb1eeb7752c57cde103b081e3400d83dfe5f8ef45fbb7d,INVESTMENT ADVISOR,Avory & Co.,,ACTIVA,12880 SW 63 CT Miami FL 33156,305-306-9494,06/20/2017,IA-1171N,,Sean Emory,284812,NO,1,https://concesionarios.ocif.pr.gov/es/License/Index?LicenseTypeFilter=INVESTMENT+ADVISOR&Page=1&PageSize=100,2026-08-26T15:58:35+00:00,,,,,,,,unknown
f7e34e1a84c1dfe9f8f8846f774543162f9f5647f992d30ec905e7b144bc190b,INVESTMENT ADVISOR,"Axxcess Wealth Management, LLC",,ACTIVA,6005 Hidden Valley Road Suite 290 Carlsbad CA 92011,858-217-5347,09/20/2019,IA-1314N,,Michael Loren Seid,164081,NO,1,https://concesionarios.ocif.pr.gov/es/License/Index?LicenseTypeFilter=INVESTMENT+ADVISOR&Page=1&PageSize=100,2026-08-26T15:58:35+00:00,,,,,,,,unknown
513f55604a5b14536054689d9983034537c2eb39a9f5520d3b1b71b6721ea5e5,INVESTMENT ADVISOR,"B. Riley Wealth Advisors, Inc.",,ACTIVA,40 S. Main St. Suite 1800 Memphis TN 38103,901-251-1330,11/03/2005,IA-0649N,,Marcus Arneaud,115927,NO,1,https://concesionarios.ocif.pr.gov/es/License/Index?LicenseTypeFilter=INVESTMENT+ADVISOR&Page=1&PageSize=100,2026-08-26T15:58:35+00:00,,,,,,,,unknown
7e658c75523188b502574098952fe8bfb0eed05d3e80b02074016260aa22f625,INVESTMENT ADVISOR,Bahl & Gaynor Inc.,,ACTIVA,212 East 3rd St Suite 200 Cincinnati OH 45202,513-287-6100,03/17/2009,IA-0822N,,Tita A Rogers,106139,NO,1,https://concesionarios.ocif.pr.gov/es/License/Index?LicenseTypeFilter=INVESTMENT+ADVISOR&Page=1&PageSize=100,2026-08-26T15:58:35+00:00,,,,,,,,unknown
fb6c62dd9ce6e69167eb11d10eef64f0560c1de69a483ebd81e7b3452800f1bd,INVESTMENT ADVISOR,Baillie Gifford International LLC,,ACTIVA,780 Third Avenue 43rd Floor New York NY 10017,212-319-4633,03/31/2022,IA-1514N,,Suzanne Quinn,305849,NO,1,https://concesionarios.ocif.pr.gov/es/License/Index?LicenseTypeFilter=INVESTMENT+ADVISOR&Page=1&PageSize=100,2026-08-26T15:58:35+00:00,,,,,,,,unknown
efc0598bf36258af40893a5769a2ca5ae522a5a43cf9060a71b015b4ea38bd36,INVESTMENT ADVISOR,Baillie Gifford Overseas Ltd,,ACTIVA,Calton Square 1 Greenside Row Edinburgh EH1 3AN,+44 131 275 2000,01/28/2021,IA-1384N,,Sarah Mckechnie,110296,NO,1,https://concesionarios.ocif.pr.gov/es/License/Index?LicenseTypeFilter=INVESTMENT+ADVISOR&Page=1&PageSize=100,2026-08-26T15:58:35+00:00,,,,,,,,unknown
5b13f7105830149f2fcbf27e01c82ea4971d41a0824cc64a31dc4f07ca848c51,INVESTMENT ADVISOR,"BAM Advisor Services, LLC",,ACTIVA,8182 Maryland Ave Suite 500 St Louis MO 63105,314-725-0455,02/01/2007,IA-0727N,,Dan Haynes,143319,NO,1,https://concesionarios.ocif.pr.gov/es/License/Index?LicenseTypeFilter=INVESTMENT+ADVISOR&Page=1&PageSize=100,2026-08-26T15:58:35+00:00,,,,,,,,unknown
0e95f6ddd0fdb9c59861263cf05508f5e502fcbc00430be6dbb39a0561f54dac,INVESTMENT ADVISOR,"Bankers Life Advisory Services, Inc.",,ACTIVA,111 E. Wacker Drive Ste 1900 Chicago IL 60601,844-553-9083,10/26/2023,IA-1614N,,"Alberta S. Roberts, Cheryl Heilman",281285,NO,1,https://concesionarios.ocif.pr.gov/es/License/Index?LicenseTypeFilter=INVESTMENT+ADVISOR&Page=1&PageSize=100,2026-08-26T15:58:35+00:00,,,,,,,,unknown
05d829d429b072c3fb84723bfacfe91320d19a0da4fd4b089f67ffd28529e58e,INVESTMENT ADVISOR,"Baron Capital Management, Inc.",,ACTIVA,767 Fifth Avenue 49th Floor New York NY 10153,212-583-2000,12/12/2013,IA-0995N,,Gretta J. Heaney,110791,NO,1,https://concesionarios.ocif.pr.gov/es/License/Index?LicenseTypeFilter=INVESTMENT+ADVISOR&Page=1&PageSize=100,2026-08-26T15:58:35+00:00,,,,,,,,unknown
3a51686cb323a1c4aa44dc712c818278525fa32aa9e404103bd096a8a12ec8f3,INVESTMENT ADVISOR,Beacon Financial Group,,ACTIVA,17300 Preston Rd Suite 120 Dallas TX 75252-5654,972-726-9888,01/07/2010,IA-0851N,,Stephen A Engro,110038,NO,1,https://concesionarios.ocif.pr.gov/es/License/Index?LicenseTypeFilter=INVESTMENT+ADVISOR&Page=1&PageSize=100,2026-08-26T15:58:35+00:00,,,,,,,,unknown
3754bf27b233176f47368e1d70af77636e6791b7b7f9d11f4381c7c54f3451a1,INVESTMENT ADVISOR,"Beacon Pointe Advisors, LLC",,ACTIVA,24 Corporate Plaza Suite 150 Newport Beach CA 92660,949-718-1600,05/27/2010,IA-0869N,,Shannon Eusey,119290,NO,1,https://concesionarios.ocif.pr.gov/es/License/Index?LicenseTypeFilter=INVESTMENT+ADVISOR&Page=1&PageSize=100,2026-08-26T15:58:35+00:00,,,,,,,,unknown
2a72255f1a45d9a5d4eea53cfe32f3b98454d3ef557e913e121d82561eb6acf8,INVESTMENT ADVISOR,Beacon Trust,,ACTIVA,163 Madison Avenue Morristown NJ 07960,1-973-377-8090,03/30/2026,IA-1789N,,Tom Mathew,226547,NO,1,https://concesionarios.ocif.pr.gov/es/License/Index?LicenseTypeFilter=INVESTMENT+ADVISOR&Page=1&PageSize=100,2026-08-26T15:58:35+00:00,,,,,,,,unknown
c393a98f0da0f858a036cfd0df3230fb7a0c712212a1f00cd2c4fa1a8affae66,INVESTMENT ADVISOR,Beanstox,,ACTIVA,"1010 Sherbrooke Street West Suite 2105 Montreal, Quebec H3A2R7",514-849-1056,10/24/2021,IA-1459N,,Louise Anne Poirier,291957,NO,1,https://concesionarios.ocif.pr.gov/es/License/Index?LicenseTypeFilter=INVESTMENT+ADVISOR&Page=1&PageSize=100,2026-08-26T15:58:35+00:00,,,,,,,,unknown
66daf9544354d43166a742300b7ea56cd8ea373ccfa9df7ad92c98af55aaf13d,INVESTMENT ADVISOR,"Belle Haven Investments, L.P.",,ACTIVA,1133 Westchester Ave. Suite S221 White Plains NY 10604,203-629-3323,03/27/2013,IA-0955N,,Mark Steffen,29278,NO,1,https://concesionarios.ocif.pr.gov/es/License/Index?LicenseTypeFilter=INVESTMENT+ADVISOR&Page=1&PageSize=100,2026-08-26T15:58:35+00:00,,,,,,,,unknown
c1f592101582826ac3eeb00ff09faad64d4a7e7fd93e6c881c5046ca0218374d,INVESTMENT ADVISOR,"Belpointe Asset Management, LLC",,ACTIVA,125 Greenwich Ave Greenwich CT 06830,203-629-3300,01/07/2011,IA-0882N,,Gregory Skidmore,143440,NO,1,https://concesionarios.ocif.pr.gov/es/License/Index?LicenseTypeFilter=INVESTMENT+ADVISOR&Page=1&PageSize=100,2026-08-26T15:58:35+00:00,,,,,,,,unknown
d3b06f0ace3a63591f46e3a2688bbddfe241b4194083622e42980d6bcbc92416,INVESTMENT ADVISOR,"Benjamin F. Edwards & Company, Inc.",,ACTIVA,"One North Brentwood Blvd. Suite 850 St, Louis MO 63105",314-726-1600,04/26/2016,IA-1116N,,"Edgar A. Cole II, Billy Wisdom",146936,NO,1,https://concesionarios.ocif.pr.gov/es/License/Index?LicenseTypeFilter=INVESTMENT+ADVISOR&Page=1&PageSize=100,2026-08-26T15:58:35+00:00,,,,,,,,unknown
a1628b32311e060e46753712b537a8c678d3c21654ef44f566b8cf03234aa990,INVESTMENT ADVISOR,Betterment,,ACTIVA,61 West 23rd Street 5th Floor New York NY 10010,212-228-1328,03/26/2015,IA-1053N,,Eli Broverman,149117,NO,1,https://concesionarios.ocif.pr.gov/es/License/Index?LicenseTypeFilter=INVESTMENT+ADVISOR&Page=1&PageSize=100,2026-08-26T15:58:35+00:00,,,,,,,,unknown
e6789cf3c8d126be6cde5be1ff00952ec7b3940049b93c4f3e9f783c33cdaa3f,INVESTMENT ADVISOR,BHPR Equity Research Corp.,,ACTIVA,"53 Calle Palmeras Caribe Office Building, Suite 600 San Juan PR 00901-2421",714-809-3284,10/16/2024,IA-1641,,Hilary Hendershott,328585,NO,1,https://concesionarios.ocif.pr.gov/es/License/Index?LicenseTypeFilter=INVESTMENT+ADVISOR&Page=1&PageSize=100,2026-08-26T15:58:35+00:00,,,,,,,,unknown
104a2879f187a76df965cda705717275c1ec6e373a2f4d5f84650d8e909ed08d,INVESTMENT ADVISOR,"Blackridge Asset Management, LLC",,ACTIVA,1070 E. Indiantown Road Suite 208-210 Jupiter FL 33477,561-641-5050,03/19/2020,IA-1334N,,Matt A. Myers,277085,NO,1,https://concesionarios.ocif.pr.gov/es/License/Index?LicenseTypeFilter=INVESTMENT+ADVISOR&Page=1&PageSize=100,2026-08-26T15:58:35+00:00,,,,,,,,unknown
9b8a378bebeb135a3407b8084417c6f1d6dbe96303797506a6a161469adc2ced,INVESTMENT ADVISOR,Blackrock (Singapore) Limited,,ACTIVA,"#18-01, Twenty Anson 20 Anson Road Singapore SG 079912",+65 6411 3000,07/12/2012,IA-0930N,,Guat Sian Tan,164594,NO,1,https://concesionarios.ocif.pr.gov/es/License/Index?LicenseTypeFilter=INVESTMENT+ADVISOR&Page=1&PageSize=100,2026-08-26T15:58:35+00:00,,,,,,,,unknown
66ad6ceea0512f28a544b5ed33c2737d343926f344b0278574c7eb4aa38aa2ce,INVESTMENT ADVISOR,"Blackrock Advisors, LLC",,ACTIVA,100 Bellevue Parkway Wilmington DE 19809-3700,302-797-2000,03/29/2018,IA-1220N,,Charles Park,106614,NO,1,https://concesionarios.ocif.pr.gov/es/License/Index?LicenseTypeFilter=INVESTMENT+ADVISOR&Page=1&PageSize=100,2026-08-26T15:58:35+00:00,,,,,,,,unknown
012f3caf64d647549685839d78c8d0f5b87ec9d71088642d02e49b8155d48fb4,INVESTMENT ADVISOR,Blackrock Asset Management North Asia Limited,,ACTIVA,Room 1501-02 & 16/F Cheung Kong Center 2 Queen's Road Central Hong Kong CH,+852 3903 2800,01/11/2013,IA-0944N,,Juanita Li Yuen Ting,165482,NO,1,https://concesionarios.ocif.pr.gov/es/License/Index?LicenseTypeFilter=INVESTMENT+ADVISOR&Page=1&PageSize=100,2026-08-26T15:58:35+00:00,,,,,,,,unknown
634ad5b7c4ad7695362c12ec3d63c73cbb1be7634af19fadf198061e59125925,INVESTMENT ADVISOR,"Blackrock Capital Management, Inc.",,ACTIVA,100 Bellevue Parkway Wilmington DE 19809,302-797-2000,01/08/2003,IA-0535N,,Carsten Otto,108069,NO,2,https://concesionarios.ocif.pr.gov/es/License/Index?LicenseTypeFilter=INVESTMENT+ADVISOR&Page=2&PageSize=100,2026-08-26T15:58:36+00:00,,,,,,,,unknown
73b05cb3a316e1edc45fe190e963eddef75e8add97fe783e394c020f0a2ba130,INVESTMENT ADVISOR,"Blackrock Financial Management, Inc.",,ACTIVA,55 East 52nd St New York NY 10055,212-810-5300,03/31/2006,IA-0683N,,Carsten Otto,107105,NO,2,https://concesionarios.ocif.pr.gov/es/License/Index?LicenseTypeFilter=INVESTMENT+ADVISOR&Page=2&PageSize=100,2026-08-26T15:58:36+00:00,,,,,,,,unknown
2f63f0dd2a7d100c84b66cfb21c69cb2e86b0d577dc0c405d6bdcfb1d3ed1a30,INVESTMENT ADVISOR,Blackrock Fund Advisors,,ACTIVA,400 Howard Street San Franciso CA 94105,415-670-2000,03/29/2018,IA-1223N,,Charles Park,105247,NO,2,https://concesionarios.ocif.pr.gov/es/License/Index?LicenseTypeFilter=INVESTMENT+ADVISOR&Page=2&PageSize=100,2026-08-26T15:58:36+00:00,,,,,,,,unknown
509cc5e490fcd2acfe0a5fcd6fc9c37896b66d2f0bfae9ef442295f750bf7b7a,INVESTMENT ADVISOR,Blackrock International Limited,,ACTIVA,Exchange Place One 1 Semple St Edinburgh EH3 8BL,011-44-131-472-7200,03/31/2009,IA-0826N,,Georgina Fogo,106843,NO,2,https://concesionarios.ocif.pr.gov/es/License/Index?LicenseTypeFilter=INVESTMENT+ADVISOR&Page=2&PageSize=100,2026-08-26T15:58:36+00:00,,,,,,,,unknown
2f33522c56ac9d0ddb085be2a318af770f415c7aa69754360f5ac46e620301c2,INVESTMENT ADVISOR,"Blackrock Investment Management, LLC",,ACTIVA,1 University Square Drive Princeton NJ 08540,609-282-2000,09/11/2006,IA-0709N,,Carsten Otto,108928,NO,2,https://concesionarios.ocif.pr.gov/es/License/Index?LicenseTypeFilter=INVESTMENT+ADVISOR&Page=2&PageSize=100,2026-08-26T15:58:36+00:00,,,,,,,,unknown
b6a78c77af78d32d863cfa2037414ab7c99cb02a781b2bf20861d72ac70376a0,INVESTMENT ADVISOR,Blackrock Private Equity Partners AG,,ACTIVA,Claridenstrasse 25 Zurich SW 8002,41 44 205 5300,09/16/2013,IA-0983N,,Susan Seidel,161987,NO,2,https://concesionarios.ocif.pr.gov/es/License/Index?LicenseTypeFilter=INVESTMENT+ADVISOR&Page=2&PageSize=100,2026-08-26T15:58:36+00:00,,,,,,,,unknown
432f2855afd4d135848e32bb8826d204fc99f2ef826047c4a34566d901f70ee3,INVESTMENT ADVISOR,Blackrock Realty Advisors Inc.,,ACTIVA,40 East 52nd Street New York NY 10022,212-810-5300,03/29/2018,IA-1228N,,Robert Weiss,109457,NO,2,https://concesionarios.ocif.pr.gov/es/License/Index?LicenseTypeFilter=INVESTMENT+ADVISOR&Page=2&PageSize=100,2026-08-26T15:58:36+00:00,,,,,,,,unknown
db1bb07301e39e241f7d33c377dc797bff6cd32fff123e1df553668255cd6e47,INVESTMENT ADVISOR,"Bleakley Financial Group, LLC",,ACTIVA,100 Passaic Avenue Suite 300 Fairfield NJ 07004,973-575-4180,06/30/2022,IA-1532N,,Richard L. Zack,318366,NO,2,https://concesionarios.ocif.pr.gov/es/License/Index?LicenseTypeFilter=INVESTMENT+ADVISOR&Page=2&PageSize=100,2026-08-26T15:58:36+00:00,,,,,,,,unknown
7f0876c75513b43ea9b8190d07816f32f97407d837ff363c35e1a88a96d9af40,INVESTMENT ADVISOR,"Bloom Investment Advisors, LLC",,ACTIVA,653 Arcadia Road Ridgewood NJ 07450,201-790-6643,06/07/2022,IA-1530N,,Sung Hyun Mo,317405,NO,2,https://concesionarios.ocif.pr.gov/es/License/Index?LicenseTypeFilter=INVESTMENT+ADVISOR&Page=2&PageSize=100,2026-08-26T15:58:36+00:00,,,,,,,,unknown
266cc4784f3ba5bb9f1bf452feb3be46c6bf39dc720e11a33f903d17d8ecc7c0,INVESTMENT ADVISOR,"Blue Ocean Strategic Advisors, LLC",,ACTIVA,"Ochoa Building 500 De la Tanca Street, Suite 205 San Juan PR 00901",787-724-1379,03/27/2013,IA-0945,,Emilio S. Vilella,165146,NO,2,https://concesionarios.ocif.pr.gov/es/License/Index?LicenseTypeFilter=INVESTMENT+ADVISOR&Page=2&PageSize=100,2026-08-26T15:58:36+00:00,,,,,,,,unknown
6a8a3aa869a23cba46fac87ce0c9f5280d23ce23a895048e60e0abe0d1e2b6b8,INVESTMENT ADVISOR,"Blue Point Strategic Wealth Management, LLC",,ACTIVA,115 West Century Road Suite 360 Paramus NJ 07652,201-690-3035,05/15/2015,IA-1049NS,,Michael Depol,166617,NO,2,https://concesionarios.ocif.pr.gov/es/License/Index?LicenseTypeFilter=INVESTMENT+ADVISOR&Page=2&PageSize=100,2026-08-26T15:58:36+00:00,,,,,,,,unknown
7acfeb4246b1e606e77da6b36d8d8152c17274cc26174b48c1af8da3d0f5c764,INVESTMENT ADVISOR,Bluhaus Capital Management LLC,,ACTIVA,B-7 Tabonuco Street Suite 806 Guaynabo PR 00968,787-708-6747,03/31/2026,IA-1795N,,Eduardo Inclan,323884,NO,2,https://concesionarios.ocif.pr.gov/es/License/Index?LicenseTypeFilter=INVESTMENT+ADVISOR&Page=2&PageSize=100,2026-08-26T15:58:36+00:00,,,,,,,,unknown
1bd46aa4d487f798e4649c8cdf2577c415771b9ad37321d1042176e6054871c6,INVESTMENT ADVISOR,BNY Mellon Securities,,ACTIVA,240 Greenwich Street New York NY 10286,212-635-4738,09/09/1997,IA-0252N,,"William Kennedy, Joseph W Connolly",231,NO,2,https://concesionarios.ocif.pr.gov/es/License/Index?LicenseTypeFilter=INVESTMENT+ADVISOR&Page=2&PageSize=100,2026-08-26T15:58:36+00:00,,,,,,,,unknown
408a7723804aae8013f99899db718fbe8775bef2a65bee22905a4f6a67078a85,INVESTMENT ADVISOR,"Boston Common Asset Management, LLC",,ACTIVA,84 State St Suite 940 Boston MA 02109,617-720-5557,03/30/2011,IA-0891N,,Kristina Eisnor,123558,NO,2,https://concesionarios.ocif.pr.gov/es/License/Index?LicenseTypeFilter=INVESTMENT+ADVISOR&Page=2&PageSize=100,2026-08-26T15:58:36+00:00,,,,,,,,unknown
91437fce332e86f521d7ab06875f5542f0176988e71a3e9db795dffacab4343f,INVESTMENT ADVISOR,"Boyd Watterson Asset Management, LLC",,ACTIVA,1301 East 9th Street Suite 2900 Cleveland OH 44114-3179,216-771-3450,09/02/2020,IA-1361N,,Thomas J. Tarantino,107808,NO,2,https://concesionarios.ocif.pr.gov/es/License/Index?LicenseTypeFilter=INVESTMENT+ADVISOR&Page=2&PageSize=100,2026-08-26T15:58:36+00:00,,,,,,,,unknown
f1dda7b54d1eb47d34311a27f700dbd6457b58d69e8040724eb5d28f13ae9591,INVESTMENT ADVISOR,"Brandes Investment Partners, LP",,ACTIVA,11988 El Camino Real Suite 600 San Diego CA 92130-3579,858-755-0239,06/23/1992,IA-0121N,,Roberta Loubier,105404,NO,2,https://concesionarios.ocif.pr.gov/es/License/Index?LicenseTypeFilter=INVESTMENT+ADVISOR&Page=2&PageSize=100,2026-08-26T15:58:36+00:00,,,,,,,,unknown
1563367ed0f5e63bae3ae9eebffeab0200aa4e0011c724bb68077f4497486081,INVESTMENT ADVISOR,"Brandywine Global Investment Management, LLC",,ACTIVA,2929 Arch St 8th Floor Philadelphia PA 19104,215-609-3500,06/27/1994,IA-0173N,,Christopher D Marzullo,110783,NO,2,https://concesionarios.ocif.pr.gov/es/License/Index?LicenseTypeFilter=INVESTMENT+ADVISOR&Page=2&PageSize=100,2026-08-26T15:58:36+00:00,,,,,,,,unknown
4f8d3134966b3822f3df615dc89cfc146258f7feb48fcc86e15a0c2c29b75586,INVESTMENT ADVISOR,"Brave Warrior Advisors, LLC",,ACTIVA,12 East 49th Street 24th FL. New York NY 10017,212-421-9760,03/30/2023,IA-1583N,,Donna M. Martel-Downing,108894,NO,2,https://concesionarios.ocif.pr.gov/es/License/Index?LicenseTypeFilter=INVESTMENT+ADVISOR&Page=2&PageSize=100,2026-08-26T15:58:36+00:00,,,,,,,,unknown
929f0ce59609d392763c361c7882c274ea171d077205bb942a766c4d3d75f1bf,INVESTMENT ADVISOR,Breckinridge Capital Advisors Inc,,ACTIVA,"125 High Street Oliver Street Tower, 4th Floor Boston MA 02110-1529",617-443-0779,03/27/2017,IA-1157N,,Helen Mcauley,107143,NO,2,https://concesionarios.ocif.pr.gov/es/License/Index?LicenseTypeFilter=INVESTMENT+ADVISOR&Page=2&PageSize=100,2026-08-26T15:58:36+00:00,,,,,,,,unknown
13298ec7e048d6416a278f0a84459fc4d2a1caac387deb7fe606d259f2869595,INVESTMENT ADVISOR,Brightplan LLC,,ACTIVA,333 West San Carlos Street Suite 600 San Jose CA 95110,1-408-933-6188,03/25/2026,IA-1780N,,Naomi Kantrowitz,283790,NO,2,https://concesionarios.ocif.pr.gov/es/License/Index?LicenseTypeFilter=INVESTMENT+ADVISOR&Page=2&PageSize=100,2026-08-26T15:58:36+00:00,,,,,,,,unknown
986fed5e57b98d4e0095e083bdb3dfd5603464b63c2e4c7792dfcd2a89670d42,INVESTMENT ADVISOR,Brookfield Public Securities Group LLC,,ACTIVA,"Brookfield Place 250 Vesey Street, 15th Floor New York NY 10281-1023",212-549-8400,03/29/2019,IA-1293N,,Brian T. Hourihan,110497,NO,2,https://concesionarios.ocif.pr.gov/es/License/Index?LicenseTypeFilter=INVESTMENT+ADVISOR&Page=2&PageSize=100,2026-08-26T15:58:36+00:00,,,,,,,,unknown
017217c20153b94465109ccedca200e1f620a68b604ba04ce897674811aea41d,INVESTMENT ADVISOR,Brookstone Capital Management LLC,,ACTIVA,1745 S. Naperville Road Suite 200 Wheaton IL 60189,630-653-1400,11/02/2022,IA-1551N,,Matt Lovett,141413,NO,2,https://concesionarios.ocif.pr.gov/es/License/Index?LicenseTypeFilter=INVESTMENT+ADVISOR&Page=2&PageSize=100,2026-08-26T15:58:36+00:00,,,,,,,,unknown
ba1c27b338658831516d8f28c1d84bf80a58f6b5f606311de3ce7e0d83b79fec,INVESTMENT ADVISOR,Broxton Capital Advisors LLC,,ACTIVA,151 Calle De San Francisco Old San Juan PR 00901-1659,310-208-2191,11/05/2015,IA-1089,,Robert A. Cooke,136914,NO,2,https://concesionarios.ocif.pr.gov/es/License/Index?LicenseTypeFilter=INVESTMENT+ADVISOR&Page=2&PageSize=100,2026-08-26T15:58:36+00:00,,,,,,,,unknown
9fc60837e2a009fd5eed14040b6f864a06f023948d96e87398de49bccc2ba0f7,INVESTMENT ADVISOR,"BTG Pactual Asset Management US, LLC",,ACTIVA,601 Lexington Avenue 57th Floor New York NY 10022,212-293-4600,11/26/2024,IA-1693N,,Sharon Ingram,152538,NO,2,https://concesionarios.ocif.pr.gov/es/License/Index?LicenseTypeFilter=INVESTMENT+ADVISOR&Page=2&PageSize=100,2026-08-26T15:58:36+00:00,,,,,,,,unknown
523beadae328942b0e029300f7d0bec2eba735b46501fecd38caa424b5539e46,INVESTMENT ADVISOR,"BTS Asset Management, Inc.",,ACTIVA,420 Bedford Street Suite 340 Lexington MA 02420,781-863-2545,03/27/2013,IA-0957N,,Gary A. Shilman,105215,NO,2,https://concesionarios.ocif.pr.gov/es/License/Index?LicenseTypeFilter=INVESTMENT+ADVISOR&Page=2&PageSize=100,2026-08-26T15:58:36+00:00,,,,,,,,unknown
72a8d8b699875d189e44fca05e411b72303cc265612d0439f05f1e20af0db98e,INVESTMENT ADVISOR,"Buckley Capital Advisors, LLC",,ACTIVA,433 Broadway Suite 611 New York NY 10013,970-846-5573,02/10/2021,IA-1388N,,Kenneth E. Walsh,268818,NO,2,https://concesionarios.ocif.pr.gov/es/License/Index?LicenseTypeFilter=INVESTMENT+ADVISOR&Page=2&PageSize=100,2026-08-26T15:58:36+00:00,,,,,,,,unknown
bffba14ea7f71922ce98bfd850c28cac0d457d5a149956bc53cd9106c8095075,INVESTMENT ADVISOR,"Cabin Advisors, LLC",,ACTIVA,6240 W. 135th Street Suite 214 Overland Park KS 66223,913-933-3351,06/13/2025,IA-1740N,,Mark Atchity,312547,NO,2,https://concesionarios.ocif.pr.gov/es/License/Index?LicenseTypeFilter=INVESTMENT+ADVISOR&Page=2&PageSize=100,2026-08-26T15:58:36+00:00,,,,,,,,unknown
8bf7d42b74ccc715889c8e12ea633d1e9d507f6b5ddb13c3eb6e9bdc89d57cf6,INVESTMENT ADVISOR,CAF Investments LLC,,ACTIVA,Avenida Esmeralda #5 2nd Floor Guaynabo PR 00969,787-206-1637,02/01/2022,IA-1416,,"Carlos, Feliciano,",313629,NO,2,https://concesionarios.ocif.pr.gov/es/License/Index?LicenseTypeFilter=INVESTMENT+ADVISOR&Page=2&PageSize=100,2026-08-26T15:58:36+00:00,,,,,,,,unknown
0d79adf3b743ece5516d1aeb803a64de0f205e3dd9142adbf0df6456bdb9fa36,INVESTMENT ADVISOR,Calamos Wealth Management LLC,,ACTIVA,2020 Calamos Court Naperville IL 60563-2787,630-245-7200,10/09/2015,IA-1088N,,Elizabeth Watkins,143490,NO,2,https://concesionarios.ocif.pr.gov/es/License/Index?LicenseTypeFilter=INVESTMENT+ADVISOR&Page=2&PageSize=100,2026-08-26T15:58:36+00:00,,,,,,,,unknown
1cff40c722e2c3edbea6be6848c57ff8e2920573e7c48fe92669faef1ca5823a,INVESTMENT ADVISOR,"Calton & Associates, Inc.",,ACTIVA,14497 N. Dale Mabry Hwy Suite 215 Tampa FL 33618,813-264-0440,08/28/2025,IA-1750N,,"Robert B. Greblunas, Saad Rahmouni Idrissi",20999,NO,2,https://concesionarios.ocif.pr.gov/es/License/Index?LicenseTypeFilter=INVESTMENT+ADVISOR&Page=2&PageSize=100,2026-08-26T15:58:36+00:00,,,,,,,,unknown
d87325f6f1f4f258a019a4058de3c0a7bbb6f70bbd04364aeca587c600b00ccb,INVESTMENT ADVISOR,Calvert Research and Management,,ACTIVA,2050 M Street NW 2nd Floor Washington DC 20036,800-368-2745,03/28/2024,IA-1650N,,Hope Brown,285127,NO,2,https://concesionarios.ocif.pr.gov/es/License/Index?LicenseTypeFilter=INVESTMENT+ADVISOR&Page=2&PageSize=100,2026-08-26T15:58:36+00:00,,,,,,,,unknown
c9fbd3a91180c42d3a4b382f4715f3bb236231955c219d9d3afb3add95c99cec,INVESTMENT ADVISOR,"Cambiar Investors, LLC",,ACTIVA,2401 E Second Ave Suite 500 Denver CO 80206,303-302-9000,09/06/2001,IA-0443N,,Christine M Simon,115093,NO,2,https://concesionarios.ocif.pr.gov/es/License/Index?LicenseTypeFilter=INVESTMENT+ADVISOR&Page=2&PageSize=100,2026-08-26T15:58:36+00:00,,,,,,,,unknown
baa8a3bc88eb7558e6974d91b7e889c693028186cd230a90a16225cf5fbeccd9,INVESTMENT ADVISOR,"Cambridge Associates, LLC",,ACTIVA,125 High Street Boston MA 02110-2112,617-457-7500,03/31/2014,IA-1010N,,Steven Y. Quintero,104942,NO,2,https://concesionarios.ocif.pr.gov/es/License/Index?LicenseTypeFilter=INVESTMENT+ADVISOR&Page=2&PageSize=100,2026-08-26T15:58:36+00:00,,,,,,,,unknown
2042f8ff3b82fea282214c9037a06385e0d6e729fdfaaf195ef2bcda09f687eb,INVESTMENT ADVISOR,"Cambridge Investment Research Advisors, Inc.",,ACTIVA,1776 Pleasant Plain Rd Fairfield IA 52556-8757,641-472-5100,11/13/2009,IA-0846N,,Thomas J Anderson,134139,NO,2,https://concesionarios.ocif.pr.gov/es/License/Index?LicenseTypeFilter=INVESTMENT+ADVISOR&Page=2&PageSize=100,2026-08-26T15:58:36+00:00,,,,,,,,unknown
28216b3c537a090fe7b1b04785f3d6aecf89dc60375882149d7f4092a42a05b0,INVESTMENT ADVISOR,Cantor Fitzgerald Investment Advisors,,ACTIVA,110 East 59th Street New York NY 10022,212-829-4952,03/28/2017,IA-1159N,,Stephen M. Hart,159296,NO,2,https://concesionarios.ocif.pr.gov/es/License/Index?LicenseTypeFilter=INVESTMENT+ADVISOR&Page=2&PageSize=100,2026-08-26T15:58:36+00:00,,,,,,,,unknown
d9c26334edfa8883a89413608fa624498714a276ce8595f15311f31001f851ac,INVESTMENT ADVISOR,Capacuity LLC,,ACTIVA,300 International Parkway Suite 350 Lake Mary FL 32746,407-949-6889,05/26/2021,IA-1430N,,Bryant Kirk,297679,NO,2,https://concesionarios.ocif.pr.gov/es/License/Index?LicenseTypeFilter=INVESTMENT+ADVISOR&Page=2&PageSize=100,2026-08-26T15:58:36+00:00,,,,,,,,unknown
9cc91365ce2cb21fbcaff356302057ba4a5e8dbbab99aaf817d4ed2b6379ea40,INVESTMENT ADVISOR,Capital Analysts,,ACTIVA,601 Office Center Drive Suite 300 Fort Washington PA 19034-3232,800-242-1421,04/18/2024,IA-1660N,,Maureen A. Mattson,162200,NO,2,https://concesionarios.ocif.pr.gov/es/License/Index?LicenseTypeFilter=INVESTMENT+ADVISOR&Page=2&PageSize=100,2026-08-26T15:58:36+00:00,,,,,,,,unknown
6f1d61299eb902ee63a75f213e8cc80781f731a6c6c2a12d9bd5c3599fa4eec6,INVESTMENT ADVISOR,"Capital Investment Advisors, LLC",,ACTIVA,200 Sandy Springs Place Suite 300 Atlanta GA 30328,404-531-0018,08/14/2017,IA-1183N,,Michael Reiner,158055,NO,2,https://concesionarios.ocif.pr.gov/es/License/Index?LicenseTypeFilter=INVESTMENT+ADVISOR&Page=2&PageSize=100,2026-08-26T15:58:36+00:00,,,,,,,,unknown
e946d49c4287e3b1826d8cca1d6d8457be67874331b5f5aff9824edd14ac1609,INVESTMENT ADVISOR,Capital Research and Management Company,,ACTIVA,333 S Hope Street 55th Floor Los Angeles CA 90071-1406,213-486-9200,12/21/2017,IA-1195N,,Canise M. Arredondo,110885,NO,2,https://concesionarios.ocif.pr.gov/es/License/Index?LicenseTypeFilter=INVESTMENT+ADVISOR&Page=2&PageSize=100,2026-08-26T15:58:36+00:00,,,,,,,,unknown
818190a23d7f5051d71f125838c053e13275bffd795eb03d2d309c906e3ed443,INVESTMENT ADVISOR,"Capital United, LLC",,ACTIVA,5920 NE Ray Circle Ste 180 Hillsboro OR 97124,424-279-8308,10/07/2025,IA-1679NS,,Tiffany Michelle Winkles,285616,NO,2,https://concesionarios.ocif.pr.gov/es/License/Index?LicenseTypeFilter=INVESTMENT+ADVISOR&Page=2&PageSize=100,2026-08-26T15:58:36+00:00,,,,,,,,unknown
e52e0f7942c147b044e08e4156f2ef2d07f04127c025b2eed6bc265f39b6b14a,INVESTMENT ADVISOR,"Capitalia Advisors, LLC",,ACTIVA,Ave. Palma Real #2 Suite 103 Guaynabo PR 00970,787-705-8694,02/06/2015,IA-1043,,Roberto Olson,173030,NO,2,https://concesionarios.ocif.pr.gov/es/License/Index?LicenseTypeFilter=INVESTMENT+ADVISOR&Page=2&PageSize=100,2026-08-26T15:58:36+00:00,,,,,,,,unknown
5658ba1ca6fb5e9f6ef97edc590b60e072e5c74bfb6eaece6ef3b2b906cc63f6,INVESTMENT ADVISOR,Captrust,,ACTIVA,4208 Six Forks RD Suite 1700 Raleigh NC 27609,919-870-6822,09/30/2019,IA-1316N,,Denise M Buchanan,175112,NO,2,https://concesionarios.ocif.pr.gov/es/License/Index?LicenseTypeFilter=INVESTMENT+ADVISOR&Page=2&PageSize=100,2026-08-26T15:58:36+00:00,,,,,,,,unknown
0395226294d97bbdeb9d1936353ba4dcda2d8ad55e5156f1d4f9d8f64829eb4d,INVESTMENT ADVISOR,"Carillon Tower Advisers, Inc.",,ACTIVA,880 Carillon Parkway St. Petersburg FL 33716,800-521-1195,11/29/2016,IA-1141N,,Damian Sousa,174904,NO,2,https://concesionarios.ocif.pr.gov/es/License/Index?LicenseTypeFilter=INVESTMENT+ADVISOR&Page=2&PageSize=100,2026-08-26T15:58:36+00:00,,,,,,,,unknown
2892c036171cdf494f59bb93bf80fd24be946f6d719941315aa422b7aed82116,INVESTMENT ADVISOR,CARRY ADVISORS LLC,,ACTIVA,10 Grand Street STE 1800 Brooklyn NY 11249,201-472-0612,05/15/2025,IA-1735N,,Evan Cohen,323620,NO,2,https://concesionarios.ocif.pr.gov/es/License/Index?LicenseTypeFilter=INVESTMENT+ADVISOR&Page=2&PageSize=100,2026-08-26T15:58:36+00:00,,,,,,,,unknown
54f669e5542d76adc76244019ef5ba2a11ca257306dce7b41d561056283073d1,INVESTMENT ADVISOR,Catalyst Capital Advisors LLC,,ACTIVA,53 Palmeras St Suite 601 San Juan PR 00901,787-334-1781,03/29/2023,IA-1577N,,Robert Glass,139895,NO,2,https://concesionarios.ocif.pr.gov/es/License/Index?LicenseTypeFilter=INVESTMENT+ADVISOR&Page=2&PageSize=100,2026-08-26T15:58:36+00:00,,,,,,,,unknown
f670fca0d4d010a2d6d1cb6f09b5044ad2a5f14440e199546be5227f1bfc9a53,INVESTMENT ADVISOR,Catalyst International Advisors LLC,,ACTIVA,"207 calle del Parque Floor 7, Suite 2 San Juan PR 00912",1-646-757-8387,03/27/2026,IA-1786N,,Robert Glass,306592,NO,2,https://concesionarios.ocif.pr.gov/es/License/Index?LicenseTypeFilter=INVESTMENT+ADVISOR&Page=2&PageSize=100,2026-08-26T15:58:36+00:00,,,,,,,,unknown
f04e75fe536e20f8c013176df7fde53e6696a6fa023114792173273df32dd8b0,INVESTMENT ADVISOR,Causeway Capital Management LLC,,ACTIVA,11111 Santa Monica Boulevard 15th Floor Los Angeles CA 90025,310-231-6100,04/01/2013,IA-0964N,,Gracie V. Fermelia,113308,NO,2,https://concesionarios.ocif.pr.gov/es/License/Index?LicenseTypeFilter=INVESTMENT+ADVISOR&Page=2&PageSize=100,2026-08-26T15:58:36+00:00,,,,,,,,unknown
6dd8a02e93cd7ce5c4a3c4a3e9e15f06af37cbe3098f2a140a80eb7b4d241ebf,INVESTMENT ADVISOR,"Cavanal Hill Investment Management, Inc.",,ACTIVA,One Williams Center 15th Floor Tulsa OK 74172-0172,800-958-2942,01/22/2015,IA-1042N,,Cherie J. Jolly,110774,NO,2,https://concesionarios.ocif.pr.gov/es/License/Index?LicenseTypeFilter=INVESTMENT+ADVISOR&Page=2&PageSize=100,2026-08-26T15:58:36+00:00,,,,,,,,unknown
021592ca5d31b5f6282f86220463a07780d8599837850b6d39705b7eebcd54db,INVESTMENT ADVISOR,"CBiz Investment Advisory Services, LLC",,ACTIVA,6050 Oak Tree Blvd Suite 500 Cleveland OH 44131,216-447-9000,07/09/2019,IA-1303N,,Kathryn H. Louttit,286002,NO,2,https://concesionarios.ocif.pr.gov/es/License/Index?LicenseTypeFilter=INVESTMENT+ADVISOR&Page=2&PageSize=100,2026-08-26T15:58:36+00:00,,,,,,,,unknown
4a9552e693f1859f6d933122bfa4504abb4f1decf998734c81fed28e241e0bf2,INVESTMENT ADVISOR,CC USA LLC,,ACTIVA,1330 Avenue of the Americas Suite 2210 New York NY 10019,1-646-649-9323,,IA-1816N,,Katrina Ann West,341124,NO,2,https://concesionarios.ocif.pr.gov/es/License/Index?LicenseTypeFilter=INVESTMENT+ADVISOR&Page=2&PageSize=100,2026-08-26T15:58:36+00:00,,,,,,,,unknown
4cc1f53e740c327fc28f0218e82e0af4c05e04406e1d0d26c97772c49a16f087,INVESTMENT ADVISOR,"Celeres Capital Advisors, LLC",,ACTIVA,1225 Avenida Juan Ponce De León VIG Tower Penthouse San Juan PR 00907,646-481-0469,07/16/2019,IA-1302N,,Paul Carey,304581,NO,2,https://concesionarios.ocif.pr.gov/es/License/Index?LicenseTypeFilter=INVESTMENT+ADVISOR&Page=2&PageSize=100,2026-08-26T15:58:36+00:00,,,,,,,,unknown
c7eb54d62c727050e00eea6106461ce6453aef806a757436a1e73ded539012ab,INVESTMENT ADVISOR,"Centaurus Financial, Inc.",,ACTIVA,2300 E. Katella Avenue Suite #200 Anaheim CA 92806,714-456-1790,07/29/2022,IA-1537N,,"Diana Reyes, Jerry Duhovic",30833,NO,2,https://concesionarios.ocif.pr.gov/es/License/Index?LicenseTypeFilter=INVESTMENT+ADVISOR&Page=2&PageSize=100,2026-08-26T15:58:36+00:00,,,,,,,,unknown
a72d7e857538bb45b6e6cc3df7342bbe0a0505f8c4f8b2217961756109a724ac,INVESTMENT ADVISOR,Centura Wealth Advisory,,ACTIVA,12255 El Camino Real Suite 125 San Diego CA 92130,858-771-9500,08/21/2025,IA-1748N,,Jennifer C Krakower,296985,NO,2,https://concesionarios.ocif.pr.gov/es/License/Index?LicenseTypeFilter=INVESTMENT+ADVISOR&Page=2&PageSize=100,2026-08-26T15:58:36+00:00,,,,,,,,unknown
c69a20d229e1bc3a7abce57454effc80cf4d85177359081d86e6809832e82028,INVESTMENT ADVISOR,Centuria Capital Partners LLC,,ACTIVA,"475 Calle C, Suite 507 Los Frailes Industrial Park Guaynabo PR 00969",787-994-3748,02/10/2026,IA-1762N,,Ivan A Garau,339596,NO,2,https://concesionarios.ocif.pr.gov/es/License/Index?LicenseTypeFilter=INVESTMENT+ADVISOR&Page=2&PageSize=100,2026-08-26T15:58:36+00:00,,,,,,,,unknown
e9e46dd10af4d65a16fc8662f5fcf46db98b2eb5621adc87a46d3e369c290e27,INVESTMENT ADVISOR,Cerity Partners LLC,,ACTIVA,335 Madison Avenue 23rd Floor New York NY 10017,212-850-4260,02/03/2022,IA-1485N,,Stuart Evans,151559,NO,2,https://concesionarios.ocif.pr.gov/es/License/Index?LicenseTypeFilter=INVESTMENT+ADVISOR&Page=2&PageSize=100,2026-08-26T15:58:36+00:00,,,,,,,,unknown
a8aac75658217347eb337f9e07b4475218b7d637e2f7f11e556a1819a4dc757c,INVESTMENT ADVISOR,Cerity Partners Retirement Plan Consultants,,ACTIVA,99 Park Avenue 16th Floor New York NY 10016,1-212-850-4260,07/22/2026,IA-1821N,,Arthur Prostick,164198,NO,2,https://concesionarios.ocif.pr.gov/es/License/Index?LicenseTypeFilter=INVESTMENT+ADVISOR&Page=2&PageSize=100,2026-08-26T15:58:36+00:00,,,,,,,,unknown
9355a9cbf3aa914884158ef8224179810843866f5e07a89738b9e6d86623d329,INVESTMENT ADVISOR,Cetera Investment Advisers LLC,,ACTIVA,200 North Martingale Road Shaumburg IL 60173-2096,888-528-2987,03/31/2003,IA-0547N,,Ami Shah,105644,NO,2,https://concesionarios.ocif.pr.gov/es/License/Index?LicenseTypeFilter=INVESTMENT+ADVISOR&Page=2&PageSize=100,2026-08-26T15:58:36+00:00,,,,,,,,unknown
d770d399587f015b69d9c1458e30e02dd612d5bcdb381dd027dd30ce258f6e3a,INVESTMENT ADVISOR,CGam LLC,,ACTIVA,2020 Calamos Court Naperville IL 60563,630-245-7200,10/07/2022,IA-1543N,,Constance Palas,322813,NO,2,https://concesionarios.ocif.pr.gov/es/License/Index?LicenseTypeFilter=INVESTMENT+ADVISOR&Page=2&PageSize=100,2026-08-26T15:58:36+00:00,,,,,,,,unknown
a29a6c7deb09e4a876a00150fc99457a8e37cba9cf84fefeddaecdc7b7bf76fa,INVESTMENT ADVISOR,Chapel Bridge Wealth Advisors,,ACTIVA,53 Palmeras Street Suite 601 San Juan PR 00901,614-552-8200,07/11/2022,IA-1534N,,Renee Davies,313295,NO,2,https://concesionarios.ocif.pr.gov/es/License/Index?LicenseTypeFilter=INVESTMENT+ADVISOR&Page=2&PageSize=100,2026-08-26T15:58:36+00:00,,,,,,,,unknown
1acd35ffe0cb399f387f998a56847bba08e314951304d2dbc8084a220a38dad3,INVESTMENT ADVISOR,"Charles Schwab & Co., Inc.",,ACTIVA,211 Main Street San Francisco CA 94105,415-636-7000,09/14/1988,IA-0059N,,"Francisco J. Vivas, Dean Jeske, Marc Stewart",5393,NO,2,https://concesionarios.ocif.pr.gov/es/License/Index?LicenseTypeFilter=INVESTMENT+ADVISOR&Page=2&PageSize=100,2026-08-26T15:58:36+00:00,,,,,,,,unknown
d02e3a6beecaa585b44c3bdf809f3ccab5d54bfe200d7de98ad05392ba643d99,INVESTMENT ADVISOR,"Charles Schwab Investment Management, Inc.",,ACTIVA,211 Main St San Francisco CA 94105,415-667-9200,10/02/2003,IA-0565N,,Michael F Hogan,106753,NO,2,https://concesionarios.ocif.pr.gov/es/License/Index?LicenseTypeFilter=INVESTMENT+ADVISOR&Page=2&PageSize=100,2026-08-26T15:58:36+00:00,,,,,,,,unknown
93163eaa38872ed97e5cb1e37a42c4fcb01ef43f35146b633cb9b0d1b11237ca,INVESTMENT ADVISOR,"Chartwell Investment Partners, Inc.",,ACTIVA,1235 Westlakes Drive Suite 400 Berwyn PA 19312,610-296-1400,03/05/2014,IA-1005N,,Greg Hagar,170335,NO,2,https://concesionarios.ocif.pr.gov/es/License/Index?LicenseTypeFilter=INVESTMENT+ADVISOR&Page=2&PageSize=100,2026-08-26T15:58:36+00:00,,,,,,,,unknown
7e4d9f4df7c145f8f5d832fc45b0780867c4c33f8f5d68a08e4c3761e12c858b,INVESTMENT ADVISOR,Chicago Partners Investment Group LLC,,ACTIVA,1 North Wacker Drive Suite 4075 Chicago IL 60606,312-284-6363,03/21/2024,IA-1639N,,Jim Hagedorn,147662,NO,2,https://concesionarios.ocif.pr.gov/es/License/Index?LicenseTypeFilter=INVESTMENT+ADVISOR&Page=2&PageSize=100,2026-08-26T15:58:36+00:00,,,,,,,,unknown
eda3262f4002d70320842e73081615940b43f58be4367a1f23403197017ea6b0,INVESTMENT ADVISOR,"Chinea Wealth Management, LLC",,ACTIVA,"Metro Office Park 2, Calle 1 Suite 100 Guaynabo PR 00968",201-274-5741,08/22/2024,IA-1676,,Christian Rivera Chinea,331477,NO,2,https://concesionarios.ocif.pr.gov/es/License/Index?LicenseTypeFilter=INVESTMENT+ADVISOR&Page=2&PageSize=100,2026-08-26T15:58:36+00:00,,,,,,,,unknown
83acd54528ea6ffbe6da960c80c594504767dbd59ec2b18b2325816dd9f13049,INVESTMENT ADVISOR,CI Private Wealth,,ACTIVA,90 Park Avenue 34th Floor New York NY 10016,305-781-3040,05/12/2022,IA-1521N,,Larry T. Nakamura,319448,NO,2,https://concesionarios.ocif.pr.gov/es/License/Index?LicenseTypeFilter=INVESTMENT+ADVISOR&Page=2&PageSize=100,2026-08-26T15:58:36+00:00,,,,,,,,unknown
2a30dfb532c485ec5727633d5c0a22b75ee2a6ff7c78ddf72d1ea442de13b728,INVESTMENT ADVISOR,"CIBC Private Wealth Advisors, Inc.",,ACTIVA,181 West Madison Street 36th Floor Chicago IL 60602,312-368-7700,08/19/2020,IA-1360N,,Gregory B. Campbell,109644,NO,2,https://concesionarios.ocif.pr.gov/es/License/Index?LicenseTypeFilter=INVESTMENT+ADVISOR&Page=2&PageSize=100,2026-08-26T15:58:36+00:00,,,,,,,,unknown
65cd836af4aa5003b9647b325684453be249c5e135abe30b466503ddb09ec2f5,INVESTMENT ADVISOR,Cincinnati Asset Management Inc.,,ACTIVA,8845 Governor's Hill Drive Suite 230 Cincinnati OH 45249-3317,513-554-8500,01/14/2014,IA-1001N,,Charles D. Mencer,104946,NO,2,https://concesionarios.ocif.pr.gov/es/License/Index?LicenseTypeFilter=INVESTMENT+ADVISOR&Page=2&PageSize=100,2026-08-26T15:58:36+00:00,,,,,,,,unknown
8f31d98ec066f26488424c28198c7422f244b252610650263a0a38e686e29221,INVESTMENT ADVISOR,Citigroup Global Markets Inc.,,ACTIVA,388 Greenwich Street Tower Building New York NY 10013,212-816-6000,03/28/2013,IA-0958N,,"Katrina Basil, John C. Gavin, Dana L. Platt, John C. Gavin",7059,NO,2,https://concesionarios.ocif.pr.gov/es/License/Index?LicenseTypeFilter=INVESTMENT+ADVISOR&Page=2&PageSize=100,2026-08-26T15:58:36+00:00,,,,,,,,unknown
145dcee3cf1ee03122290fdd5c4693d71a06a2508ae3cd6b5a7a9692de435130,INVESTMENT ADVISOR,"Citizens Securities, Inc.",,ACTIVA,770 Legacy Place MLP240 Dedham MA 02026,781-551-3973,08/11/2015,IA-1080N,,"Diane P Novak, Diane P. Novak",39550,NO,2,https://concesionarios.ocif.pr.gov/es/License/Index?LicenseTypeFilter=INVESTMENT+ADVISOR&Page=2&PageSize=100,2026-08-26T15:58:36+00:00,,,,,,,,unknown
801b84ac1c535ca0f8b5e66803360a659ac2e270e78310c12b21ebdede3b28fb,INVESTMENT ADVISOR,Clarfeld,,ACTIVA,520 White Plains Road 3rd Floor Tarrytown NY 10591,914-846-0100,03/25/2022,IA-1502N,,Joy M Soodik,106743,NO,2,https://concesionarios.ocif.pr.gov/es/License/Index?LicenseTypeFilter=INVESTMENT+ADVISOR&Page=2&PageSize=100,2026-08-26T15:58:36+00:00,,,,,,,,unknown
d07bbae56e609045a8438a285a50516267c64e08c833fd168d763626a46bc8a6,INVESTMENT ADVISOR,Clarity Financial Advisor LLC,,ACTIVA,260 1St Ave. St. Peterburg FL 33710,1-816-786-5031,01/14/2026,IA-1768N,,"Trevor K. Shultz, William A. Root",323321,NO,2,https://concesionarios.ocif.pr.gov/es/License/Index?LicenseTypeFilter=INVESTMENT+ADVISOR&Page=2&PageSize=100,2026-08-26T15:58:36+00:00,,,,,,,,unknown
9eb1712528f0edf71bf78d0308f660f25f590307ae12d55a63d68937f7d65e6d,INVESTMENT ADVISOR,Clark Capital Management Group Inc,,ACTIVA,"One Liberty Place, 53rd Floor 1650 Market Street Philadelphia PA 19103",215-569-2224,06/19/2013,IA-0975N,,Denise Clark Williams,104796,NO,2,https://concesionarios.ocif.pr.gov/es/License/Index?LicenseTypeFilter=INVESTMENT+ADVISOR&Page=2&PageSize=100,2026-08-26T15:58:36+00:00,,,,,,,,unknown
b337db2518af825acf70f8b4323bc5fcca69635395f752432b30242bac8bd0e0,INVESTMENT ADVISOR,Clearbridge Investment Management Limited,,ACTIVA,5 Morrison Street Level 2 Edinburgh EH3 8BH,44 131 229 5252,12/18/2025,IA-1763N,,Joanna Nolan,139012,NO,2,https://concesionarios.ocif.pr.gov/es/License/Index?LicenseTypeFilter=INVESTMENT+ADVISOR&Page=2&PageSize=100,2026-08-26T15:58:36+00:00,,,,,,,,unknown
025ad95e75a85eab44d06c72b9596ee6d2e08cec43601222ba495b26b912aecd,INVESTMENT ADVISOR,"Clearbridge Investments, LLC",,ACTIVA,620 8th Ave New York NY 10018,212-805-2000,06/20/2008,IA-0795N,,Barbara Brooke Manning,137028,NO,2,https://concesionarios.ocif.pr.gov/es/License/Index?LicenseTypeFilter=INVESTMENT+ADVISOR&Page=2&PageSize=100,2026-08-26T15:58:36+00:00,,,,,,,,unknown
1ccbc2a7d32014594509a3c37073496051bc3f27fe687e0414f0aad95a3b9f5a,INVESTMENT ADVISOR,"Clearstead Advisors, LLC",,ACTIVA,1100 Superior Ave East Suite 700 Cleveland OH 44114,216-621-1090,07/03/2024,IA-1671N,,Steven F. Wolken,105674,NO,2,https://concesionarios.ocif.pr.gov/es/License/Index?LicenseTypeFilter=INVESTMENT+ADVISOR&Page=2&PageSize=100,2026-08-26T15:58:36+00:00,,,,,,,,unknown
e2960322fa24fec7255f0d7088d41a6fd0e193610f2f3985f5f6642abd64e0a9,INVESTMENT ADVISOR,"CLS Investments, LLC",,ACTIVA,17605 Wright St Omaha Ne 68130,402-493-3313,01/14/1998,IA-0264N,,Mike Forker,107975,NO,2,https://concesionarios.ocif.pr.gov/es/License/Index?LicenseTypeFilter=INVESTMENT+ADVISOR&Page=2&PageSize=100,2026-08-26T15:58:36+00:00,,,,,,,,unknown
0688138a897706cad3ee5d0f4a5e24ce3d9ece3fe006c3e22110b59925d38c3d,INVESTMENT ADVISOR,"Cohen & Steers Capital Management, Inc.",,ACTIVA,280 Park Ave 10th Floor New York NY 10017-1216,212-832-3232,10/02/2003,IA-0564N,,Lisa D Phelan,106266,NO,2,https://concesionarios.ocif.pr.gov/es/License/Index?LicenseTypeFilter=INVESTMENT+ADVISOR&Page=2&PageSize=100,2026-08-26T15:58:36+00:00,,,,,,,,unknown
ea139ea89855303939e0e7d3a726cd8b540b8f5de2c60927418452980cfad4ae,INVESTMENT ADVISOR,Coinbase Advisors,,ACTIVA,2200 Atlantic Street Suite 320 Stamford CT 06902,1-203-489-1450,,IA-1811,,Glenn Cross,342338,NO,2,https://concesionarios.ocif.pr.gov/es/License/Index?LicenseTypeFilter=INVESTMENT+ADVISOR&Page=2&PageSize=100,2026-08-26T15:58:36+00:00,,,,,,,,unknown
a0c3e20a95cf50952f303d8be1368d1f2eacd73e974446819f820a92d7285b04,INVESTMENT ADVISOR,"Columbia Management Investments Advisers, LLC",,ACTIVA,225 Franklin St Boston MA 02110,800-225-2365,12/08/2008,IA-0809N,,Lee A Faria,108257,NO,2,https://concesionarios.ocif.pr.gov/es/License/Index?LicenseTypeFilter=INVESTMENT+ADVISOR&Page=2&PageSize=100,2026-08-26T15:58:36+00:00,,,,,,,,unknown
88d3d39cfe45cad08a1253077f3246fe4065d84021de8dbdae96bdd2cc21e227,INVESTMENT ADVISOR,Commonwealth Financial Network,,ACTIVA,29 Sawyer Road Waltham MA 02453-3483,781-736-0700,07/16/2001,IA-0435N,,"Peter Wheeler, Paul Tolley",8032,NO,2,https://concesionarios.ocif.pr.gov/es/License/Index?LicenseTypeFilter=INVESTMENT+ADVISOR&Page=2&PageSize=100,2026-08-26T15:58:36+00:00,,,,,,,,unknown
6de73895b41c2ea6c6b76291da1b82a0319f98ef67a119ad9c35d52dc9b3b04e,INVESTMENT ADVISOR,Compass Financial Management LLC,,ACTIVA,2001 Route 46 Suite 310 Parsippany NJ 07054,973-402-9700,06/01/2021,IA-1427N,,Matthew Markowski,156345,NO,2,https://concesionarios.ocif.pr.gov/es/License/Index?LicenseTypeFilter=INVESTMENT+ADVISOR&Page=2&PageSize=100,2026-08-26T15:58:36+00:00,,,,,,,,unknown
081bb0816aa037eec4973186c89b576bd1c1aff93ed66bdc2233c53d100328e9,INVESTMENT ADVISOR,Concentric,,ACTIVA,1333 N. California Blvd Suite 680 Walnut Creek CA 94596,1-888-265-2257,03/31/2026,IA-1793N,,James Douglas Mccall,321633,NO,2,https://concesionarios.ocif.pr.gov/es/License/Index?LicenseTypeFilter=INVESTMENT+ADVISOR&Page=2&PageSize=100,2026-08-26T15:58:36+00:00,,,,,,,,unknown
ac8b09ab586435374937fc9329a61b96a449a4cf0c95f1466e0748c530a11a6e,INVESTMENT ADVISOR,"Concordia Wealth Planning, LLC",,ACTIVA,6556 Valley Oak Drive Powell OH 43065,614-881-1500,03/19/2024,IA-1630NS,,Andrew Jonathan Silver,304639,NO,2,https://concesionarios.ocif.pr.gov/es/License/Index?LicenseTypeFilter=INVESTMENT+ADVISOR&Page=2&PageSize=100,2026-08-26T15:58:36+00:00,,,,,,,,unknown
95a98523ad24ed06e11b0f858f3573f5980bcb0785d1dd4ce22cf09f30a722c7,INVESTMENT ADVISOR,Confluence Investment Management LLC,,ACTIVA,20 Allen Avenue Suite 300 Saint Lous MO 63119,314-743-5090,03/16/2018,IA-1239N,,Anne Kochevar,146019,NO,2,https://concesionarios.ocif.pr.gov/es/License/Index?LicenseTypeFilter=INVESTMENT+ADVISOR&Page=2&PageSize=100,2026-08-26T15:58:36+00:00,,,,,,,,unknown
3840108541f0bd0d30d190389298d9163875b7821be2784528f0e198c67f9a63,INVESTMENT ADVISOR,Connelly Capital Management LLC,,ACTIVA,"2 Tabonuco Street, Gam Tower Suite 401A Guaynabo PR 00968",787-231-8042,09/06/2024,IA-1682N,,"Gustavo Ayala, Cristina Dominguez",324104,NO,2,https://concesionarios.ocif.pr.gov/es/License/Index?LicenseTypeFilter=INVESTMENT+ADVISOR&Page=2&PageSize=100,2026-08-26T15:58:36+00:00,,,,,,,,unknown
940b40362f72c0ba2202daf48e5363543875c4d2a87ef407ddf3104a69cc4f84,INVESTMENT ADVISOR,"Consultiva Wealth Management, Corp.",,ACTIVA,"American International Plaza 250 Ave. Muñoz Rivera, Suite 415 San Juan PR 00918",787-763-5868,03/28/2001,IA-0360N,,"Diana Torres Rivera, Edmundo J. Garza",111846,NO,2,https://concesionarios.ocif.pr.gov/es/License/Index?LicenseTypeFilter=INVESTMENT+ADVISOR&Page=2&PageSize=100,2026-08-26T15:58:36+00:00,,,,,,,,unknown
01fc275c0872307207dd80388273473bae19ae0e8125bdb95bbfd2d7dae72ac1,INVESTMENT ADVISOR,"Copper Beech Financial Group, LLC",,ACTIVA,1223 N. Church Street Moorestown NJ 08057,856-988-8300,07/26/2021,IA-1440N,,Michael J Parise,313156,NO,2,https://concesionarios.ocif.pr.gov/es/License/Index?LicenseTypeFilter=INVESTMENT+ADVISOR&Page=2&PageSize=100,2026-08-26T15:58:36+00:00,,,,,,,,unknown
a1b94f5582be87fba8eb2152c58bbf36f4d0e467864c581dfbbc9cb167539481,INVESTMENT ADVISOR,Corecap Advisors,,ACTIVA,27777 Franklin Road Suite 700 Southfield MI 48034,888-296-3360,08/13/2019,IA-1307N,,Judith A. Villareal,158819,NO,2,https://concesionarios.ocif.pr.gov/es/License/Index?LicenseTypeFilter=INVESTMENT+ADVISOR&Page=2&PageSize=100,2026-08-26T15:58:36+00:00,,,,,,,,unknown
628138ad801a6c74cecd96366d899411b48db06bb23ac8dd5cb276063037f2d3,INVESTMENT ADVISOR,Corinthian Partners Asset Management LLC,,ACTIVA,850 Third Ave 16C New York NY 10022,212-287-1500,08/22/2019,IA-1309N,,Reginald Robinson,109385,NO,2,https://concesionarios.ocif.pr.gov/es/License/Index?LicenseTypeFilter=INVESTMENT+ADVISOR&Page=2&PageSize=100,2026-08-26T15:58:36+00:00,,,,,,,,unknown
720c8723dc76350e05737855afff4c299b1f4fbf4146844b77729715946c2b96,INVESTMENT ADVISOR,Cove,,ACTIVA,1991 Stanley Ave 95050 CA Santa Clara,651-442-9483,01/22/2025,IA-1698N,,Sarah Mirsky-Terranova,329900,NO,2,https://concesionarios.ocif.pr.gov/es/License/Index?LicenseTypeFilter=INVESTMENT+ADVISOR&Page=2&PageSize=100,2026-08-26T15:58:36+00:00,,,,,,,,unknown
75fd2050871868ade91921a3029dec91803648943b865f7786dd90945185efaf,INVESTMENT ADVISOR,Cramer Rosenthal McGlynn LLC,,ACTIVA,820 Madison Ave 20th Floor New York NY 10022,212-326-5300,03/29/2007,IA-0737N,,Steven A Yadegari,107911,NO,2,https://concesionarios.ocif.pr.gov/es/License/Index?LicenseTypeFilter=INVESTMENT+ADVISOR&Page=2&PageSize=100,2026-08-26T15:58:36+00:00,,,,,,,,unknown
c8eb85d8358d7f6b0894fe36dbdcd6c8eb5de546df0d507bf9f2dba6c23c2fef,INVESTMENT ADVISOR,Creand Management,,ACTIVA,777 Brickell Avenue Suite 1201 Miami FL 33131,305-358-8844,11/13/2024,IA-1689N,,Idelma Hervis,154894,NO,2,https://concesionarios.ocif.pr.gov/es/License/Index?LicenseTypeFilter=INVESTMENT+ADVISOR&Page=2&PageSize=100,2026-08-26T15:58:36+00:00,,,,,,,,unknown
47cf9b27ab821c252d08416e7c7fd2be1832d2f3c491d01232f01c5fb208feb4,INVESTMENT ADVISOR,Creative Planning,,ACTIVA,3400 College Blvd Leawood KS 66211,913-338-2727,03/09/2011,IA-0886N,,James Dewitt,105348,NO,2,https://concesionarios.ocif.pr.gov/es/License/Index?LicenseTypeFilter=INVESTMENT+ADVISOR&Page=2&PageSize=100,2026-08-26T15:58:36+00:00,,,,,,,,unknown
71e3aa13e1c896782e63a7f4748ad13075fb4d2ab18d87dbd5d300e8b0b09cf4,INVESTMENT ADVISOR,Crespo Capital LLC,Titan Investments,ACTIVA,7643 Gate Pkwy Ste 104-804 Jacksonville FL 33132,786-538-5934,06/21/2017,IA-1172NS,,Alberto Luis Crespo,285294,NO,2,https://concesionarios.ocif.pr.gov/es/License/Index?LicenseTypeFilter=INVESTMENT+ADVISOR&Page=2&PageSize=100,2026-08-26T15:58:36+00:00,,,,,,,,unknown
62c055ef65fabd965128bad6bf017d2c491e431dcd2f04bc1e7f3718b30aae3d,INVESTMENT ADVISOR,"Cresset Asset Management, LLC",,ACTIVA,444 W. Lake Street Suite 4700 Chicago IL 60606,312-429-2400,10/29/2025,IA-1758N,,Amy Hong,288566,NO,2,https://concesionarios.ocif.pr.gov/es/License/Index?LicenseTypeFilter=INVESTMENT+ADVISOR&Page=2&PageSize=100,2026-08-26T15:58:36+00:00,,,,,,,,unknown
317a5220adfb890d9a2fb12c985138a6d26f6a5c6de69052eb20e994a14f1019,INVESTMENT ADVISOR,"Crossmark Global Investments, Inc.",,ACTIVA,15375 Memorial Drive Suite 200 Houston TX 77079,713-260-9000,06/29/2021,IA-1435N,,Jim Coppedge,113360,NO,2,https://concesionarios.ocif.pr.gov/es/License/Index?LicenseTypeFilter=INVESTMENT+ADVISOR&Page=2&PageSize=100,2026-08-26T15:58:36+00:00,,,,,,,,unknown
e962898b310cb775c2ea20914f1d405a21bfb1dacc0c392ff7366592b63339b4,INVESTMENT ADVISOR,"Crystal Capital Partners, LLC",,ACTIVA,1111 Kane Concourse Suite 404 Bay Harbor Islands FL 33154,305-868-1500,03/29/2023,IA-1579N,,Michael Hoyer,146010,NO,2,https://concesionarios.ocif.pr.gov/es/License/Index?LicenseTypeFilter=INVESTMENT+ADVISOR&Page=2&PageSize=100,2026-08-26T15:58:36+00:00,,,,,,,,unknown
2384545d554a04eb71cf45991b626272a78eb0a08a6f529d6731fdd8c22b4169,INVESTMENT ADVISOR,"CSM ADVISORS, LLC (CS MCKEE)",,ACTIVA,One Gateway Center 8th Floor Pittsburgh PA 15222,412-566-1234,03/17/2020,IA-1333N,,Ulf Skreppen,306128,NO,2,https://concesionarios.ocif.pr.gov/es/License/Index?LicenseTypeFilter=INVESTMENT+ADVISOR&Page=2&PageSize=100,2026-08-26T15:58:36+00:00,,,,,,,,unknown
7b9589a7d50bc60cc466a2eaa38c160d9a534418b6114e5f85ce0adcd20536c2,INVESTMENT ADVISOR,"Cullen Capital Management, LLC",,ACTIVA,645 Fifth Avenue 12th Floor New York NY 10022,212-644-1800,03/30/2021,IA-1406N,,Steven M. Mullooly,113128,NO,2,https://concesionarios.ocif.pr.gov/es/License/Index?LicenseTypeFilter=INVESTMENT+ADVISOR&Page=2&PageSize=100,2026-08-26T15:58:36+00:00,,,,,,,,unknown
a205bf85ee84c36ff4b04e187ed4cd9a79fbfa87b6a98d08b206eaf8d6b58e6a,INVESTMENT ADVISOR,Cumberland Advisors,,ACTIVA,"One Sarasota Tower 2 N. Tamiami Trail, Suite 303 Sarasota FL 34236",1-800-257-7013,02/03/2016,IA-1101N,,David R. Kotok,107964,NO,2,https://concesionarios.ocif.pr.gov/es/License/Index?LicenseTypeFilter=INVESTMENT+ADVISOR&Page=2&PageSize=100,2026-08-26T15:58:36+00:00,,,,,,,,unknown
9e215be1fa9e3e8cfbe69fdef60eefb2facb8fd790e0d5473308e2d6677eb49d,INVESTMENT ADVISOR,CWA Asset Management Group,,ACTIVA,9130 Galleria Court Third Floor Naples FL 34109,239-434-7434,05/08/2024,IA-1664N,,Kimberly Key,158940,NO,3,https://concesionarios.ocif.pr.gov/es/License/Index?LicenseTypeFilter=INVESTMENT+ADVISOR&Page=3&PageSize=100,2026-08-26T15:58:36+00:00,,,,,,,,unknown
a5dc451158de502ce214216401c0ab670fe70ec278a53239aedbc24238d87980,INVESTMENT ADVISOR,"CWM, LLC",,ACTIVA,13321 California Street Suite 100 Omaha NE 68154,402-330-0808,01/03/2018,IA-1199N,,Daniel P. Tobin,155344,NO,3,https://concesionarios.ocif.pr.gov/es/License/Index?LicenseTypeFilter=INVESTMENT+ADVISOR&Page=3&PageSize=100,2026-08-26T15:58:36+00:00,,,,,,,,unknown
8c320ae0ec7ea82d4cb8d15b986098f21c00b5732ca085db3ac1de24a99d67c7,INVESTMENT ADVISOR,Dana Investment Advisors Inc,,ACTIVA,20700 Swenson Drive Suite 400 Waukesha WI 53186-0904,262-782-3631,03/29/2019,IA-1292N,,Michael C. Stewart,105879,NO,3,https://concesionarios.ocif.pr.gov/es/License/Index?LicenseTypeFilter=INVESTMENT+ADVISOR&Page=3&PageSize=100,2026-08-26T15:58:36+00:00,,,,,,,,unknown
838484cc5b214de4f7fd63d661bcd5e7753f37990a13b2491614bfefdf95322d,INVESTMENT ADVISOR,Dasta Investments LLC,,ACTIVA,"101 Greenwich Street Floor 2, Suite 402 New York NY 10006",917-261-2036,11/29/2024,IA-1695N,,Justin Ramirez,315589,NO,3,https://concesionarios.ocif.pr.gov/es/License/Index?LicenseTypeFilter=INVESTMENT+ADVISOR&Page=3&PageSize=100,2026-08-26T15:58:36+00:00,,,,,,,,unknown
8191b4d603491c5eed23f5c8df062b039c57b8f6dfa5572bd7bd288e8d432ad4,INVESTMENT ADVISOR,Datalign,,ACTIVA,One Kendall Square B2201 Cambridge MA 02139,781-228-5678,10/23/2023,IA-1615N,,Hilary Malecha,317004,NO,3,https://concesionarios.ocif.pr.gov/es/License/Index?LicenseTypeFilter=INVESTMENT+ADVISOR&Page=3&PageSize=100,2026-08-26T15:58:36+00:00,,,,,,,,unknown
6b2c8330c1b4ec8a244eb044012deda0e2bdb2967bcc5f610e36de2ce19bfb1c,INVESTMENT ADVISOR,Davis Select Advisers NY Inc.,,ACTIVA,620 Fifth Ave 3rd Floor New York NY 10020,212-891-5500,03/02/2001,IA-0405N,,Sharra Haynes,106659,NO,3,https://concesionarios.ocif.pr.gov/es/License/Index?LicenseTypeFilter=INVESTMENT+ADVISOR&Page=3&PageSize=100,2026-08-26T15:58:36+00:00,,,,,,,,unknown
dde1c678a3f89ff1fd73b224e080e94a034f8ad163bbd13cfdb2a92f54a5ed58,INVESTMENT ADVISOR,"Davis Selected Advisers, L.P.",,ACTIVA,3601 East Britannia Drive Tucson AZ 85706-5041,800-279-2279,11/14/2000,IA-0376N,,Sharra Haynes,108674,NO,3,https://concesionarios.ocif.pr.gov/es/License/Index?LicenseTypeFilter=INVESTMENT+ADVISOR&Page=3&PageSize=100,2026-08-26T15:58:36+00:00,,,,,,,,unknown
14b671acd8e5d228cfd9f475d42f9cf15637d844b3326d9c092aa894132a92e5,INVESTMENT ADVISOR,Delaware Management Business Trust,,ACTIVA,2005 Market St Philadelphia PA 19103-7098,215-255-2300,04/30/2001,IA-0422N,,Brian L Murray Jr,105390,NO,3,https://concesionarios.ocif.pr.gov/es/License/Index?LicenseTypeFilter=INVESTMENT+ADVISOR&Page=3&PageSize=100,2026-08-26T15:58:36+00:00,,,,,,,,unknown
23daf0f6c2e7dfd90ce026516531cbe03c4ca4683672704e02ff0ab8ceddafa2,INVESTMENT ADVISOR,"Denali Advisors, LLC",,ACTIVA,5075 Shoreham Place Suite 120 San Diego CA 92122,858-558-3600,07/17/2024,IA-1674N,,Deborah Lamb,110242,NO,3,https://concesionarios.ocif.pr.gov/es/License/Index?LicenseTypeFilter=INVESTMENT+ADVISOR&Page=3&PageSize=100,2026-08-26T15:58:36+00:00,,,,,,,,unknown
fb287d9bbe70242c1772de14018f2f888bfbd157178002090fc4908a0cd96929,INVESTMENT ADVISOR,Deutsche Bank Securities Inc.,,ACTIVA,60 Wall Street New York NY 10005,212-250-2500,03/24/1998,IA-0271N,,Margaret M. Adams,2525,NO,3,https://concesionarios.ocif.pr.gov/es/License/Index?LicenseTypeFilter=INVESTMENT+ADVISOR&Page=3&PageSize=100,2026-08-26T15:58:36+00:00,,,,,,,,unknown
f2be4af362aa3a32e65a9fb5b6dff85d5f729504fa226f1db129f4743d771332,INVESTMENT ADVISOR,Deutsche Investment Management Americas Inc.,,ACTIVA,345 Park Ave New York NY 10154,212-250-2447,07/23/1974,IA-0014N,,Robert A Kloby,104518,NO,3,https://concesionarios.ocif.pr.gov/es/License/Index?LicenseTypeFilter=INVESTMENT+ADVISOR&Page=3&PageSize=100,2026-08-26T15:58:36+00:00,,,,,,,,unknown
013863cb93792716e673757c102e3958c784df08d73ef3fe298c6dd18a28c82a,INVESTMENT ADVISOR,"DG Capital Management, LLC",,ACTIVA,460 Park Avenue 22nd Floor New York NY 10022,646-942-5700,03/29/2022,IA-1505N,,Eric Evanter,157258,NO,3,https://concesionarios.ocif.pr.gov/es/License/Index?LicenseTypeFilter=INVESTMENT+ADVISOR&Page=3&PageSize=100,2026-08-26T15:58:36+00:00,,,,,,,,unknown
bae7cf811cd0ce7d65cf2628f2a46ae71276d13fe994a207fd31508566564ac6,INVESTMENT ADVISOR,Dimensional Fund Advisors LP,,ACTIVA,6300 Bee Cave Road Building One Austin TX 78746,512-306-7400,04/04/2013,IA-0963N,,Christopher S. Crossan,106482,NO,3,https://concesionarios.ocif.pr.gov/es/License/Index?LicenseTypeFilter=INVESTMENT+ADVISOR&Page=3&PageSize=100,2026-08-26T15:58:36+00:00,,,,,,,,unknown
de1acf0d2d71d572fb953f404e1687f8ec052d8b654bc9e4b96bcce9eab7fc19,INVESTMENT ADVISOR,Dimeo Schneider & Associates LLC,,ACTIVA,500 West Madison Street Suite 1700 Chicago IL 60661-4593,312-853-1000,01/12/2021,IA-1381N,,Lisa M. Tamburini,106720,NO,3,https://concesionarios.ocif.pr.gov/es/License/Index?LicenseTypeFilter=INVESTMENT+ADVISOR&Page=3&PageSize=100,2026-08-26T15:58:36+00:00,,,,,,,,unknown
a664c2c15195e907a93df3a93e1a5b19cfe93b7b43ced2d846a4ca162c997b45,INVESTMENT ADVISOR,"DMK Advisor Group, Inc.",,ACTIVA,7114 W. Jefferson Ave. Suite 305 Lakewood CO 80235,303-996-5680,04/17/2019,IA-1296N,,Stephen A. Kohn,41067,NO,3,https://concesionarios.ocif.pr.gov/es/License/Index?LicenseTypeFilter=INVESTMENT+ADVISOR&Page=3&PageSize=100,2026-08-26T15:58:36+00:00,,,,,,,,unknown
311db60deb185c6a992ce124182da0101637e52c17d690e91886bc978f490278,INVESTMENT ADVISOR,Dolan Mceniry Capital Management LLC,,ACTIVA,120 North LaSalle Street Suite 1510 Chicago IL 60602,312-345-4800,03/31/2014,IA-1012N,,Jason M. Scheffler,108658,NO,3,https://concesionarios.ocif.pr.gov/es/License/Index?LicenseTypeFilter=INVESTMENT+ADVISOR&Page=3&PageSize=100,2026-08-26T15:58:36+00:00,,,,,,,,unknown
4a91eebc4e8484c02d2e34cef2ab0dbc3ea4d70031691d0973b476e2d5d5827f,INVESTMENT ADVISOR,"Dominari Securities, LLC",,ACTIVA,725 Fifth Avenue 23rd Fl. New York NY 10022,212-393-4500,03/28/2024,IA-1654N,,"Jaime Mercado, Jaime Mercado",18975,NO,3,https://concesionarios.ocif.pr.gov/es/License/Index?LicenseTypeFilter=INVESTMENT+ADVISOR&Page=3&PageSize=100,2026-08-26T15:58:36+00:00,,,,,,,,unknown
37bba94f1e6a06ab88af356597c89a04b8009380e8c6c9a9489c78e859903ccb,INVESTMENT ADVISOR,"Dorsey, Wright & Associates, LLC",,ACTIVA,3300 W Leigh Street Richmond VA 23230,1-804-320-8511,01/13/2026,IA-1767N,,Lisa P. Johnson,104925,NO,3,https://concesionarios.ocif.pr.gov/es/License/Index?LicenseTypeFilter=INVESTMENT+ADVISOR&Page=3&PageSize=100,2026-08-26T15:58:36+00:00,,,,,,,,unknown
5883f25190392c425cd60d8fc457dd811237d01a8c9c6eec740963d52fed3e87,INVESTMENT ADVISOR,DSCQG PR LLC,,ACTIVA,1225 Ave Ponce De Leon Suite BS--C2 San Juan PR 00907,312-621-7417,09/23/2025,IA-1736,,Iolette Cruz,296358,NO,3,https://concesionarios.ocif.pr.gov/es/License/Index?LicenseTypeFilter=INVESTMENT+ADVISOR&Page=3&PageSize=100,2026-08-26T15:58:36+00:00,,,,,,,,unknown
0b0e8cf49cf9baafad24510f848bceb005cb0c8f383a72d5bb12be551630b5fe,INVESTMENT ADVISOR,DSM Capital Partners,,ACTIVA,116 Radio Circle Drive Suite 200 Mt Kisco NY 10549,914-242-1900,03/24/2009,IA-0823N,,Russell S Katz,113609,NO,3,https://concesionarios.ocif.pr.gov/es/License/Index?LicenseTypeFilter=INVESTMENT+ADVISOR&Page=3&PageSize=100,2026-08-26T15:58:36+00:00,,,,,,,,unknown
a5b277ec6634c03be659ae1dccaaee1729c799917e2c67d16f926a75cd18cfff,INVESTMENT ADVISOR,Ducenta Squared Asset Management,,ACTIVA,555 W. 5th Street Suite 3700 Los Angeles CA 90013-1082,213-687-9170,07/30/2020,IA-1358N,,Jason Rall,308920,NO,3,https://concesionarios.ocif.pr.gov/es/License/Index?LicenseTypeFilter=INVESTMENT+ADVISOR&Page=3&PageSize=100,2026-08-26T15:58:36+00:00,,,,,,,,unknown
392b4061bfc0fe46ddf6b72af701d6d52384624ec3f9b3b5d5ecac07a89c168b,INVESTMENT ADVISOR,Eagle Asset Management Inc.,,ACTIVA,880 Carillon Pkwy St Petersburg FL 33733,727-573-2453,02/16/1995,IA-0185N,,Damian D Sousa,110653,NO,3,https://concesionarios.ocif.pr.gov/es/License/Index?LicenseTypeFilter=INVESTMENT+ADVISOR&Page=3&PageSize=100,2026-08-26T15:58:36+00:00,,,,,,,,unknown
c3d74bc21ab37e5f8f57c2d49ab9a57157ee38c9066b9cc7a64e01c3c8f393f0,INVESTMENT ADVISOR,Eagle Bay Advisors LLC,,ACTIVA,"7 World Trade Center 250 Greenwich Street, 46th Floor New York NY 10007",917-328-9099,02/01/2022,IA-1483N,,Cynthia Curtis,281675,NO,3,https://concesionarios.ocif.pr.gov/es/License/Index?LicenseTypeFilter=INVESTMENT+ADVISOR&Page=3&PageSize=100,2026-08-26T15:58:36+00:00,,,,,,,,unknown
04bbf7c9db21757807fdd1af7703337b699ecc73386c672eeb2bd0d67bb6df89,INVESTMENT ADVISOR,"Earned Wealth Advisors, LLC",,ACTIVA,165 Lennon Lane Suite 200 Walnut Creek CA 94598,1-925-939-2500,03/30/2026,IA-1790N,,William Gerald Martin III,108052,NO,3,https://concesionarios.ocif.pr.gov/es/License/Index?LicenseTypeFilter=INVESTMENT+ADVISOR&Page=3&PageSize=100,2026-08-26T15:58:36+00:00,,,,,,,,unknown
09c09b6c1873fa89db360181f418c8844537e14235c07540fde3bc177795d7e1,INVESTMENT ADVISOR,"Earnest Partners, LLC",,ACTIVA,1180 Peachtree St NE Suite 2300 Atlanta GA 30309,404-815-8772,03/30/2004,IA-0583N,,James M Wilson,107926,NO,3,https://concesionarios.ocif.pr.gov/es/License/Index?LicenseTypeFilter=INVESTMENT+ADVISOR&Page=3&PageSize=100,2026-08-26T15:58:36+00:00,,,,,,,,unknown
68d40590fbc019c7ba0ff4876c192f37dc526a8b09f0771c918104ee6ae5fc72,INVESTMENT ADVISOR,Eaton Vance Management,,ACTIVA,Two International Place Boston MA 02110,617-482-8260,08/18/1999,IA-0316N,,Paul O'Neill,104859,NO,3,https://concesionarios.ocif.pr.gov/es/License/Index?LicenseTypeFilter=INVESTMENT+ADVISOR&Page=3&PageSize=100,2026-08-26T15:58:36+00:00,,,,,,,,unknown
d5d63c1d72334cf6a6272f3084290df1579de25fd47dccac50a0e6c6010af77c,INVESTMENT ADVISOR,"Edward D. Jones & Co., LP",,ACTIVA,12555 Manchester RD St. Louis MO 63131-3729,314-515-8067,02/27/2009,IA-0820N,,"Steve Melichar, Stephen T. Bee",250,NO,3,https://concesionarios.ocif.pr.gov/es/License/Index?LicenseTypeFilter=INVESTMENT+ADVISOR&Page=3&PageSize=100,2026-08-26T15:58:36+00:00,,,,,,,,unknown
181b1d2aea761ff18b9634e374d7735eadf631f13c7c86366aa9edc04bfc201e,INVESTMENT ADVISOR,EFS Advisors,,ACTIVA,1995 East Rum River Drive S Cambridge MN 55008,763-689-9023,03/13/2024,IA-1633N,,Neil Lance,115211,NO,3,https://concesionarios.ocif.pr.gov/es/License/Index?LicenseTypeFilter=INVESTMENT+ADVISOR&Page=3&PageSize=100,2026-08-26T15:58:36+00:00,,,,,,,,unknown
eca583286797cbca8e94de451e41c15b75b3054af0bd49d91f0524a5360b758f,INVESTMENT ADVISOR,"Ellevity Capital, LLC",,ACTIVA,200 Dorado Beach Drive #3611 Dorado PR 00646,800-318-4572,07/13/2018,IA-1198,,Dorian Punj,282390,NO,3,https://concesionarios.ocif.pr.gov/es/License/Index?LicenseTypeFilter=INVESTMENT+ADVISOR&Page=3&PageSize=100,2026-08-26T15:58:36+00:00,,,,,,,,unknown
7b6edd433d4f421aefd8f12978903301048e080de4d56b55970c49f9b0d9d66f,INVESTMENT ADVISOR,Emerson Equity LLC,,ACTIVA,155 Bovet Road Suite 725 San Mateo CA 94402,650-312-0200,07/12/2021,IA-1439N,,"Dominic Baldini, Dominic Baldini",130032,NO,3,https://concesionarios.ocif.pr.gov/es/License/Index?LicenseTypeFilter=INVESTMENT+ADVISOR&Page=3&PageSize=100,2026-08-26T15:58:36+00:00,,,,,,,,unknown
963a9556546a6ace836783a3a45e3f5ceee833fbe360847ea2c14a27337b6126,INVESTMENT ADVISOR,Encompass More Asset Management LLC,,ACTIVA,390 Diablo RD Suite 100 Danville CA 94526,925-272-8850,04/04/2025,IA-1725N,,Christopher Chatto,322382,NO,3,https://concesionarios.ocif.pr.gov/es/License/Index?LicenseTypeFilter=INVESTMENT+ADVISOR&Page=3&PageSize=100,2026-08-26T15:58:36+00:00,,,,,,,,unknown
9092e140a768a727008c40ce1ab25b8f0130b92c79b1c8f79b88a4aca45caa7c,INVESTMENT ADVISOR,Entrust Global Partners LLC,,ACTIVA,375 Park Avenue 24th Floor New York NY 10152,1-212-888-1040,08/18/2026,IA-1826N,,Bruce Kahne,107940,NO,3,https://concesionarios.ocif.pr.gov/es/License/Index?LicenseTypeFilter=INVESTMENT+ADVISOR&Page=3&PageSize=100,2026-08-26T15:58:36+00:00,,,,,,,,unknown
2c355c54c26e3721f8caafc4897abcddec222402193776cbe80c5b963cbf16f4,INVESTMENT ADVISOR,Envestnet PMC,,ACTIVA,35 East Wacker Drive Suite 2400 Chicago IL 60601-2206,312-827-2800,05/23/2002,IA-0494N,,Debra Jane Devoe,111694,NO,3,https://concesionarios.ocif.pr.gov/es/License/Index?LicenseTypeFilter=INVESTMENT+ADVISOR&Page=3&PageSize=100,2026-08-26T15:58:36+00:00,,,,,,,,unknown
73039bb82824bd714089ee10b70bf217d5b2d548aeb3b45026bdd611d44b19dd,INVESTMENT ADVISOR,"Envestnet Portfolio Solutions, Inc.",,ACTIVA,75 State St 6th Floor Boston MA 02109,866-924-8912,10/13/2000,IA-0374N,,Debra Jane Devoe,109662,NO,3,https://concesionarios.ocif.pr.gov/es/License/Index?LicenseTypeFilter=INVESTMENT+ADVISOR&Page=3&PageSize=100,2026-08-26T15:58:36+00:00,,,,,,,,unknown
b67dc469bed51525365db689450afb9ca4ca44b33e9852595e01bace63c4cf06,INVESTMENT ADVISOR,"Envestnet Retirement Solutions, LLC",,ACTIVA,35 East Wacker Drive Suite 2400 Chicago IL 60601,312-827-7957,06/24/2014,IA-1018N,,Debra Devoe,171570,NO,3,https://concesionarios.ocif.pr.gov/es/License/Index?LicenseTypeFilter=INVESTMENT+ADVISOR&Page=3&PageSize=100,2026-08-26T15:58:36+00:00,,,,,,,,unknown
86a8129ab4a87325cd283926b39717746ce61f3e5f09822f4accc73ec9a67d39,INVESTMENT ADVISOR,Envoy Advisory Inc.,,ACTIVA,4194 Royal Pine Drive Colorado Springs CO 80920,888-879-1376,12/26/2019,IA-1323N,,Frederick A. Newell,306559,NO,3,https://concesionarios.ocif.pr.gov/es/License/Index?LicenseTypeFilter=INVESTMENT+ADVISOR&Page=3&PageSize=100,2026-08-26T15:58:36+00:00,,,,,,,,unknown
7e75b382c7e0149b2f951c940eb06f01e45bba26743d14b5c29adbc731cf959c,INVESTMENT ADVISOR,Eqis Capital Management,,ACTIVA,1299 4th St. Suite 502 San Rafael CA 94901,800-949-9936,08/14/2013,IA-0980N,,Jennifer Winters,126052,NO,3,https://concesionarios.ocif.pr.gov/es/License/Index?LicenseTypeFilter=INVESTMENT+ADVISOR&Page=3&PageSize=100,2026-08-26T15:58:36+00:00,,,,,,,,unknown
281d3bca62282a044734c2f83a2a365b62c8f686690627a2c3fd6ea9fcb57326,INVESTMENT ADVISOR,Equalize Capital LLC,,ACTIVA,"PMB 5333, 151 Calle San Francisco Suite 200 San Juan PR 00901-1607",443-802-6135,03/13/2023,IA-1586N,,Kenneth R. Smith,300640,NO,3,https://concesionarios.ocif.pr.gov/es/License/Index?LicenseTypeFilter=INVESTMENT+ADVISOR&Page=3&PageSize=100,2026-08-26T15:58:36+00:00,,,,,,,,unknown
2567ac4235f13521061bdc1359ed2f0aeb41c93050e8dede2240023c85d5f24a,INVESTMENT ADVISOR,"Equitable Advisors, LLC",,ACTIVA,1290 Avenue of the Americas New York NY 10104,787-759-3333,03/29/2001,IA-0417N,,"Christopher Larussa, Christian Cannon, Hiram A. Ramírez Rangel",6627,NO,3,https://concesionarios.ocif.pr.gov/es/License/Index?LicenseTypeFilter=INVESTMENT+ADVISOR&Page=3&PageSize=100,2026-08-26T15:58:36+00:00,,,,,,,,unknown
74814b2275af20ad8ec64166a6de4a2a4013e187b3142353e9fbea41a69b701a,INVESTMENT ADVISOR,Equity Investment Corporation,,ACTIVA,"3007 Piedmont Road, NE Suite 200 Atlanta GA 30305",404-239-0111,10/03/2016,IA-1131N,,Barbara Trivedi,283930,NO,3,https://concesionarios.ocif.pr.gov/es/License/Index?LicenseTypeFilter=INVESTMENT+ADVISOR&Page=3&PageSize=100,2026-08-26T15:58:36+00:00,,,,,,,,unknown
4a1c0be0b487f0d86d1a77609c82520c1a661d92c3bbb88ec9d48c557bd5527f,INVESTMENT ADVISOR,"Equitycompass Investment Management, LLC",,ACTIVA,One South Street 16th Floor Baltimore MD 21202,443-224-1231,03/26/2019,IA-1283N,,Elizabeth Watkins,145420,NO,3,https://concesionarios.ocif.pr.gov/es/License/Index?LicenseTypeFilter=INVESTMENT+ADVISOR&Page=3&PageSize=100,2026-08-26T15:58:36+00:00,,,,,,,,unknown
88068145cc55dd49deb239f296e4722862a8bb7301dae30e22c58fa43c14d99e,INVESTMENT ADVISOR,"Erben Associates, LLC",,ACTIVA,"300 Beardsley Lane, Bldg. D Suite 200 Austin TX 78746",512-402-0250,08/22/2016,IA-1124N,,Brittany K. Worrell,148703,NO,3,https://concesionarios.ocif.pr.gov/es/License/Index?LicenseTypeFilter=INVESTMENT+ADVISOR&Page=3&PageSize=100,2026-08-26T15:58:36+00:00,,,,,,,,unknown
38a46b51cc26a20cd3d5c2e407043396e783d14ff9c5e38eca5ab9fe1864cb3a,INVESTMENT ADVISOR,Ernst & Young Investment Advisers LLP,,ACTIVA,200 Plaza Drive Suite 2222 Secaucus NJ 07094,800-273-0588,10/03/1996,IA-0233N,,Donald Arthur Culp,110921,NO,3,https://concesionarios.ocif.pr.gov/es/License/Index?LicenseTypeFilter=INVESTMENT+ADVISOR&Page=3&PageSize=100,2026-08-26T15:58:36+00:00,,,,,,,,unknown
fc04872fd4f6dea5911a2552344737176ffa818fcba7e4543edb9ece5f7c2d2d,INVESTMENT ADVISOR,ESI Advisors,,ACTIVA,Urb. Terra Senorial Menorca St. 116 Ponce PR 00731,787-647-9843,06/30/2016,IA-1119,,Julio Javier Cintrón,283973,NO,3,https://concesionarios.ocif.pr.gov/es/License/Index?LicenseTypeFilter=INVESTMENT+ADVISOR&Page=3&PageSize=100,2026-08-26T15:58:36+00:00,,,,,,,,unknown
61d09bf7b31b0495f770047d47c11202dd69c87a08c1dacf9a802ff3ccbfe7fb,INVESTMENT ADVISOR,Estabrook Capital Management LLC,,ACTIVA,875 Third Avenue 15th Floor New York NY 10022,212-605-5500,04/16/2008,IA-0786N,,Lelia Long,128856,NO,3,https://concesionarios.ocif.pr.gov/es/License/Index?LicenseTypeFilter=INVESTMENT+ADVISOR&Page=3&PageSize=100,2026-08-26T15:58:36+00:00,,,,,,,,unknown
3fa1b48070ae338296bda0561846b20811ddb94dd8b8086606872007633ad11a,INVESTMENT ADVISOR,ETF Architect,,ACTIVA,19 East Eagle Road Havertown PA 19083,215-882-9983,12/21/2023,IA-1625N,,Jessica Leighty,171412,NO,3,https://concesionarios.ocif.pr.gov/es/License/Index?LicenseTypeFilter=INVESTMENT+ADVISOR&Page=3&PageSize=100,2026-08-26T15:58:36+00:00,,,,,,,,unknown
fc47c4ae164715009edccba4f47745c1352594bf7b5d815788b39dcc38f24c0f,INVESTMENT ADVISOR,"Euro Pacific Asset Management, LLC",,ACTIVA,"Lots 81-82, Street C Suite 204 Dorado PR 00646",787-945-2112,12/13/2013,IA-0996N,,Michael Quain,152922,NO,3,https://concesionarios.ocif.pr.gov/es/License/Index?LicenseTypeFilter=INVESTMENT+ADVISOR&Page=3&PageSize=100,2026-08-26T15:58:36+00:00,,,,,,,,unknown
5e30aef8789d456f4397774248be7107f09ef03d90faa4efaeff6ddc54570ac0,INVESTMENT ADVISOR,"Eventide Asset Management, LLC",,ACTIVA,One International Place Suite 4210 Boston MA 02110,877-771-3836,10/01/2024,IA-1686N,,Jennifer Reiche,147110,NO,3,https://concesionarios.ocif.pr.gov/es/License/Index?LicenseTypeFilter=INVESTMENT+ADVISOR&Page=3&PageSize=100,2026-08-26T15:58:36+00:00,,,,,,,,unknown
9b16d9c229fc3b1da7572673e97b605d60db77ccb5f38ede5a10b468ce0e19e6,INVESTMENT ADVISOR,Evergreen Money Advisors,,ACTIVA,305 Church at North Hills Street Suite 1250 Raleigh NC 27609,844-383-3874,05/07/2024,IA-1663N,,Austen Caraker,326535,NO,3,https://concesionarios.ocif.pr.gov/es/License/Index?LicenseTypeFilter=INVESTMENT+ADVISOR&Page=3&PageSize=100,2026-08-26T15:58:36+00:00,,,,,,,,unknown
bdd292031dd8078179ba6b9b1e05f97d32e5bf70993d2e4fe0b4539cc61b1c97,INVESTMENT ADVISOR,"Exoduspoint Capital Management, LP",,ACTIVA,65 East 55th Street 9th Floor New York NY 10022,646-940-9600,07/28/2020,IA-1357N,,Caitlin Farrell-Starbuck,294156,NO,3,https://concesionarios.ocif.pr.gov/es/License/Index?LicenseTypeFilter=INVESTMENT+ADVISOR&Page=3&PageSize=100,2026-08-26T15:58:36+00:00,,,,,,,,unknown
48596f0a1adb9afda0942537f3bc83eed6307e1fe0138160a02009da39fd41fd,INVESTMENT ADVISOR,"Expand Financial, LLC",,ACTIVA,7935 South Bemis Street Littleton CO 80120,1-720-387-8158,03/02/2026,IA-1774N,,"Sheri A. Baker, Quintan Kocher",152515,NO,3,https://concesionarios.ocif.pr.gov/es/License/Index?LicenseTypeFilter=INVESTMENT+ADVISOR&Page=3&PageSize=100,2026-08-26T15:58:36+00:00,,,,,,,,unknown
73de2d8930d2060ebe9a6a259ccfba4ce43bbd18dd24c9afdb207c95473bb003,INVESTMENT ADVISOR,"Facet Wealth, Inc.",,ACTIVA,509 S. Exeter Street Suite 202 Baltimore MD 21202,410-657-3257,07/16/2019,IA-1304N,,Christopher J. Hufman,285961,NO,3,https://concesionarios.ocif.pr.gov/es/License/Index?LicenseTypeFilter=INVESTMENT+ADVISOR&Page=3&PageSize=100,2026-08-26T15:58:36+00:00,,,,,,,,unknown
a5d436caae60204f231036241bb41415ad800f96a7472a9186cd15e974cbb187,INVESTMENT ADVISOR,Fairview Asset Management LLC,,ACTIVA,1959 Loiza Street Suite 401 San Juan PR 00911,939-318-2556,12/02/2022,IA-1546N,,Carson Rasmussen,322976,NO,3,https://concesionarios.ocif.pr.gov/es/License/Index?LicenseTypeFilter=INVESTMENT+ADVISOR&Page=3&PageSize=100,2026-08-26T15:58:36+00:00,,,,,,,,unknown
58b1b7e341510e6cbaaace8d286eec528d8ab76b2a2c6c1ce79d20081ab47ef4,INVESTMENT ADVISOR,FCI Advisors,,ACTIVA,442 West 47th St Kansas City MO 64112-1903,816-329-1500,01/26/1996,IA-0183N,,Amy L Schaff,106398,NO,3,https://concesionarios.ocif.pr.gov/es/License/Index?LicenseTypeFilter=INVESTMENT+ADVISOR&Page=3&PageSize=100,2026-08-26T15:58:36+00:00,,,,,,,,unknown
9051e31e716d4f8cc83cc1efae0252fcdf17b0c5d05d81ff94346ce35ede2991,INVESTMENT ADVISOR,Federated Global Investment Management Corp.,,ACTIVA,101 Park Ave Suite 4100 New York NY 10178-0002,212-905-4100,01/03/2008,IA-0768N,,Brian P Bouda,106277,NO,3,https://concesionarios.ocif.pr.gov/es/License/Index?LicenseTypeFilter=INVESTMENT+ADVISOR&Page=3&PageSize=100,2026-08-26T15:58:36+00:00,,,,,,,,unknown
0d06a624676a0a239d6b438588050005234bcb4cc6acaf1f8f2964bfa3841320,INVESTMENT ADVISOR,Federated Investment Counseling,,ACTIVA,Federated Investors Tower 1001 Liberty Ave Pittsburgh PA 15222-3779,412-288-1900,09/08/2005,IA-0647N,,Brian P Bouda,105325,NO,3,https://concesionarios.ocif.pr.gov/es/License/Index?LicenseTypeFilter=INVESTMENT+ADVISOR&Page=3&PageSize=100,2026-08-26T15:58:36+00:00,,,,,,,,unknown
afab3414989ea7cabef1f408f8c24213fda1ee38a56bc34ca9aa48119f6d042a,INVESTMENT ADVISOR,Federated Securities Corp.,,ACTIVA,Federated Investors Tower 1001 Liberty Avenue Pittsburgh PA 15222-3779,412-288-1900,08/17/2009,IA-0838N,,Brian P. Bouda,5009,NO,3,https://concesionarios.ocif.pr.gov/es/License/Index?LicenseTypeFilter=INVESTMENT+ADVISOR&Page=3&PageSize=100,2026-08-26T15:58:36+00:00,,,,,,,,unknown
084916ee4f44ddc8628839db52972ef552ea3d6f3dbcc987bfc4ee74eeb3751d,INVESTMENT ADVISOR,Fidelity Institutional Wealth Adviser LLC,,ACTIVA,245 Summer Street Boston MA 02210,617-563-7000,03/28/2023,IA-1574N,,Jason Linde,301896,NO,3,https://concesionarios.ocif.pr.gov/es/License/Index?LicenseTypeFilter=INVESTMENT+ADVISOR&Page=3&PageSize=100,2026-08-26T15:58:36+00:00,,,,,,,,unknown
8de3d8292c2d93a9153550961adcb04ce89ed4a2f0e9ddb9ec1baafe2bf33f05,INVESTMENT ADVISOR,Fiduciary Capital Management,,ACTIVA,1621 Central Ave Cheyenne WY 82001,1-503-515-1313,04/09/2026,IA-1799N,,Paul J Mcintyre,340618,NO,3,https://concesionarios.ocif.pr.gov/es/License/Index?LicenseTypeFilter=INVESTMENT+ADVISOR&Page=3&PageSize=100,2026-08-26T15:58:36+00:00,,,,,,,,unknown
5645368b90ba40bda9187f9ec25831c7677357d40605c86ef37baeff534b5a2f,INVESTMENT ADVISOR,Fiera Capital Inc.,,ACTIVA,375 Park Avenue 8th Floor New York NY 10152,646-367-7575,03/26/2018,IA-1216N,,Evangelia (Linda) Kleftodimou (Smith),113638,NO,3,https://concesionarios.ocif.pr.gov/es/License/Index?LicenseTypeFilter=INVESTMENT+ADVISOR&Page=3&PageSize=100,2026-08-26T15:58:36+00:00,,,,,,,,unknown
907ffbf6a742ade85665ab61d67a82cd8153e42227405e8c99a2a19f1dc73095,INVESTMENT ADVISOR,"Fifth Third Securities, Inc.",,ACTIVA,34 Fountain Sqare Plaza MD 10AT42 Cincinnati OH 45263,513-534-7421,01/19/2006,IA-0664N,,Jarrett Jacobs,628,NO,3,https://concesionarios.ocif.pr.gov/es/License/Index?LicenseTypeFilter=INVESTMENT+ADVISOR&Page=3&PageSize=100,2026-08-26T15:58:36+00:00,,,,,,,,unknown
fa632412db6289df7d60808cb313ae728eecdd3113ffe2380ea9feb884a4d082,INVESTMENT ADVISOR,Financial Engines Advisors LLC,,ACTIVA,1050 Enterprise Way 3rd Floor Sunnyvale CA 94089,408-498-6000,08/18/1999,IA-0315N,,Dexter S Buck,104510,NO,3,https://concesionarios.ocif.pr.gov/es/License/Index?LicenseTypeFilter=INVESTMENT+ADVISOR&Page=3&PageSize=100,2026-08-26T15:58:36+00:00,,,,,,,,unknown
bea4052b75dbf2e590cb9ebc2ee0114bc330593848207ff2c99e677d1c92acee,INVESTMENT ADVISOR,Financial Soundings,,ACTIVA,1121 Alderman Drive Suite 205 Alpharetta GA 30005-5471,678-393-8222,02/22/2016,IA-1104N,,Stephen E. Maschino,146082,NO,3,https://concesionarios.ocif.pr.gov/es/License/Index?LicenseTypeFilter=INVESTMENT+ADVISOR&Page=3&PageSize=100,2026-08-26T15:58:36+00:00,,,,,,,,unknown
0af6e531a5c05b8c111a779fe10a9ae27adddfc92de48516c0f2c39a923264ee,INVESTMENT ADVISOR,"Finanxial Investment Advisors, Corp.",,ACTIVA,121 Avenida De Diego Urb. San Francisco San Juan PR 00927,787-758-8234,11/17/2000,IA-0345,,Fernando Navarro,300350,NO,3,https://concesionarios.ocif.pr.gov/es/License/Index?LicenseTypeFilter=INVESTMENT+ADVISOR&Page=3&PageSize=100,2026-08-26T15:58:36+00:00,,,,,,,,unknown
eed00eeb14daa66082b2c00d1eec0916e936a8ae71dcf970d8185f8114cf45e2,INVESTMENT ADVISOR,"Finhabits Advisors, LLC",,ACTIVA,154 Grand St. New York NY 10013,212-596-7292,03/22/2018,IA-1240N,,Carlos García,210522,NO,3,https://concesionarios.ocif.pr.gov/es/License/Index?LicenseTypeFilter=INVESTMENT+ADVISOR&Page=3&PageSize=100,2026-08-26T15:58:36+00:00,,,,,,,,unknown
f6201cf461541f6da72f3998a2a3fa20ef92cd8e468d1e24d50cc71ebc5eb88f,INVESTMENT ADVISOR,First Command Advisory Services,,ACTIVA,1 Firstcomm Plaza Fort Worth TX 76109,817-731-8621,07/27/2022,IA-1536N,,Veronica Hammond,281958,NO,3,https://concesionarios.ocif.pr.gov/es/License/Index?LicenseTypeFilter=INVESTMENT+ADVISOR&Page=3&PageSize=100,2026-08-26T15:58:36+00:00,,,,,,,,unknown
962ac3c353e39deee373b910b8951dab9bedfd6233f4b655bf0ae242df2cfde6,INVESTMENT ADVISOR,"First Eagle Separate Account Management, LLC",,ACTIVA,1345 Avenue of the Americas New York NY 10105-0048,212-698-3300,03/30/2021,IA-1402N,,James Barling,300359,NO,3,https://concesionarios.ocif.pr.gov/es/License/Index?LicenseTypeFilter=INVESTMENT+ADVISOR&Page=3&PageSize=100,2026-08-26T15:58:36+00:00,,,,,,,,unknown
96c2a593e9e1ab3efd2892b5135c9d07bc076652f3135cad94d55cc579c0436e,INVESTMENT ADVISOR,"First National Advisers, LLC",,ACTIVA,14010 FNB Parkway Suite 200 Omaha NE 68154,402-602-8441,11/21/2023,IA-1617N,,Lorenzo Eric Alaniz,277146,NO,3,https://concesionarios.ocif.pr.gov/es/License/Index?LicenseTypeFilter=INVESTMENT+ADVISOR&Page=3&PageSize=100,2026-08-26T15:58:36+00:00,,,,,,,,unknown
b37c47a47b598f23b56094073c3d2dd8f2c52951e468f165038954fb4ea16f12,INVESTMENT ADVISOR,Fisher Investments,,ACTIVA,5525 NW Fisher Creek Drive Camas WA 98607-9911,800-851-8845,05/03/2002,IA-0491N,,SHERRILYN A. FISHER,107342,NO,3,https://concesionarios.ocif.pr.gov/es/License/Index?LicenseTypeFilter=INVESTMENT+ADVISOR&Page=3&PageSize=100,2026-08-26T15:58:36+00:00,,,,,,,,unknown
897fdd2e9ee7742c0c8da421b9a7612aa4d68ef5143250a730d053b7610fd4bf,INVESTMENT ADVISOR,"Flagstar Securities, Inc",,ACTIVA,"1400 Broadway, 16th Floor New York NY 10018",646-822-1409,01/24/2022,IA-1481N,,"William J Maguire, Jr, Michael Frasier, Philip Perry",104233,NO,3,https://concesionarios.ocif.pr.gov/es/License/Index?LicenseTypeFilter=INVESTMENT+ADVISOR&Page=3&PageSize=100,2026-08-26T15:58:36+00:00,,,,,,,,unknown
542f74d2347f6c6a07b2fc17c0c3875d9f02b2e17eec6e480ae623259a51bac0,INVESTMENT ADVISOR,Flexible Plan Investments LTD,,ACTIVA,3883 Telegraph Rd Ste 100 Bloomfield Hills MI 48302-1432,800-347-3539,08/09/2005,IA-0640N,,"Gregory M Smith, Kristin Russelburg",110762,NO,3,https://concesionarios.ocif.pr.gov/es/License/Index?LicenseTypeFilter=INVESTMENT+ADVISOR&Page=3&PageSize=100,2026-08-26T15:58:36+00:00,,,,,,,,unknown
e6f7f2e93e93dd4b6d8c2b66000243c4858ce7a0ff308eac148873122d18e5b1,INVESTMENT ADVISOR,"FLORIDA FINANCIAL ADVISORS, LLC",,ACTIVA,6550 W HILLSBOROUGH AVENUE SUITE 130 TAMPA FL 33634,813-333-1683,11/06/2025,IA-1755N,,Jennifer M. Selliers,288811,NO,3,https://concesionarios.ocif.pr.gov/es/License/Index?LicenseTypeFilter=INVESTMENT+ADVISOR&Page=3&PageSize=100,2026-08-26T15:58:36+00:00,,,,,,,,unknown
2da83866281d8b3a59a54cec5de9cb33bbafbe724ecabeb60bf6fd470f50987c,INVESTMENT ADVISOR,Forensic Decisions PR LLC,,ACTIVA,3 Carrion Court Apartment 302 San Juan PR 00911-1255,939-226-3631,06/14/2021,IA-1417,,"Harry M., Markopolos,",313335,NO,3,https://concesionarios.ocif.pr.gov/es/License/Index?LicenseTypeFilter=INVESTMENT+ADVISOR&Page=3&PageSize=100,2026-08-26T15:58:36+00:00,,,,,,,,unknown
103fa268b65cc23a14fc217aba5748c9a213e92fb6f1e8471ea62a789028b789,INVESTMENT ADVISOR,Fort Point Capital Partners LLC,,ACTIVA,275 Sacramento Street 8th Floor San Francisco CA 94111,415-449-0570,12/17/2024,IA-1696N,,Heidi Johnson,146759,NO,3,https://concesionarios.ocif.pr.gov/es/License/Index?LicenseTypeFilter=INVESTMENT+ADVISOR&Page=3&PageSize=100,2026-08-26T15:58:36+00:00,,,,,,,,unknown
d3a9488823044831583013a9d2e8db3b40f371a082f8675ceff56cf0efdb643b,INVESTMENT ADVISOR,"FORTALEZA CAPITAL PARTNERS, LLC",,ACTIVA,"250 AVE. PONCE DE LEON CITY TOWERS, SUITE 1003 SAN JUAN PR 00918-2031",787-749-4770,04/04/2016,IA-1105,,"Jose J. Rodríguez Suarez, Vonjamis M. Martínez",234792,NO,3,https://concesionarios.ocif.pr.gov/es/License/Index?LicenseTypeFilter=INVESTMENT+ADVISOR&Page=3&PageSize=100,2026-08-26T15:58:36+00:00,,,,,,,,unknown
a7a03a74bff46428af404dbf86b5a299e218d6ae2d144b9bb870175662000883,INVESTMENT ADVISOR,Foundations Investment Advisors LLC,,ACTIVA,4050 E. Cotton Center BLVD. Suite 40 Phoenix AZ 85040,480-626-2979,04/04/2025,IA-1726N,,Marc Pugsley,175083,NO,3,https://concesionarios.ocif.pr.gov/es/License/Index?LicenseTypeFilter=INVESTMENT+ADVISOR&Page=3&PageSize=100,2026-08-26T15:58:36+00:00,,,,,,,,unknown
ae66dc0a7589e3f57bdba8ec1aa528edab4301d26e77b5b4076fe7b972e637e4,INVESTMENT ADVISOR,"Founders Financial Securities, LLC",,ACTIVA,1020 Cromwell Bridge Road Towson MD 21286,410-308-9988,07/08/2013,IA-0976N,,"Karen E. Beech, Joseph Krcma",137945,NO,3,https://concesionarios.ocif.pr.gov/es/License/Index?LicenseTypeFilter=INVESTMENT+ADVISOR&Page=3&PageSize=100,2026-08-26T15:58:36+00:00,,,,,,,,unknown
665e21fc1cdc8918d9722258cb02b17f454bc80cfbf9c84ed59c018e6934133b,INVESTMENT ADVISOR,Fowardframe LLC,,ACTIVA,200 N Sepulveda Blvd Suite 1200 El Segundo CA 90245,866-489-3100,11/18/2016,IA-1133N,,Kristy Haley,285648,NO,3,https://concesionarios.ocif.pr.gov/es/License/Index?LicenseTypeFilter=INVESTMENT+ADVISOR&Page=3&PageSize=100,2026-08-26T15:58:36+00:00,,,,,,,,unknown
fac0919e812fe7593db1289c839409db176e4d33039d5765d1a1177788b13b67,INVESTMENT ADVISOR,FP Strategies LLC,,ACTIVA,151 Calle de San Francisco Suite 200 San Juan PR 00901-1660,787-722-6881,08/22/2025,IA-1743N,,Andrew P. Chica,337701,NO,3,https://concesionarios.ocif.pr.gov/es/License/Index?LicenseTypeFilter=INVESTMENT+ADVISOR&Page=3&PageSize=100,2026-08-26T15:58:36+00:00,,,,,,,,unknown
b765e17ffdf48ac10965bd4231e1829c66db38cf1c2354a04c8d1d8c037ba35d,INVESTMENT ADVISOR,FRA Services Inc.,,ACTIVA,1225 Ponce De León Avenue Ste Mz-E1 Vig Tower San Juan PR 00907,786-536-6118,05/01/2019,IA-1277,,Ferdinand Ruaño,292588,NO,3,https://concesionarios.ocif.pr.gov/es/License/Index?LicenseTypeFilter=INVESTMENT+ADVISOR&Page=3&PageSize=100,2026-08-26T15:58:36+00:00,,,,,,,,unknown
94cf1163171f04efb39c500cec6d03002ae3139fdfc745b487516326b35b5be8,INVESTMENT ADVISOR,"Franklin Advisers, Inc.",,ACTIVA,One Franklin Parkway San Mateo CA 94403-1906,650-312-3000,12/24/2021,IA-1468N,,Breda M. Beckerle,104517,NO,3,https://concesionarios.ocif.pr.gov/es/License/Index?LicenseTypeFilter=INVESTMENT+ADVISOR&Page=3&PageSize=100,2026-08-26T15:58:36+00:00,,,,,,,,unknown
44396285a364f24e09ef4292c46c735e0f6609b6b9232af1cae8723c5c3634e3,INVESTMENT ADVISOR,"Fred Alger Management, Inc.",,ACTIVA,360 Park Ave South New York NY 10010,212-806-8800,12/10/1999,IA-0327N,,Patrick J Murphy,106750,NO,3,https://concesionarios.ocif.pr.gov/es/License/Index?LicenseTypeFilter=INVESTMENT+ADVISOR&Page=3&PageSize=100,2026-08-26T15:58:36+00:00,,,,,,,,unknown
f23f22d1d5eb039980ba3cae8d34b1b608834283d43f293abf093678592de6e6,INVESTMENT ADVISOR,"Freedom Advisory, LLC",,ACTIVA,Centro Internacional de Mercadeo Tower I Suite 205 Guaynabo PR 00968,787-792-3000,08/20/2008,IA-0800N,,Eduardo J. Ramos,147546,NO,3,https://concesionarios.ocif.pr.gov/es/License/Index?LicenseTypeFilter=INVESTMENT+ADVISOR&Page=3&PageSize=100,2026-08-26T15:58:36+00:00,,,,,,,,unknown
46eac00b536334c1125e08fcd382a711733304f4cc59c7c7f25a84f9deac3959,INVESTMENT ADVISOR,"Freedom Family Office, LLC",,ACTIVA,166 East 61st Street Suite 6B New York NY 10065,855-540-0400,07/22/2021,IA-1445N,,Paul Hassebroek,310275,NO,3,https://concesionarios.ocif.pr.gov/es/License/Index?LicenseTypeFilter=INVESTMENT+ADVISOR&Page=3&PageSize=100,2026-08-26T15:58:36+00:00,,,,,,,,unknown
546e6deecba93322a0ef1f4be4f91df358c80a130a6b41d01fcd5fa4d9e52c96,INVESTMENT ADVISOR,"Freestone Capital Management, LLC",,ACTIVA,701 5th Avenue 74th Floor Seattle WA 98104,1-206-707-7300,03/30/2026,IA-1791N,,Jessica Rodriguez,145711,NO,3,https://concesionarios.ocif.pr.gov/es/License/Index?LicenseTypeFilter=INVESTMENT+ADVISOR&Page=3&PageSize=100,2026-08-26T15:58:36+00:00,,,,,,,,unknown
fb0df0c8a8cf7f00d7cca8d4060263b69926a6c73c4172b242ce88e34b21bc32,INVESTMENT ADVISOR,FSAM LLC,,ACTIVA,1720 Windward Concourse Suite 115 Alpharetta GA 30005,770-777-9373,09/13/2017,IA-1182N,,Vasileios Sfyris,287851,NO,3,https://concesionarios.ocif.pr.gov/es/License/Index?LicenseTypeFilter=INVESTMENT+ADVISOR&Page=3&PageSize=100,2026-08-26T15:58:36+00:00,,,,,,,,unknown
55f19701d823b6a0b130ec6bedc6732c7cb2420a71b58746534a5817e5dfdd8b,INVESTMENT ADVISOR,Fuller & Thaler Asset Management Inc.,,ACTIVA,411 Borel Avenue Suite 300 San Mateo CA 94402,650-931-1500,01/09/2013,IA-0942N,,Hanna Woo Zanoni,107033,NO,3,https://concesionarios.ocif.pr.gov/es/License/Index?LicenseTypeFilter=INVESTMENT+ADVISOR&Page=3&PageSize=100,2026-08-26T15:58:36+00:00,,,,,,,,unknown
845a41b5690a1c5ad3bdfc1f8678fce330752562d395e4319600307db452529e,INVESTMENT ADVISOR,"Fund Evaluation Group, LLC",,ACTIVA,201 East Fifth Street Suite 1600 Cincinnati OH 45202,513-977-4400,03/28/2013,IA-0961N,,Maureen Kiefer-Goldenberg,121658,NO,3,https://concesionarios.ocif.pr.gov/es/License/Index?LicenseTypeFilter=INVESTMENT+ADVISOR&Page=3&PageSize=100,2026-08-26T15:58:36+00:00,,,,,,,,unknown
4ef40e18ca81d3115dcc421ff1703d5b9ea3c0bb8767b6dd5fa20ce803b1ebbe,INVESTMENT ADVISOR,Futuremoney RIA,,ACTIVA,500 North Commercial Street Suite 502 Manchester NH 03101,603-812-0108,04/15/2024,IA-1628N,,David Fortin,329835,NO,3,https://concesionarios.ocif.pr.gov/es/License/Index?LicenseTypeFilter=INVESTMENT+ADVISOR&Page=3&PageSize=100,2026-08-26T15:58:36+00:00,,,,,,,,unknown
19e7751c552fe7375a5c706c27e6b88fda8cddab098cfad676fc778618644e61,INVESTMENT ADVISOR,FXIFY Inc.,,ACTIVA,1621 Central Ave Cheyenne WY 82001,1-678-383-0357,,IA-1802N,,Joaquinn T Sadler,339640,NO,3,https://concesionarios.ocif.pr.gov/es/License/Index?LicenseTypeFilter=INVESTMENT+ADVISOR&Page=3&PageSize=100,2026-08-26T15:58:36+00:00,,,,,,,,unknown
1a95a6842a8ad242dc4e9aa71fe6ae7f5134793e69bf80c424e0564d76dd2672,INVESTMENT ADVISOR,"Gallagher Fiduciary Advisors, LLC",,ACTIVA,2850 Golf Road Rolling Meadows IL 60008,212-918-9685,01/02/2024,IA-1626N,,Natalie H. Kossak,146509,NO,3,https://concesionarios.ocif.pr.gov/es/License/Index?LicenseTypeFilter=INVESTMENT+ADVISOR&Page=3&PageSize=100,2026-08-26T15:58:36+00:00,,,,,,,,unknown
6384225a6306a091273fd32e11dcb617eab0270544a93453d5c46aa9531acf50,INVESTMENT ADVISOR,Galliard Capital Management,,ACTIVA,800 LaSalle Ave Ste 1400 Minneapolis MN 55402-2054,612-667-3220,03/25/2025,IA-1711N,,Amy Stueve,106487,NO,3,https://concesionarios.ocif.pr.gov/es/License/Index?LicenseTypeFilter=INVESTMENT+ADVISOR&Page=3&PageSize=100,2026-08-26T15:58:36+00:00,,,,,,,,unknown
cf83fe1f7c961d5a4b1f53ca5880c2c3047771dfde437cbd91f72a95888391d8,INVESTMENT ADVISOR,Gamco Asset Management Inc.,,ACTIVA,One Corporate Center Rye NY 10580-1422,914-921-5000,08/13/1991,IA-0096N,,David M Goldman,104950,NO,3,https://concesionarios.ocif.pr.gov/es/License/Index?LicenseTypeFilter=INVESTMENT+ADVISOR&Page=3&PageSize=100,2026-08-26T15:58:36+00:00,,,,,,,,unknown
937afbea932a402d9920a2173f42986a6330dcc0747518505370d1b7adbb1f5e,INVESTMENT ADVISOR,Gamma Asset Management LLC,,ACTIVA,"Edificio Ochoa 500 Calle De La Tanca, Suite 305 San Juan PR 00901-1969",787-957-3260,07/24/2019,IA-1299N,,David Galarza Sosa,300050,NO,3,https://concesionarios.ocif.pr.gov/es/License/Index?LicenseTypeFilter=INVESTMENT+ADVISOR&Page=3&PageSize=100,2026-08-26T15:58:36+00:00,,,,,,,,unknown
9689cd9da83390eae5f9ffa5756252194651d06f9a84f382b00089bf6d01c4db,INVESTMENT ADVISOR,"Gaus, Inc.",,ACTIVA,35 Mirabel Ave Unit A San Francisco CA 94110,650-661-9880,02/05/2026,IA-1749N,,Bruno Akira Koba Sato,338424,NO,3,https://concesionarios.ocif.pr.gov/es/License/Index?LicenseTypeFilter=INVESTMENT+ADVISOR&Page=3&PageSize=100,2026-08-26T15:58:36+00:00,,,,,,,,unknown
e711e607998aee719dde3dd3cd6492d9dbe3b590e6bc95949b0bcbe2dd172c7f,INVESTMENT ADVISOR,"Geneos Wealth Management, Inc.",,ACTIVA,9055 E Mineral Circle Suite 200 Centennial CO 80112,303-785-8470,01/04/2008,IA-0769N,,"Ryan W Diachok, Dean Rager",120894,NO,3,https://concesionarios.ocif.pr.gov/es/License/Index?LicenseTypeFilter=INVESTMENT+ADVISOR&Page=3&PageSize=100,2026-08-26T15:58:36+00:00,,,,,,,,unknown
acad2b7a8ee795121eae5d0eb91fd984ddaa18eaaf1152573a588482acc6d6c1,INVESTMENT ADVISOR,Generational Private Wealth (Las Marias Consulting LLC),,ACTIVA,2316 Calle Cacique San Juan PR 00913,571-244-8764,03/21/2023,IA-1568N,,"Ryon Beyer, Ryon P. Beyer",324954,NO,3,https://concesionarios.ocif.pr.gov/es/License/Index?LicenseTypeFilter=INVESTMENT+ADVISOR&Page=3&PageSize=100,2026-08-26T15:58:36+00:00,,,,,,,,unknown
abc04a39cb6d0383c25296fd0301d3b47b43a48d23237cb04025e70dffa4dfeb,INVESTMENT ADVISOR,Genter Capital Management,,ACTIVA,11601 Wilshire Blvd. 25th Floor Los Angeles CA 90025-1770,310-477-6543,03/28/2024,IA-1644N,,Manuel A Gutierrez,108618,NO,3,https://concesionarios.ocif.pr.gov/es/License/Index?LicenseTypeFilter=INVESTMENT+ADVISOR&Page=3&PageSize=100,2026-08-26T15:58:36+00:00,,,,,,,,unknown
54e8f3b4d62111619e26e5faa29c9446e5929934e5bec7ea5f0619b266044568,INVESTMENT ADVISOR,Gentrust,,ACTIVA,1450 Brickell Avenue Suite 3050 Miami FL 33131,305-677-6688,03/28/2016,IA-1114N,,Zulay Hunter,158369,NO,3,https://concesionarios.ocif.pr.gov/es/License/Index?LicenseTypeFilter=INVESTMENT+ADVISOR&Page=3&PageSize=100,2026-08-26T15:58:36+00:00,,,,,,,,unknown
6f92a66122a863e6b691ccb394856207bbc7e8b61744d010481723eb2a3b2c95,INVESTMENT ADVISOR,Geowealth Management LLC,,ACTIVA,444 N. Michigan Avenue Suite 3150 Chicago IL 60611,312-219-9160,03/30/2023,IA-1582N,,Evan Lieberman,148222,NO,3,https://concesionarios.ocif.pr.gov/es/License/Index?LicenseTypeFilter=INVESTMENT+ADVISOR&Page=3&PageSize=100,2026-08-26T15:58:36+00:00,,,,,,,,unknown
c57a7f9a3b481f926cb69702c69b4a9153558cfc6ed710effc15dd9551e2a79e,INVESTMENT ADVISOR,Gerber Kawasaki Wealth & Investment Management,,ACTIVA,2716 Ocean Park BLVD #2020-2025 Santa Monica CA 90405,310-399-6397,03/31/2025,IA-1722N,,Danilo Kawasaki,153649,NO,4,https://concesionarios.ocif.pr.gov/es/License/Index?LicenseTypeFilter=INVESTMENT+ADVISOR&Page=4&PageSize=100,2026-08-26T15:58:37+00:00,,,,,,,,unknown
54549015cfdf97d5ec695ec748c3425dbab139b05ae774d11d47ae4eb6b69f1c,INVESTMENT ADVISOR,Gilder Gagnon Howe & Co. LLC,,ACTIVA,3 Columbus Circle New York NY 10019,212-765-2500,01/27/2006,IA-0658N,,Bonnie Haupt,2002,NO,4,https://concesionarios.ocif.pr.gov/es/License/Index?LicenseTypeFilter=INVESTMENT+ADVISOR&Page=4&PageSize=100,2026-08-26T15:58:37+00:00,,,,,,,,unknown
f874d2fae46a8723ea1817ce073a8a85d710f623d12c1f9eff13846148b084f4,INVESTMENT ADVISOR,Gladstone Wealth Partners,,ACTIVA,2500 N. Military Trail Suite 225 Boca Raton FL 33431,908-719-1313,11/27/2023,IA-1618N,,Kristopher Bonocore,250787,NO,4,https://concesionarios.ocif.pr.gov/es/License/Index?LicenseTypeFilter=INVESTMENT+ADVISOR&Page=4&PageSize=100,2026-08-26T15:58:37+00:00,,,,,,,,unknown
15b51ed9758f1a392fc29a296c301c053488767b78ce7cd9e73b709fb4f19228,INVESTMENT ADVISOR,"Glenmede Investment Management, LP",,ACTIVA,1650 Market St One Liberty Place Suite 1200 Philadelphia PA 19103,215-419-6092,01/11/2007,IA-0720N,,Maria McGarry,108165,NO,4,https://concesionarios.ocif.pr.gov/es/License/Index?LicenseTypeFilter=INVESTMENT+ADVISOR&Page=4&PageSize=100,2026-08-26T15:58:37+00:00,,,,,,,,unknown
6a3d2ce8ecf7129bb3d737d0ddb2f46aa73358f368c9120bbdd7146d69b44935,INVESTMENT ADVISOR,"Global Assets Advisory, LLC",,ACTIVA,390 N. Orange Avenue Suite 750 Orlando FL 32801,407-254-1500,04/11/2023,IA-1596N,,Richard Weiss,300460,NO,4,https://concesionarios.ocif.pr.gov/es/License/Index?LicenseTypeFilter=INVESTMENT+ADVISOR&Page=4&PageSize=100,2026-08-26T15:58:37+00:00,,,,,,,,unknown
30c30da3344ff26b41bab84def83800ee1fcf474283dfa91dd818580cd2c1316,INVESTMENT ADVISOR,Global Retirement Partners LLC,,ACTIVA,4340 Redwood Highway Suite B-60 San Rafael CA 94903,1-415-526-2753,02/19/2026,IA-1771N,,"Cosmo Gould, Patricia Destein",172011,NO,4,https://concesionarios.ocif.pr.gov/es/License/Index?LicenseTypeFilter=INVESTMENT+ADVISOR&Page=4&PageSize=100,2026-08-26T15:58:37+00:00,,,,,,,,unknown
d542b89caea9109db17e52f1d5ee176e0f5848b000114779b15f3251f18a79b3,INVESTMENT ADVISOR,Goldman Sachs & Co. LLC,,ACTIVA,200 West St New York NY 10282-2198,212-902-1000,11/01/1996,IA-0066N,,"Thomas Fairbanks Matthias, Jamison Yardley",361,NO,4,https://concesionarios.ocif.pr.gov/es/License/Index?LicenseTypeFilter=INVESTMENT+ADVISOR&Page=4&PageSize=100,2026-08-26T15:58:37+00:00,,,,,,,,unknown
26d9e58e62effc46bf3846074ed82c8791c1574f6f21e1e5d4adc5e48edd1827,INVESTMENT ADVISOR,"Goldman Sachs Asset Management, LP",,ACTIVA,200 West St New York NY 10282,212-902-1000,02/24/2021,IA-1390N,,Judith Shandling,107738,NO,4,https://concesionarios.ocif.pr.gov/es/License/Index?LicenseTypeFilter=INVESTMENT+ADVISOR&Page=4&PageSize=100,2026-08-26T15:58:37+00:00,,,,,,,,unknown
dab0f52289af91734dba6dcfb2a6527649734d58fa1f41055815c96f6ef7fc71,INVESTMENT ADVISOR,Goldman Sachs Personal Financial Management,,ACTIVA,620 Newport Center Drive Suite 500 Newport Beach CA 92660,949-999-8500,07/16/2019,IA-1305N,,Michael Herman,134600,NO,4,https://concesionarios.ocif.pr.gov/es/License/Index?LicenseTypeFilter=INVESTMENT+ADVISOR&Page=4&PageSize=100,2026-08-26T15:58:37+00:00,,,,,,,,unknown
88d55e2b4acb4e65bebc7ecaf9a40243a099a0b29513ff9de25d743c6267b162,INVESTMENT ADVISOR,"Good Life Advisors, LLC",,ACTIVA,2395 Lancaster Pike Reading PA 19607,610-898-6927,03/31/2023,IA-1591N,,Conor F. Delaney,171898,NO,4,https://concesionarios.ocif.pr.gov/es/License/Index?LicenseTypeFilter=INVESTMENT+ADVISOR&Page=4&PageSize=100,2026-08-26T15:58:37+00:00,,,,,,,,unknown
e9543bdbdb5353f33af8b60581bef1066bb7cd5d9811f3adb4d8fecd2b01bae0,INVESTMENT ADVISOR,"Gradient Investments, LLC",,ACTIVA,4105 Lexington Avenue North Suite 250 Arden Hills MN 55126,888-824-3525,02/16/2022,IA-1489N,,Nicole Alexander,141726,NO,4,https://concesionarios.ocif.pr.gov/es/License/Index?LicenseTypeFilter=INVESTMENT+ADVISOR&Page=4&PageSize=100,2026-08-26T15:58:37+00:00,,,,,,,,unknown
cf715aed732cdbac0b4ea326354a2c025030fb090f9ce478205cf395f388df8b,INVESTMENT ADVISOR,"Great Lakes Advisors, LLC",,ACTIVA,231 S. Lasalle Street 4th Floor Chicago IL 60604,312-431-1700,01/09/2023,IA-1559N,,Elliot Silver,110757,NO,4,https://concesionarios.ocif.pr.gov/es/License/Index?LicenseTypeFilter=INVESTMENT+ADVISOR&Page=4&PageSize=100,2026-08-26T15:58:37+00:00,,,,,,,,unknown
9aa076925741c7cfba58c1be28e74ecf3acb3682b4c80b43207c0f3d08dd28b9,INVESTMENT ADVISOR,"Great Valley Advisor Group, Inc.",,ACTIVA,1200 Pennsylvania Ave Suite 202 Wilmington DE 19806,302-483-7200,04/24/2025,IA-1729N,,Cheryl B. Derosa,123913,NO,4,https://concesionarios.ocif.pr.gov/es/License/Index?LicenseTypeFilter=INVESTMENT+ADVISOR&Page=4&PageSize=100,2026-08-26T15:58:37+00:00,,,,,,,,unknown
d26018d12a080fc88fa7022ca994c60794ade85166289b82327ccc3225e02c5c,INVESTMENT ADVISOR,Greenvale Capital LP,,ACTIVA,80 Beehive Creek Drive Big Sky MT 59716,1-406-595-7712,01/09/2026,IA-1766N,,Andrew Wall,312264,NO,4,https://concesionarios.ocif.pr.gov/es/License/Index?LicenseTypeFilter=INVESTMENT+ADVISOR&Page=4&PageSize=100,2026-08-26T15:58:37+00:00,,,,,,,,unknown
9fa1bba8e5dc1200b5bce5818fa6508c05e25360ae5691612edb48351cf3ebf7,INVESTMENT ADVISOR,"Grimes & Company, Inc.",,ACTIVA,110 Turnpike Rd. Suite 100 Westborough MA 01581,508-366-3883,01/04/2013,IA-0941N,,Gerald S. Connolly,109420,NO,4,https://concesionarios.ocif.pr.gov/es/License/Index?LicenseTypeFilter=INVESTMENT+ADVISOR&Page=4&PageSize=100,2026-08-26T15:58:37+00:00,,,,,,,,unknown
930a65b4ddb608d8ada218cbaa278839f532c5d3b5b2cb99e0f1f01dd84970c0,INVESTMENT ADVISOR,"Guardian Advisory Services, LLC",,ACTIVA,10 Hudson Yards New York NY 10001,800-879-6934,09/30/2020,IA-1362N,,Thomas Drogan,310203,NO,4,https://concesionarios.ocif.pr.gov/es/License/Index?LicenseTypeFilter=INVESTMENT+ADVISOR&Page=4&PageSize=100,2026-08-26T15:58:37+00:00,,,,,,,,unknown
3d5292095a4957f7dc27a275377713b8858cffdc9bb1952ea5534905b64fd6a7,INVESTMENT ADVISOR,"Guggenheim Corporate Funding, LLC",,ACTIVA,330 Madison Avenue 10th Floor New York NY 10017,212-739-0700,03/31/2025,IA-1721N,,Robert A. Saperstein,300895,NO,4,https://concesionarios.ocif.pr.gov/es/License/Index?LicenseTypeFilter=INVESTMENT+ADVISOR&Page=4&PageSize=100,2026-08-26T15:58:37+00:00,,,,,,,,unknown
a44541c33df376fa2e8315b4b546a3c7a86b03cea6d0917af0ee75fd38dc258c,INVESTMENT ADVISOR,Guggenheim Investments,,ACTIVA,330 Madison Ave 10th Fl New York NY 10017,212-739-0700,12/05/2006,IA-0716N,,Elisabeth Miller,105477,NO,4,https://concesionarios.ocif.pr.gov/es/License/Index?LicenseTypeFilter=INVESTMENT+ADVISOR&Page=4&PageSize=100,2026-08-26T15:58:37+00:00,,,,,,,,unknown
f954a5b8c8f190e4a8ddfa26797dedde426e9b06beab2045a42c1aeee7b25629,INVESTMENT ADVISOR,"Guggenheim Partners Investment Management, LLC",,ACTIVA,100 Wilshire Blvd Suite 500 Santa Monica CA 90401,310-576-1270,03/31/2014,IA-1013N,,Beth Ann Haddock,137432,NO,4,https://concesionarios.ocif.pr.gov/es/License/Index?LicenseTypeFilter=INVESTMENT+ADVISOR&Page=4&PageSize=100,2026-08-26T15:58:37+00:00,,,,,,,,unknown
fc0692c9e554e4c7a1814499d83bfbaa420e9ceb6f9101b17f6713d908958497,INVESTMENT ADVISOR,"Guggenheim Private Investments, LLC",,ACTIVA,330 Madison Avenue 10th Floor New York NY 10017,1-212-739-0700,03/31/2025,IA-1720N,,Robert A. Saperstein,331479,NO,4,https://concesionarios.ocif.pr.gov/es/License/Index?LicenseTypeFilter=INVESTMENT+ADVISOR&Page=4&PageSize=100,2026-08-26T15:58:37+00:00,,,,,,,,unknown
f9c3302b1395058727452101d62a97bdee4a1aa0254a976af4352ea1fb65e8aa,INVESTMENT ADVISOR,"Guggenheim Wealth Solutions, LLC",,ACTIVA,100 Wilshire Blvd Suite 500 Santa Mónica CA 90401,310-576-1270,08/26/2024,IA-1680N,,Joanna Catalucci,283238,NO,4,https://concesionarios.ocif.pr.gov/es/License/Index?LicenseTypeFilter=INVESTMENT+ADVISOR&Page=4&PageSize=100,2026-08-26T15:58:37+00:00,,,,,,,,unknown
64a36db49a03e7637bbd9fecc2240acadb122a6e2f3077a4cd41aa65c45da25f,INVESTMENT ADVISOR,"GW&K Investment Management, LLC",,ACTIVA,222 Berkeley St 15th Floor Boston MA 02116,617-236-8900,11/18/2002,IA-0526N,,T. Williams Roberts III,121942,NO,4,https://concesionarios.ocif.pr.gov/es/License/Index?LicenseTypeFilter=INVESTMENT+ADVISOR&Page=4&PageSize=100,2026-08-26T15:58:37+00:00,,,,,,,,unknown
b7632d910345ee0f43e2871088ceec371db54127342bfcd7917043f9c35741e9,INVESTMENT ADVISOR,Hadley,,ACTIVA,920 N Kings Road Apt 129 West Hollywood CA 90069,954-254-0193,04/26/2021,IA-1398N,,Joshua Evan Miller,313400,NO,4,https://concesionarios.ocif.pr.gov/es/License/Index?LicenseTypeFilter=INVESTMENT+ADVISOR&Page=4&PageSize=100,2026-08-26T15:58:37+00:00,,,,,,,,unknown
61a3609ca823f8e4c8b7b29935b0ebe308949d3e0759d1265819ac2c047fd835,INVESTMENT ADVISOR,Hamilton Capital,,ACTIVA,5025 Arlington Centre Blvd Suite 300 Colombus OH 43220,614-273-1000,11/08/2023,IA-1616N,,Anthony N. Strotman,109116,NO,4,https://concesionarios.ocif.pr.gov/es/License/Index?LicenseTypeFilter=INVESTMENT+ADVISOR&Page=4&PageSize=100,2026-08-26T15:58:37+00:00,,,,,,,,unknown
f792a39e3377d93c9f70f8d6bb5c5165629c1d4a56ea3f2f60aa3c3d11c44382,INVESTMENT ADVISOR,"Harbour Investments, Inc.",,ACTIVA,575 D'Onofrio Drive Suite 300 Madison WI 53719,608-662-6100,01/26/2024,IA-1627N,,Kyle L. Kopitzke,19258,NO,4,https://concesionarios.ocif.pr.gov/es/License/Index?LicenseTypeFilter=INVESTMENT+ADVISOR&Page=4&PageSize=100,2026-08-26T15:58:37+00:00,,,,,,,,unknown
47523bebec2596a94ad5bf3c4594270b9d0b7b5d3ed0e1fcdca43a08aceee1e4,INVESTMENT ADVISOR,Harding Loevner LP,,ACTIVA,400 Crossing Blvd 4th Floor Bridgewaer NJ 08807,908-218-7900,02/28/2006,IA-0674N,,Lori M Renzulli,104543,NO,4,https://concesionarios.ocif.pr.gov/es/License/Index?LicenseTypeFilter=INVESTMENT+ADVISOR&Page=4&PageSize=100,2026-08-26T15:58:37+00:00,,,,,,,,unknown
2fe3c31ca59923ea4bf34b4ba276ccffd3e6dca81d82ce27a19a30126e00ceaf,INVESTMENT ADVISOR,"Haron Capital Management, LLC",,ACTIVA,137 Ocean Park Lane Cape Canaveral FL 32920,646-965-6700,01/30/2025,IA-1687NS,,Joshua Victor Haron,298059,NO,4,https://concesionarios.ocif.pr.gov/es/License/Index?LicenseTypeFilter=INVESTMENT+ADVISOR&Page=4&PageSize=100,2026-08-26T15:58:37+00:00,,,,,,,,unknown
65bd0188ac26837099b730d98b84fc5d6fc00e72a30ded65a38d026d8608863b,INVESTMENT ADVISOR,Harris Associates LP,,ACTIVA,111 S Wacker Drive Suite 4600 Chicago IL 60606,312-646-3600,08/22/2002,IA-0513N,,Colin P McFarland,106960,NO,4,https://concesionarios.ocif.pr.gov/es/License/Index?LicenseTypeFilter=INVESTMENT+ADVISOR&Page=4&PageSize=100,2026-08-26T15:58:37+00:00,,,,,,,,unknown
665cc82d5d31554bfc86b014d32cd4197182abd26e5af1d4b234836f292d32ef,INVESTMENT ADVISOR,Harvest Financial Corporation,,ACTIVA,1055 LPL Way Fort Mill SC 29715,704-733-3300,08/07/2024,IA-1673N,,"Matthew Applebaum, Richard Sheehan",8733,NO,4,https://concesionarios.ocif.pr.gov/es/License/Index?LicenseTypeFilter=INVESTMENT+ADVISOR&Page=4&PageSize=100,2026-08-26T15:58:37+00:00,,,,,,,,unknown
0470870d867dea6b1639bbeb8287f91b0aeb56cb9491550db3a8f05a797721c9,INVESTMENT ADVISOR,Healthequity Advisors,,ACTIVA,15 West Scenic Pointe Drive Suite 100 Draper UT 84020,801-727-1000,,IA-1117N,,Lori Midgley,167105,NO,4,https://concesionarios.ocif.pr.gov/es/License/Index?LicenseTypeFilter=INVESTMENT+ADVISOR&Page=4&PageSize=100,2026-08-26T15:58:37+00:00,,,,,,,,unknown
8441161d8b16d7b2d88a680beea6ea8687f84d4de89ef6afb2a8394dc23aab2d,INVESTMENT ADVISOR,Heitman Real Estate Securities LLC,,ACTIVA,191 North Wacker Drive Suite 2500 Chicago IL 60606-1615,312-855-5700,06/11/2007,IA-0752N,,Randall Ramey,107134,NO,4,https://concesionarios.ocif.pr.gov/es/License/Index?LicenseTypeFilter=INVESTMENT+ADVISOR&Page=4&PageSize=100,2026-08-26T15:58:37+00:00,,,,,,,,unknown
22699f078c960a0085935a766297eb51d83cdb50d2648cc5d5060cada36a04c9,INVESTMENT ADVISOR,Helium LLC,,ACTIVA,1160 Battery Street East Suite 100 San Francisco CA 94111,650-204-1524,05/04/2021,IA-1413N,,David Dindi,313255,NO,4,https://concesionarios.ocif.pr.gov/es/License/Index?LicenseTypeFilter=INVESTMENT+ADVISOR&Page=4&PageSize=100,2026-08-26T15:58:37+00:00,,,,,,,,unknown
f7050b8da1828830fb3d782a58961883f73efd2a502033c6862a7a392ce64074,INVESTMENT ADVISOR,"Hendershott Wealth Management, LLC",,ACTIVA,11 Municipal Drive STE 200 PMB 1018 Fishers IN 46038,408-769-3005,05/20/2024,IA-1666N,,,170839,NO,4,https://concesionarios.ocif.pr.gov/es/License/Index?LicenseTypeFilter=INVESTMENT+ADVISOR&Page=4&PageSize=100,2026-08-26T15:58:37+00:00,,,,,,,,unknown
cafdcaac06537f964c9d565a44d920596f07bbe01bf65309e8b1e95dddd25229,INVESTMENT ADVISOR,Henderson Geneva Capital Management,,ACTIVA,100 E Wisconsin Avenue Suite 2550 Milwaukee WI 53202,414-224-6002,10/08/2015,IA-1086N,,Anne S. Kochevar,105432,NO,4,https://concesionarios.ocif.pr.gov/es/License/Index?LicenseTypeFilter=INVESTMENT+ADVISOR&Page=4&PageSize=100,2026-08-26T15:58:37+00:00,,,,,,,,unknown
f8f4e8219421a2523b1c92c678683afbb10e4cd5e58bbc45add0e86e6fa03f0b,INVESTMENT ADVISOR,"Herbert J. Sims Capital Management, Inc.",,ACTIVA,2150 Post Road Suite 301 Fairfield CT 06824,203-418-9000,01/02/2015,IA-1035N,,Valerie Hebert,134510,NO,4,https://concesionarios.ocif.pr.gov/es/License/Index?LicenseTypeFilter=INVESTMENT+ADVISOR&Page=4&PageSize=100,2026-08-26T15:58:37+00:00,,,,,,,,unknown
d66af5987d74c45af1cc4ca0b72a464fcd206a0a44b52a0f341c9a01b689210e,INVESTMENT ADVISOR,High Speed Alliance,,ACTIVA,52 Butterwood Aly Alys Beach FL 32461,256-642-1230,10/04/2019,IA-1311NS,,William F. Bryant,291399,NO,4,https://concesionarios.ocif.pr.gov/es/License/Index?LicenseTypeFilter=INVESTMENT+ADVISOR&Page=4&PageSize=100,2026-08-26T15:58:37+00:00,,,,,,,,unknown
47122c418ac6421ad628f95122a28b92778d5f530fbef76c4191a69e517243ee,INVESTMENT ADVISOR,Highbury Park LLC,,ACTIVA,1511 2nd Ave W. Seattle WA 98119,401-651-1059,04/24/2025,IA-1730N,,Yun-Ling Wong,304815,NO,4,https://concesionarios.ocif.pr.gov/es/License/Index?LicenseTypeFilter=INVESTMENT+ADVISOR&Page=4&PageSize=100,2026-08-26T15:58:37+00:00,,,,,,,,unknown
97e26ad71a360ba57052308035e3c80ba6168f41bb5f71d03ca4fbaf2ec217be,INVESTMENT ADVISOR,"Hightower Advisros, LLC",,ACTIVA,200 W Madison St Suite 2500 Chicago IL 60606,312-962-3800,02/18/2009,IA-0817N,,Timothy Woods,145323,NO,4,https://concesionarios.ocif.pr.gov/es/License/Index?LicenseTypeFilter=INVESTMENT+ADVISOR&Page=4&PageSize=100,2026-08-26T15:58:37+00:00,,,,,,,,unknown
8c93a0c189a975a08717c6a7e81abf6d37a602553d1d937cd22648ffe6b7b777,INVESTMENT ADVISOR,Hilltop Securities Inc.,,ACTIVA,1201 Elm Street Suite 3500 Dallas TX 75270-2180,214-859-1800,05/03/2001,IA-0423N,,Michael A. Cogliano,6220,NO,4,https://concesionarios.ocif.pr.gov/es/License/Index?LicenseTypeFilter=INVESTMENT+ADVISOR&Page=4&PageSize=100,2026-08-26T15:58:37+00:00,,,,,,,,unknown
0ab4be93e139a15858a9acd11d8848ac535ef74a11f18b56f75964e650d6a432,INVESTMENT ADVISOR,Hollow Brook Wealth Management LLC,,ACTIVA,152 Bedford Road KATONAH NY 10536,212-364-1840,03/27/2020,IA-1339N,,Philip Richter,145521,NO,4,https://concesionarios.ocif.pr.gov/es/License/Index?LicenseTypeFilter=INVESTMENT+ADVISOR&Page=4&PageSize=100,2026-08-26T15:58:37+00:00,,,,,,,,unknown
18d729d08faedaa717abe71b27d65ce31c1bdca4b420f3732ba006863759a793,INVESTMENT ADVISOR,Homrich Berg,,ACTIVA,3550 Lenox RD Suite 2700 Atlanta GA 30326,404-264-1400,01/16/2025,IA-1700N,,W. Travis Mckinney,316731,NO,4,https://concesionarios.ocif.pr.gov/es/License/Index?LicenseTypeFilter=INVESTMENT+ADVISOR&Page=4&PageSize=100,2026-08-26T15:58:37+00:00,,,,,,,,unknown
0416685d5f0588bca35fc6b97e4d545f684ecefbe9ee5d856bcc1385a68564dd,INVESTMENT ADVISOR,Horizon Investments LLC,,ACTIVA,13024 Ballantyne Corporate Place Suite 225 Charlotte NC 28277,704-544-2399,03/28/2018,IA-1219N,,Matt Chambers,109552,NO,4,https://concesionarios.ocif.pr.gov/es/License/Index?LicenseTypeFilter=INVESTMENT+ADVISOR&Page=4&PageSize=100,2026-08-26T15:58:37+00:00,,,,,,,,unknown
097fcb4ddf362a1221e40e873abc3a0e9cf46527aea00faf04d805491ab8118d,INVESTMENT ADVISOR,HSBC Securities (USA) Inc.,,ACTIVA,452 Fifth Avenue New York City NY 10018,212-525-2879,06/30/2006,IA-0698N,,"Lourdes R Smart, Anthony Matthew Verga",19585,NO,4,https://concesionarios.ocif.pr.gov/es/License/Index?LicenseTypeFilter=INVESTMENT+ADVISOR&Page=4&PageSize=100,2026-08-26T15:58:37+00:00,,,,,,,,unknown
8b63fa2744b387c20bfc87096dc9bfc2098d1abd439478af1db92da671156e75,INVESTMENT ADVISOR,"HUB investment Partners, LLC",,ACTIVA,900 S. Capital of TX Highway Suite 350 Austin TX 78746,1-512-600-5390,02/19/2026,IA-1770N,,"Mariane Lee, Sarah Simmon",307956,NO,4,https://concesionarios.ocif.pr.gov/es/License/Index?LicenseTypeFilter=INVESTMENT+ADVISOR&Page=4&PageSize=100,2026-08-26T15:58:37+00:00,,,,,,,,unknown
02b47e4456611edf7110132554cb1520c4ae8eb411e3d711ee6f228929d477d5,INVESTMENT ADVISOR,"Icon Advisers, Inc.",,ACTIVA,5299 DTC Blvd Suuite 1200 Greenwood Village CO 80111,303-790-1600,09/08/2008,IA-0806N,,Carrie Schoffman,108268,NO,4,https://concesionarios.ocif.pr.gov/es/License/Index?LicenseTypeFilter=INVESTMENT+ADVISOR&Page=4&PageSize=100,2026-08-26T15:58:37+00:00,,,,,,,,unknown
d8e259d18337abf06ef532c48df87b9e1268e2ca15ce33b0b9682d143d9850d7,INVESTMENT ADVISOR,Icon Financial Services LLC,,ACTIVA,422 NW 13th Ave #823 Portland OR 97209,813-670-2411,03/18/2022,IA-1498N,,Alexander Rowley,306816,NO,4,https://concesionarios.ocif.pr.gov/es/License/Index?LicenseTypeFilter=INVESTMENT+ADVISOR&Page=4&PageSize=100,2026-08-26T15:58:37+00:00,,,,,,,,unknown
1abe51e3d8d618c9d70ff241423dae13e946829d1f4898c0f80696994c47597c,INVESTMENT ADVISOR,Income Research + Management,,ACTIVA,115 Federal Street 22nd Floor Boston MA 02110-1884,617-330-9333,03/28/2024,IA-1643N,,Richard Kizik,104863,NO,4,https://concesionarios.ocif.pr.gov/es/License/Index?LicenseTypeFilter=INVESTMENT+ADVISOR&Page=4&PageSize=100,2026-08-26T15:58:37+00:00,,,,,,,,unknown
e730001310a4eb50a5c7714fb7c619bb2ad49f38913979908e45fc7f5c8b3c9b,INVESTMENT ADVISOR,"Independent Advisor Alliance, LLC",,ACTIVA,12610 N. Community House Rd. Suite 204 Charlotte NC 28277,704-540-2500,11/26/2013,IA-0988N,,Robert Russo,168267,NO,4,https://concesionarios.ocif.pr.gov/es/License/Index?LicenseTypeFilter=INVESTMENT+ADVISOR&Page=4&PageSize=100,2026-08-26T15:58:37+00:00,,,,,,,,unknown
9fb9280424a600b2215e581192e24596967f7f01320f02014a3c74b5c2a6f4fc,INVESTMENT ADVISOR,"Independent Financial Group, LLC",,ACTIVA,12671 High Bluff Drive Suite 200 San Diego CA 92130,858-436-3180,07/16/2014,IA-1022N,,"Sarah Kreisman, Danny Thomas, Javier Enrique Cordero Conde",7717,NO,4,https://concesionarios.ocif.pr.gov/es/License/Index?LicenseTypeFilter=INVESTMENT+ADVISOR&Page=4&PageSize=100,2026-08-26T15:58:37+00:00,,,,,,,,unknown
0e5f1a8c1dc37045210f04439d95ae9d0490489f94673b865ecfdb90fb3d9b20,INVESTMENT ADVISOR,Independent Financial Partners,,ACTIVA,3030 North Rocky Point Dr West Suite 700 Tampa FL 33607,813-341-0960,11/08/2010,IA-0879N,,John G Wisenant,125112,NO,4,https://concesionarios.ocif.pr.gov/es/License/Index?LicenseTypeFilter=INVESTMENT+ADVISOR&Page=4&PageSize=100,2026-08-26T15:58:37+00:00,,,,,,,,unknown
a621377a2111e3ed7de2309c7223c56db534764aac1142e3eec64ee4d3f0855d,INVESTMENT ADVISOR,"Index Fund Advisors, Inc.",,ACTIVA,19200 Von Karman Ave Suite 150 Irvine CA 92612-6566,949-502-0050,04/24/2007,IA-0745N,,Cindy Mason,109143,NO,4,https://concesionarios.ocif.pr.gov/es/License/Index?LicenseTypeFilter=INVESTMENT+ADVISOR&Page=4&PageSize=100,2026-08-26T15:58:37+00:00,,,,,,,,unknown
ffb140797583a9894561b03196ce4bc8568647ad1fd4561a09fd3a429298add1,INVESTMENT ADVISOR,"Infinex Investments, Inc.",,ACTIVA,538 Preston Avenue Meriden CT 06450-4858,203-599-6000,01/14/2015,IA-1045N,,Douglas J. Preveza,35371,NO,4,https://concesionarios.ocif.pr.gov/es/License/Index?LicenseTypeFilter=INVESTMENT+ADVISOR&Page=4&PageSize=100,2026-08-26T15:58:37+00:00,,,,,,,,unknown
e02c97eb0271087b6d224ef150ddbb838bf55f1a9d50b40f6e27b9cf919dfaf8,INVESTMENT ADVISOR,Infinity Financial Services Advisory,,ACTIVA,212 9th Street Suite 202 Oakland CA 94607,1-510-588-8000,05/26/2026,IA-1805N,,Greg Gilbert,304981,NO,4,https://concesionarios.ocif.pr.gov/es/License/Index?LicenseTypeFilter=INVESTMENT+ADVISOR&Page=4&PageSize=100,2026-08-26T15:58:37+00:00,,,,,,,,unknown
f1d1304fc67f87270037c57e4fa6f5cba6a29e1c39e6cf7602da1114311372d9,INVESTMENT ADVISOR,Innovayte Capital,,ACTIVA,5430 LBJ Highway Suite 320 Dallas TX 75240,508-345-7707,11/21/2025,IA-1727N,,Rajiv Shah,333275,NO,4,https://concesionarios.ocif.pr.gov/es/License/Index?LicenseTypeFilter=INVESTMENT+ADVISOR&Page=4&PageSize=100,2026-08-26T15:58:37+00:00,,,,,,,,unknown
2f1c79ccb446a142eb18863c6978a37c3295b9e927f0962228ec2c89788badb9,INVESTMENT ADVISOR,"Inscription Capital, LLC",,ACTIVA,2925 Richmond Avenue Suite 425 Houston TX 77098,713-673-8999,02/21/2023,IA-1765N,,Sheryl Kotzen,291780,NO,4,https://concesionarios.ocif.pr.gov/es/License/Index?LicenseTypeFilter=INVESTMENT+ADVISOR&Page=4&PageSize=100,2026-08-26T15:58:37+00:00,,,,,,,,unknown
85610dbcd9c4d8e10aafb868b81792a093aa0ece8bfb2855b86bc2e1a56f4b6e,INVESTMENT ADVISOR,Insight Investment,,ACTIVA,200 Park Avenue 7th Floor New York NY 10166-0005,212-527-1800,03/30/2025,IA-1718N,,Daniel R. Haff,145995,NO,4,https://concesionarios.ocif.pr.gov/es/License/Index?LicenseTypeFilter=INVESTMENT+ADVISOR&Page=4&PageSize=100,2026-08-26T15:58:37+00:00,,,,,,,,unknown
21ae39319da6cf4d6c1ef9bc89cb849f1f4fb2b72113bf6f35c4a392fac25b83,INVESTMENT ADVISOR,"Insight Securities, Inc.",,ACTIVA,600 Central Avenue Suite 265 Highland Park IL 60035,224-632-4700,11/30/2015,IA-1094N,,"Diane C. Ryan, James Gaafar",5611,NO,4,https://concesionarios.ocif.pr.gov/es/License/Index?LicenseTypeFilter=INVESTMENT+ADVISOR&Page=4&PageSize=100,2026-08-26T15:58:37+00:00,,,,,,,,unknown
0342d5d4ca12fb844551b4e7de43f0dbc74c01312ef4596787c8e77f7c365a09,INVESTMENT ADVISOR,"Insigneo Advisory Services, LLC",,ACTIVA,1221 Brickell Avenue 27th Floor Miami FL 33131,305-373-9000,03/29/2018,IA-1225N,,Paul Caulfield,282589,NO,4,https://concesionarios.ocif.pr.gov/es/License/Index?LicenseTypeFilter=INVESTMENT+ADVISOR&Page=4&PageSize=100,2026-08-26T15:58:37+00:00,,,,,,,,unknown
ed2ff9c866c20a1a5530e6feeb25ce77873f534f4009e82f5c8fc3759d80a64c,INVESTMENT ADVISOR,Integral Financial Counselors LLC,,ACTIVA,2102 Condado Real Ave. Mcleary 1700 San Juan PR 00911,787-475-6700,01/28/2020,IA-1326,,Al Rizek,305569,NO,4,https://concesionarios.ocif.pr.gov/es/License/Index?LicenseTypeFilter=INVESTMENT+ADVISOR&Page=4&PageSize=100,2026-08-26T15:58:37+00:00,,,,,,,,unknown
5bba858a8918f44b5da84e4386cf60c6c422bdebce79d4b18d9ece0eda30b915,INVESTMENT ADVISOR,Integrated Advisors Network LLC,,ACTIVA,4514 Cole Ave Suite 600 Dallas TX 75205,1-855-729-4222,,IA-1812,,Danielle Tyler,171991,NO,4,https://concesionarios.ocif.pr.gov/es/License/Index?LicenseTypeFilter=INVESTMENT+ADVISOR&Page=4&PageSize=100,2026-08-26T15:58:37+00:00,,,,,,,,unknown
943a03b6c817fc82eba32b38fb03eb0e090e2ab4d666fc232bfcd884616c3a93,INVESTMENT ADVISOR,Integrated Wealth Concepts LLC,,ACTIVA,200 5th Avenue 4th Floor Waltham MA 02451,781-890-3045,03/29/2024,IA-1658N,,Ann L. Swartz,284656,NO,4,https://concesionarios.ocif.pr.gov/es/License/Index?LicenseTypeFilter=INVESTMENT+ADVISOR&Page=4&PageSize=100,2026-08-26T15:58:37+00:00,,,,,,,,unknown
da55e7f52d91faee38e05bf82d16c1852957cee541632af7b5bf4c9af4c0a5e1,INVESTMENT ADVISOR,Interactive Data Pricing and Reference Data LLC,,ACTIVA,32 Crosby Drive Bedford MA 01730-1448,781-687-8500,03/15/2013,IA-0951N,,Rhonda J. Brier,110037,NO,4,https://concesionarios.ocif.pr.gov/es/License/Index?LicenseTypeFilter=INVESTMENT+ADVISOR&Page=4&PageSize=100,2026-08-26T15:58:37+00:00,,,,,,,,unknown
0a963518167b52a33ea6f63413b4963ee081a1f60e170bbbf9e0a42b713fbd59,INVESTMENT ADVISOR,"International Assets Investment Management, LLC",,ACTIVA,390 North Orange Avenue Suite 750 Orlando FL 32801,407-254-1516,02/08/2017,IA-1145N,,Ann K Moore,144426,NO,4,https://concesionarios.ocif.pr.gov/es/License/Index?LicenseTypeFilter=INVESTMENT+ADVISOR&Page=4&PageSize=100,2026-08-26T15:58:37+00:00,,,,,,,,unknown
ea5f6bc191b509958160a4f4aed4bd9362c0d6af412041fbd617a8b53ce988ff,INVESTMENT ADVISOR,"Intuitivo, LLC",,ACTIVA,Beacon J2 San Juan PR 00926,787-366-0255,09/30/2022,IA-1544,,Nelson A Barragan,322668,NO,4,https://concesionarios.ocif.pr.gov/es/License/Index?LicenseTypeFilter=INVESTMENT+ADVISOR&Page=4&PageSize=100,2026-08-26T15:58:37+00:00,,,,,,,,unknown
b445527563776e6f16f54fb4ed503f040fffccd9823e6f96cad78cfe68e64b88,INVESTMENT ADVISOR,"Invesco Advisers, Inc.",,ACTIVA,1555 Peachtree St NE Atlanta GA 30309,404-892-0896,05/12/1993,IA-0141N,,Todd L Ppillane,105360,NO,4,https://concesionarios.ocif.pr.gov/es/License/Index?LicenseTypeFilter=INVESTMENT+ADVISOR&Page=4&PageSize=100,2026-08-26T15:58:37+00:00,,,,,,,,unknown
443b673dfbf318bd348f55991f40eef99ee5d513601b03ee5665a7b28adffe86,INVESTMENT ADVISOR,"IPI Wealth Management, Inc.",,ACTIVA,226 W. El Dorado Decatur IL 62522,217-425-6340,09/23/2016,IA-1129N,,Renee Emrick,111872,NO,4,https://concesionarios.ocif.pr.gov/es/License/Index?LicenseTypeFilter=INVESTMENT+ADVISOR&Page=4&PageSize=100,2026-08-26T15:58:37+00:00,,,,,,,,unknown
081b33ceca4a3bcb4e7f2ef38525d7a97fe5b71f9f67d0e9a17e73ea930e2083,INVESTMENT ADVISOR,"Ironwood Investment Management, LLC",,ACTIVA,200 State St 4th Fl Boston MA 02109,617-757-7600,08/10/2006,IA-0705N,,Shanelle Reidy,108467,NO,4,https://concesionarios.ocif.pr.gov/es/License/Index?LicenseTypeFilter=INVESTMENT+ADVISOR&Page=4&PageSize=100,2026-08-26T15:58:37+00:00,,,,,,,,unknown
e63513b5c9dbc9284ea5f855d532c9b1e0c577ee16560fb218d24d9645a395d1,INVESTMENT ADVISOR,J.P. Morgan Investment Management Inc.,,ACTIVA,270 Park Ave New York NY 10017-2014,212-648-1999,03/28/2002,IA-0483N,,Joseph J Bertini,107038,NO,4,https://concesionarios.ocif.pr.gov/es/License/Index?LicenseTypeFilter=INVESTMENT+ADVISOR&Page=4&PageSize=100,2026-08-26T15:58:37+00:00,,,,,,,,unknown
658b14eaa40a4998ddb611824a467a1683309cf34f9e7921742fca96bfa14b52,INVESTMENT ADVISOR,J.P. Morgan Private Investments Inc.,,ACTIVA,270 Park Avenue Floor 5 New York NY 10017,212-464-1834,03/30/2016,IA-1111N,,Michael Choi,110186,NO,4,https://concesionarios.ocif.pr.gov/es/License/Index?LicenseTypeFilter=INVESTMENT+ADVISOR&Page=4&PageSize=100,2026-08-26T15:58:37+00:00,,,,,,,,unknown
6ec2c6c5ffd8e633322092a351d8465657393d83a857d73568d7ea06e8a75698,INVESTMENT ADVISOR,J.P. Morgan Securities LLC,,ACTIVA,383 Madison Avenue New York NY 10179,201-595-8471,09/16/1987,IA-0052N,,Carol Ruocco,79,NO,4,https://concesionarios.ocif.pr.gov/es/License/Index?LicenseTypeFilter=INVESTMENT+ADVISOR&Page=4&PageSize=100,2026-08-26T15:58:37+00:00,,,,,,,,unknown
0bd42f2e989faf8b89a5910711a2d4a60762ed44a87b6f7c0b1c843fb366a5e9,INVESTMENT ADVISOR,"Jackson Investment Management, LLC",,ACTIVA,"5 Avenue Muñoz Rivera Apt. 301, Laguna Plaza San Juan PR 00901",787-709-4864,02/05/2014,IA-0998,,George P. Jackson,169736,NO,4,https://concesionarios.ocif.pr.gov/es/License/Index?LicenseTypeFilter=INVESTMENT+ADVISOR&Page=4&PageSize=100,2026-08-26T15:58:37+00:00,,,,,,,,unknown
2ae208107b459d36b8b706045b8973a97f854b97a050aa2731d7ff5ea090537d,INVESTMENT ADVISOR,Janney Montgomery Scott LLC,,ACTIVA,1717 Arch Street Philadelphia PA 19103,215-665-6000,06/30/2005,IA-0633N,,"Gregory B McShea, Robert Slomin",463,NO,4,https://concesionarios.ocif.pr.gov/es/License/Index?LicenseTypeFilter=INVESTMENT+ADVISOR&Page=4&PageSize=100,2026-08-26T15:58:37+00:00,,,,,,,,unknown
f512f5f9202baff6292008fead2861a5d895fc9ea8f9a76112f6f95bcf07a4e7,INVESTMENT ADVISOR,Janus,,ACTIVA,151 Detroit St Denver CO 80206,303-333-3863,03/31/2005,IA-0620N,,David Richard Kowalski,104652,NO,4,https://concesionarios.ocif.pr.gov/es/License/Index?LicenseTypeFilter=INVESTMENT+ADVISOR&Page=4&PageSize=100,2026-08-26T15:58:37+00:00,,,,,,,,unknown
809990b23ab5d0ba66224da67fedeb945437accb49c65f17d6893a50506aa8c8,INVESTMENT ADVISOR,Jefferies Investment Advisers LLC,,ACTIVA,520 Madison Avenue New York NY 10022,212-284-2300,04/20/2023,IA-1587N,,David Nagy,325421,NO,4,https://concesionarios.ocif.pr.gov/es/License/Index?LicenseTypeFilter=INVESTMENT+ADVISOR&Page=4&PageSize=100,2026-08-26T15:58:37+00:00,,,,,,,,unknown
c19540a1c01c002eb8ea66cdcb155da02a0ba82283e3a96845ba8e33b49a8522,INVESTMENT ADVISOR,Jefferies Research Services LLC,,ACTIVA,520 Madison Avenue New York NY 10022,212-284-2300,03/30/2018,IA-1210N,,Sofia Logue,292142,NO,4,https://concesionarios.ocif.pr.gov/es/License/Index?LicenseTypeFilter=INVESTMENT+ADVISOR&Page=4&PageSize=100,2026-08-26T15:58:37+00:00,,,,,,,,unknown
22bda24f666bc13c2d41bd8d892d1f3ea11ef4d4f958fd6f369aa35ced4373eb,INVESTMENT ADVISOR,Jennison Associates LLC,,ACTIVA,466 Lexington Ave New York NY 10017,212-421-1000,03/28/2003,IA-0546N,,Stephanie Willis,107959,NO,4,https://concesionarios.ocif.pr.gov/es/License/Index?LicenseTypeFilter=INVESTMENT+ADVISOR&Page=4&PageSize=100,2026-08-26T15:58:37+00:00,,,,,,,,unknown
073449b40b5dd739582d3d8186718400e7643ba90ab19aec87f4f51763b7adf4,INVESTMENT ADVISOR,"Jirau Capital Management, LLC",,ACTIVA,"Cond El Centro I, Suite 217 Ave Munoz Rivera San Juan PR 00918",787-452-3736,10/11/2019,IA-1315,,Emmanuel Loubriel,304978,NO,4,https://concesionarios.ocif.pr.gov/es/License/Index?LicenseTypeFilter=INVESTMENT+ADVISOR&Page=4&PageSize=100,2026-08-26T15:58:37+00:00,,,,,,,,unknown
57fae90ff144dd52d05f00517a0cbffbd83f5cfeb5306e73c37937043d05170b,INVESTMENT ADVISOR,"John Hancock Advisres, LLC",,ACTIVA,601 Congress Street Boston MA 02210-2805,617-663-2430,11/02/2018,IA-1261N,,Francis V. Knox,105790,NO,4,https://concesionarios.ocif.pr.gov/es/License/Index?LicenseTypeFilter=INVESTMENT+ADVISOR&Page=4&PageSize=100,2026-08-26T15:58:37+00:00,,,,,,,,unknown
0cc8b0996bb9a94045bde33194447e986cebc7c7ec72a648e75f84475fd8a78f,INVESTMENT ADVISOR,"John Hancock Personal Financial Services, LLC",,ACTIVA,601 Congress St. Boston MA 02210-2805,617-663-2430,02/13/2015,IA-1047N,,Francis V. Knox,174433,NO,4,https://concesionarios.ocif.pr.gov/es/License/Index?LicenseTypeFilter=INVESTMENT+ADVISOR&Page=4&PageSize=100,2026-08-26T15:58:37+00:00,,,,,,,,unknown
6c1ba40c9fea36037023cb6d9677da6e51e2253b53a9bfa6e0199cd497a3e7fb,INVESTMENT ADVISOR,"Kayne Anderson Rudnick Investment Management, LLC",,ACTIVA,1800 Ave of the Stars 2nd Floor Los Angeles CA 90067,310-556-2721,03/31/1992,IA-0111N,,Judith Ridder,104599,NO,4,https://concesionarios.ocif.pr.gov/es/License/Index?LicenseTypeFilter=INVESTMENT+ADVISOR&Page=4&PageSize=100,2026-08-26T15:58:37+00:00,,,,,,,,unknown
5a6f161f48b74dd05930b53abf8568a666faf7dc2df81c62d94942b9452428a4,INVESTMENT ADVISOR,KEB Wealth Advisors,,ACTIVA,3200 Robbins Road Suite 200A Springfield IL 62704,217-789-0960,10/15/2020,IA-1372N,,Justin P. Mason,117935,NO,4,https://concesionarios.ocif.pr.gov/es/License/Index?LicenseTypeFilter=INVESTMENT+ADVISOR&Page=4&PageSize=100,2026-08-26T15:58:37+00:00,,,,,,,,unknown
9264a7d133be2315cde2d9959bbaf0cf0372b45ce013c462a6d5b52d3318ed25,INVESTMENT ADVISOR,"Keel Point, LLC",,ACTIVA,100 Church Street Suite 500 Huntsville AL 35801,1-256-704-5111,06/08/2026,IA-1809N,,Michael L Bates J.D,127902,NO,4,https://concesionarios.ocif.pr.gov/es/License/Index?LicenseTypeFilter=INVESTMENT+ADVISOR&Page=4&PageSize=100,2026-08-26T15:58:37+00:00,,,,,,,,unknown
6d6d31b5960b02c2e216a19970044185188d61b1f2e5a4c7befebc991f34338d,INVESTMENT ADVISOR,"Kennedy Capital Management, Inc.",,ACTIVA,10829 Olive Blvd St Louis MO 63141-7739,314-432-0400,05/23/2008,IA-0790N,,Marilyn K Lammert,105834,NO,4,https://concesionarios.ocif.pr.gov/es/License/Index?LicenseTypeFilter=INVESTMENT+ADVISOR&Page=4&PageSize=100,2026-08-26T15:58:37+00:00,,,,,,,,unknown
9860d8113d4721dbe8cc0836f9689b67ba0a75c1a2505b550c666f5b3ae55a7b,INVESTMENT ADVISOR,Kensington Analytics LLC,,ACTIVA,3811 Bee Caves Rd Suite 210 Austin TX 78746,877-891-1222,12/14/2020,IA-1374N,,Jordan Flebotte,309780,NO,4,https://concesionarios.ocif.pr.gov/es/License/Index?LicenseTypeFilter=INVESTMENT+ADVISOR&Page=4&PageSize=100,2026-08-26T15:58:37+00:00,,,,,,,,unknown
648b59698f9409ffe3f097f83cd41705a547ef221a3bcc466ecc1f0385057866,INVESTMENT ADVISOR,"Kestra Advisory Services, LLC",,ACTIVA,"1250 Capital of Texas Hwy S Building 2, Suite 125 Austin TX 78746",512-697-6000,07/21/2016,IA-1126N,,Mike Pedlow,283330,NO,4,https://concesionarios.ocif.pr.gov/es/License/Index?LicenseTypeFilter=INVESTMENT+ADVISOR&Page=4&PageSize=100,2026-08-26T15:58:37+00:00,,,,,,,,unknown
baec517a410f943aed4ea0163e999d3b5485261bcedf91292e00b70dfccc1e9b,INVESTMENT ADVISOR,"Kestra Private Wealth Services, LLC",,ACTIVA,5707 Southwest Parkway Bldg. 2 Ste 400 Austin TX 78735,844-553-7872,06/22/2021,IA-1434N,,Michael Pedlow,155193,NO,4,https://concesionarios.ocif.pr.gov/es/License/Index?LicenseTypeFilter=INVESTMENT+ADVISOR&Page=4&PageSize=100,2026-08-26T15:58:37+00:00,,,,,,,,unknown
ddfb1ca5743b23efe5fba7845dcca57b92570a5188535b455d37750cdd487934,INVESTMENT ADVISOR,"Kimelman & Baird, LLC",,ACTIVA,800 Third Avenue Suite 2300 New York NY 10022,212-686-0021,05/19/2021,IA-1425N,,"Sheila Baird, Sheila Baird",2440,NO,4,https://concesionarios.ocif.pr.gov/es/License/Index?LicenseTypeFilter=INVESTMENT+ADVISOR&Page=4&PageSize=100,2026-08-26T15:58:37+00:00,,,,,,,,unknown
0603587f7c199f5383142c5bac5492e6d3553f3227a02310814f86b04cde57b2,INVESTMENT ADVISOR,Knights of Columbus Asset Advisors LLC,,ACTIVA,One Columbus Plaza New Haven CT 06510,844-523-8637,02/03/2021,IA-1385N,,Timothy Kirwan,174129,NO,4,https://concesionarios.ocif.pr.gov/es/License/Index?LicenseTypeFilter=INVESTMENT+ADVISOR&Page=4&PageSize=100,2026-08-26T15:58:37+00:00,,,,,,,,unknown
02c30b185cdd6aed4adfefb9c050ce175e61a78da61daae3f548cf01a3ab39b1,INVESTMENT ADVISOR,"Kovack Advisors, Inc.",,ACTIVA,6451 N. Federal Hwy Suite 1201 Ft. Lauderdale FL 33308,954-670-0609,08/16/2005,IA-0643N,,Melinda Wolfe,140808,NO,4,https://concesionarios.ocif.pr.gov/es/License/Index?LicenseTypeFilter=INVESTMENT+ADVISOR&Page=4&PageSize=100,2026-08-26T15:58:37+00:00,,,,,,,,unknown
8ee701c8707a7f61670525cfbab275d129ed1d037d813e035863cd2870f433a6,INVESTMENT ADVISOR,Kraken Adviser LLC,,ACTIVA,200 East Las Olas Boulevard 14th Floor Fort Lauderdale FL 33301,1-888-837-8818,,IA-1810,,Erin Baskett,337920,NO,4,https://concesionarios.ocif.pr.gov/es/License/Index?LicenseTypeFilter=INVESTMENT+ADVISOR&Page=4&PageSize=100,2026-08-26T15:58:37+00:00,,,,,,,,unknown
06160ccb6c219825b6b6cc6ec1b1b8454ba486fbf953ea3bb0ccd256ee30ac75,INVESTMENT ADVISOR,Lazard Asset Management LLC,,ACTIVA,30 Rockefeller Plaza 55th Fl New York NY 10112,212-632-6000,12/31/2002,IA-0532N,,Mark Anderson,122836,NO,4,https://concesionarios.ocif.pr.gov/es/License/Index?LicenseTypeFilter=INVESTMENT+ADVISOR&Page=4&PageSize=100,2026-08-26T15:58:37+00:00,,,,,,,,unknown
87f37fa072eba48ab09225be2f5912a619b627eea8ca38c366fcb3ea5538fe4a,INVESTMENT ADVISOR,"Leafhouse Financial Advisors, LLC",,ACTIVA,6504 Bridgepoint Parkway Suite 450 Austin TX 78730,512-879-1505,03/27/2020,IA-1337N,,Marley McBurney,149694,NO,4,https://concesionarios.ocif.pr.gov/es/License/Index?LicenseTypeFilter=INVESTMENT+ADVISOR&Page=4&PageSize=100,2026-08-26T15:58:37+00:00,,,,,,,,unknown
1f92f424308020ca5921bc84907b91461ac3e28dfa1537286436c7011aea5ac8,INVESTMENT ADVISOR,"Legg Mason Private Portfolio Group, LLC",,ACTIVA,620 8th Ave 47th Fl New York NY 10018,212-805-2000,04/02/2007,IA-0741N,,Barbara Brooke Manning,142219,NO,4,https://concesionarios.ocif.pr.gov/es/License/Index?LicenseTypeFilter=INVESTMENT+ADVISOR&Page=4&PageSize=100,2026-08-26T15:58:37+00:00,,,,,,,,unknown
8e44189fef140c776b234eaab82e7b105afd6ba10030090d9b4fb1eaf263a9ad,INVESTMENT ADVISOR,"Leisure Capital Management, Inc.",,ACTIVA,650 Town Center Dr. Suite 670 Costa Mesa CA 92626-1989,714-384-4050,03/22/2022,IA-1557N,,Marr N. Leisure,120374,NO,4,https://concesionarios.ocif.pr.gov/es/License/Index?LicenseTypeFilter=INVESTMENT+ADVISOR&Page=4&PageSize=100,2026-08-26T15:58:37+00:00,,,,,,,,unknown
7a7c8fa0a83505f7960293a9195d575bb7a12f64e9bde4ed801add4f300cbd14,INVESTMENT ADVISOR,"Lido Advisors, LLC",,ACTIVA,1875 Century Park East Suite 950 Los Angeles CA 90067,310-278-8232,01/04/2019,IA-1269N,,Jason P. Lee,269866,NO,4,https://concesionarios.ocif.pr.gov/es/License/Index?LicenseTypeFilter=INVESTMENT+ADVISOR&Page=4&PageSize=100,2026-08-26T15:58:37+00:00,,,,,,,,unknown
21251cdb2c7e91289b1e2aec27ba9359dd28b631c1bfd082b3440ba11e90bad3,INVESTMENT ADVISOR,"Lifeinvest Wealth Management, Ltd",,ACTIVA,1110 Brickell Avenue Suite 210-A Miami FL 33131-3136,786-523-0500,03/07/2024,IA-1632N,,Christian Ramirez,146966,NO,4,https://concesionarios.ocif.pr.gov/es/License/Index?LicenseTypeFilter=INVESTMENT+ADVISOR&Page=4&PageSize=100,2026-08-26T15:58:37+00:00,,,,,,,,unknown
589eecdb1752a4250765698f3961e2e4a75abc4779e5503c4bd214fff4ed3b5b,INVESTMENT ADVISOR,Lifetime Wealth Management P.C.,,ACTIVA,560 E. Interstate Hwy 30 Ste 110 Rockwall TX 75087,972-771-0650,01/15/2025,IA-1699N,,Jason A. Potts,145492,NO,4,https://concesionarios.ocif.pr.gov/es/License/Index?LicenseTypeFilter=INVESTMENT+ADVISOR&Page=4&PageSize=100,2026-08-26T15:58:37+00:00,,,,,,,,unknown
fa776825b02e23dc9bed20b8e3de74ba811f3ac0ffe90de663c7e3bd995d3927,INVESTMENT ADVISOR,Lincoln Investment,,ACTIVA,601 Office Center Drive Suite 300 Fort Washington PA 19034-3232,215-887-8111,04/16/2024,IA-1661N,,"Nancy L. Heffner, Maureen A. Mattson",519,NO,4,https://concesionarios.ocif.pr.gov/es/License/Index?LicenseTypeFilter=INVESTMENT+ADVISOR&Page=4&PageSize=100,2026-08-26T15:58:37+00:00,,,,,,,,unknown
2bb79f41e7b9ebe7ba09ac930d3f48b1dcea428a14535929d3fb17f98639e087,INVESTMENT ADVISOR,Linse Capital LLC,,ACTIVA,53 Palmeras Street Suite 601 San Juan PR 00901,650-787-7200,03/29/2019,IA-1291N,,Michael Linse,289222,NO,4,https://concesionarios.ocif.pr.gov/es/License/Index?LicenseTypeFilter=INVESTMENT+ADVISOR&Page=4&PageSize=100,2026-08-26T15:58:37+00:00,,,,,,,,unknown
84abd45050e069ba62512218ff8460b01e4b96b48d46f633bb8b4fce1ed4f2cc,INVESTMENT ADVISOR,"LMCG Investments, LLC",,ACTIVA,200 Clarendon St T-28 Boston MA 02116,617-380-5600,07/21/2009,IA-0839N,,Joseph F Tower,149936,NO,4,https://concesionarios.ocif.pr.gov/es/License/Index?LicenseTypeFilter=INVESTMENT+ADVISOR&Page=4&PageSize=100,2026-08-26T15:58:37+00:00,,,,,,,,unknown
0ed1db11a518bd6eee7e350e1f3fb19f46e06c1c11fdc73197d7b3532ff001b7,INVESTMENT ADVISOR,"Lockwood Advisors, Inc.",,ACTIVA,760 Moore Road King of Prussia PA 19406,484-801-8100,05/05/2000,IA-0352N,,Gary T Johnson,106108,NO,5,https://concesionarios.ocif.pr.gov/es/License/Index?LicenseTypeFilter=INVESTMENT+ADVISOR&Page=5&PageSize=100,2026-08-26T15:58:37+00:00,,,,,,,,unknown
8bffa42e5ed52de4263354b2be405ad8d6c1109bd2d7d2e52edf7b4fd849c041,INVESTMENT ADVISOR,"Logan Capital Management, Inc.",,ACTIVA,3843 West Chester Pike Suite 150 Newtown Square PA 19073,215-569-1100,04/25/2023,IA-1597N,,Mary T. Evans,108893,NO,5,https://concesionarios.ocif.pr.gov/es/License/Index?LicenseTypeFilter=INVESTMENT+ADVISOR&Page=5&PageSize=100,2026-08-26T15:58:37+00:00,,,,,,,,unknown
05dab7a48e5a3de71b83a7cfe8283d9a22e2b20c20b80f7918fc731992ac3a0d,INVESTMENT ADVISOR,Long Focus Capital Management LLC,,ACTIVA,"207 Calle Del Parque A&M Tower, 8th Floor San Juan PR 00912",787-333-0240,03/31/2023,IA-1589N,,Stephen A. Depiero,322024,NO,5,https://concesionarios.ocif.pr.gov/es/License/Index?LicenseTypeFilter=INVESTMENT+ADVISOR&Page=5&PageSize=100,2026-08-26T15:58:37+00:00,,,,,,,,unknown
0ffb196052db3f4c3c795af5bbaa81e7f3743236e0bf77c6c61a9d69e37b775f,INVESTMENT ADVISOR,"Loomis, Sayles & Company, L.P.",,ACTIVA,One Financial Center Boston MA 02111-2621,617-482-2450,08/28/2001,IA-0440N,,Donald P Ryan,105377,NO,5,https://concesionarios.ocif.pr.gov/es/License/Index?LicenseTypeFilter=INVESTMENT+ADVISOR&Page=5&PageSize=100,2026-08-26T15:58:37+00:00,,,,,,,,unknown
bfa20e8c3eb44f4ffcdf4f146422e4bddbc04eecf5de6503bd2f375a706d0e86,INVESTMENT ADVISOR,Lord Abbett & Co. LLC,,ACTIVA,90 Hudson St Jersey Ccity NJ 07302-3973,201-827-2000,01/16/1990,IA-0076N,,Joseph M McGill,110391,NO,5,https://concesionarios.ocif.pr.gov/es/License/Index?LicenseTypeFilter=INVESTMENT+ADVISOR&Page=5&PageSize=100,2026-08-26T15:58:37+00:00,,,,,,,,unknown
93afacfb4b754e1d492c300e16ff3b1e755f3cbf777c0c066faffd5024f77a6d,INVESTMENT ADVISOR,LPL Financial LLC,,ACTIVA,75 State Street 22th Floor Boston MA 02109,617-423-3644,04/04/2001,IA-0408N,,"James Shorris, Paul Middlemiss",6413,NO,5,https://concesionarios.ocif.pr.gov/es/License/Index?LicenseTypeFilter=INVESTMENT+ADVISOR&Page=5&PageSize=100,2026-08-26T15:58:37+00:00,,,,,,,,unknown
6056ab9d369df09333de4f919b26e28a9ef49289200905dfe891dc33e67f60ee,INVESTMENT ADVISOR,Lumiere Bay,,ACTIVA,4735 Isla Verde Ave Ste OCM3A Carolina PR 00979,787-360-3325,07/21/2020,IA-1355,,Desiree J. Mieses Llavat,308212,NO,5,https://concesionarios.ocif.pr.gov/es/License/Index?LicenseTypeFilter=INVESTMENT+ADVISOR&Page=5&PageSize=100,2026-08-26T15:58:37+00:00,,,,,,,,unknown
524e19c8d2ee1d057d0dd7f54a63d4aafea8f576ce3d14eb1062f2710f145996,INVESTMENT ADVISOR,Lynx1 Capital Management LP,,ACTIVA,2 Ridge Top Drive Humacao PR 00791,703-963-7214,04/05/2023,IA-1570N,,"Weston, Nichols,",310301,NO,5,https://concesionarios.ocif.pr.gov/es/License/Index?LicenseTypeFilter=INVESTMENT+ADVISOR&Page=5&PageSize=100,2026-08-26T15:58:37+00:00,,,,,,,,unknown
b59fab8c69cdfdd6c43507e33030010ec24c6950da6adaa6ab8b0e7a78016cdd,INVESTMENT ADVISOR,"Lyon Bern, LLC",,ACTIVA,252 Ponce De Leon Ave. Suite 1403 San Juan PR 00918,787-238-6525,03/06/2020,IA-1327,,José M. Crespi Iglesias,301277,NO,5,https://concesionarios.ocif.pr.gov/es/License/Index?LicenseTypeFilter=INVESTMENT+ADVISOR&Page=5&PageSize=100,2026-08-26T15:58:37+00:00,,,,,,,,unknown
16e02d983fd228a6ab5f3f37324895ceb804e3a0dc13d675fbec80ead6baca23,INVESTMENT ADVISOR,Lyrical Asset Management LP,,ACTIVA,250 West 55th Street 37th Floor New York NY 10019-9710,212-415-6600,03/12/2025,IA-1707N,,Jeffrey Moses,148267,NO,5,https://concesionarios.ocif.pr.gov/es/License/Index?LicenseTypeFilter=INVESTMENT+ADVISOR&Page=5&PageSize=100,2026-08-26T15:58:37+00:00,,,,,,,,unknown
1389ee4af3c4deb7f2205ec1c2693f072afacdee241679fba7e4a8061c93c6bf,INVESTMENT ADVISOR,"M Holdings Securities, Inc.",,ACTIVA,1125 NW Couch Street Suite 900 Portland OR 97209,800-656-6960,04/05/2011,IA-0897N,,Frank Day,43285,NO,5,https://concesionarios.ocif.pr.gov/es/License/Index?LicenseTypeFilter=INVESTMENT+ADVISOR&Page=5&PageSize=100,2026-08-26T15:58:37+00:00,,,,,,,,unknown
9dc705b168a7b172915e7771f1e67fd2db3db2e911de3ca22d9c844e739333a0,INVESTMENT ADVISOR,M1 Advisory,,ACTIVA,200 North Lasalle Street Suite 810 Chicago IL 60601,1-312-600-2883,04/01/2026,IA-1797N,,Tealee Hinger,249787,NO,5,https://concesionarios.ocif.pr.gov/es/License/Index?LicenseTypeFilter=INVESTMENT+ADVISOR&Page=5&PageSize=100,2026-08-26T15:58:37+00:00,,,,,,,,unknown
1fb5f1a17a2c26df981a40aa74f5282e957bf70a0d9751987eb11bcf718346fb,INVESTMENT ADVISOR,Mackay Shields LLC,,ACTIVA,1345 Avenue of the Americas 43rd Floor New York NY 10105,212-758-5400,03/30/2017,IA-1161N,,Rene A. Bustamante,107717,NO,5,https://concesionarios.ocif.pr.gov/es/License/Index?LicenseTypeFilter=INVESTMENT+ADVISOR&Page=5&PageSize=100,2026-08-26T15:58:37+00:00,,,,,,,,unknown
d8229ddc632e0eb9c600f60ede0178fdf1b49226fee40d5f3846d514b4a9fb31,INVESTMENT ADVISOR,"Madison Asset Management, LLC",,ACTIVA,550 Science Drive Madison WI 53711,800-767-0300,06/15/2009,IA-0833N,,W Richard Mason,130874,NO,5,https://concesionarios.ocif.pr.gov/es/License/Index?LicenseTypeFilter=INVESTMENT+ADVISOR&Page=5&PageSize=100,2026-08-26T15:58:37+00:00,,,,,,,,unknown
db9592ce7a2a44ead7eda5fc24b37c012e43a53d9f73ae6c7346fd06774f56fa,INVESTMENT ADVISOR,"Madison Investment Advisors, LLC",,ACTIVA,550 Science Drive Madison WI 53711,608-274-0300,11/30/2010,IA-0881N,,W Richard Mason,110297,NO,5,https://concesionarios.ocif.pr.gov/es/License/Index?LicenseTypeFilter=INVESTMENT+ADVISOR&Page=5&PageSize=100,2026-08-26T15:58:37+00:00,,,,,,,,unknown
bc208143e628ab23f892bcc5792fae25a3f245e02b6f0912c8c748b6ba7617e5,INVESTMENT ADVISOR,Magnifi LLC,,ACTIVA,2440 Junction Place Suite 300 Boulder CO 80301,646-389-0402,03/31/2023,IA-1592N,,Ruben Santiago,309397,NO,5,https://concesionarios.ocif.pr.gov/es/License/Index?LicenseTypeFilter=INVESTMENT+ADVISOR&Page=5&PageSize=100,2026-08-26T15:58:37+00:00,,,,,,,,unknown
62aa1277bc07e89008a61f89e9f27f0d3d84a6d7a5b49e6ddcfe8c4f64ad4d85,INVESTMENT ADVISOR,"Mai Capital Management, LLC",,ACTIVA,1360 East 9th Street Suite 1100 Cleveland OH 44114-1782,216-920-4800,03/31/2022,IA-1510N,,Holly M Cavalier,109807,NO,5,https://concesionarios.ocif.pr.gov/es/License/Index?LicenseTypeFilter=INVESTMENT+ADVISOR&Page=5&PageSize=100,2026-08-26T15:58:37+00:00,,,,,,,,unknown
a7f3c351113df194df5073633a6bca53d94632d9cbe7af05ee4f2758e7a45757,INVESTMENT ADVISOR,"Mainstreet Advisors, LLC",,ACTIVA,Calle De Diego #488 2nd Floor San Juan PR 00924,787-923-7790,11/04/2020,IA-1366,,Alejandro J. San Antonio,310795,NO,5,https://concesionarios.ocif.pr.gov/es/License/Index?LicenseTypeFilter=INVESTMENT+ADVISOR&Page=5&PageSize=100,2026-08-26T15:58:37+00:00,,,,,,,,unknown
967e73ecf8c0cf1ac384c0cbdcdeb738072fbd4126fd3a5b4f56acbca720beb0,INVESTMENT ADVISOR,Managed Account Advisors LLC,,ACTIVA,101 Hudson St Jersey City NJ 07302,888-204-3287,02/27/2007,IA-0723N,,Andrew Baldauf,142558,NO,5,https://concesionarios.ocif.pr.gov/es/License/Index?LicenseTypeFilter=INVESTMENT+ADVISOR&Page=5&PageSize=100,2026-08-26T15:58:37+00:00,,,,,,,,unknown
a15a022f8ae862e0c0fa82312d2bd42697664327dc990bdb41da928a2a630305,INVESTMENT ADVISOR,"Manning & Napier Advisors, LLC",,ACTIVA,290 Woodcliff Drive Fairport NY 14450,585-325-6880,03/28/2013,IA-0959N,,Reuben Auspitz,105992,NO,5,https://concesionarios.ocif.pr.gov/es/License/Index?LicenseTypeFilter=INVESTMENT+ADVISOR&Page=5&PageSize=100,2026-08-26T15:58:37+00:00,,,,,,,,unknown
b7e50f7d13f433d8d6d7e72ea8e22ca1bb11cb0f67de6b8c7e93b07c772853f4,INVESTMENT ADVISOR,Mariner Wealth,,ACTIVA,5700 W. 112th ST Suite 500 Overland Park KS 66211,913-904-5700,06/26/2025,IA-1741N,,Anne Dorian,289886,NO,5,https://concesionarios.ocif.pr.gov/es/License/Index?LicenseTypeFilter=INVESTMENT+ADVISOR&Page=5&PageSize=100,2026-08-26T15:58:37+00:00,,,,,,,,unknown
7fdba6c6a6fa737a4498090543a98db61809d55baa8bfb1bd7ffd67472bab735,INVESTMENT ADVISOR,Mariner Wealth Advisors,,ACTIVA,5700 W 112th Street Suite 500 Overland Park KS 66211,913-904-5700,01/12/2024,IA-1623N,,Anne Dorian,329377,NO,5,https://concesionarios.ocif.pr.gov/es/License/Index?LicenseTypeFilter=INVESTMENT+ADVISOR&Page=5&PageSize=100,2026-08-26T15:58:37+00:00,,,,,,,,unknown
32631fcc6a6fe640450a85ee440fa3a4b93198b82a39b7dedaef3e2d6f91713a,INVESTMENT ADVISOR,Mariner Wealth Advisors,,ACTIVA,5700 W. 12th Street Suite 500 Overland Park KS 66211,913-904-5700,03/29/2018,IA-1224N,,Megan Jennings,140195,NO,5,https://concesionarios.ocif.pr.gov/es/License/Index?LicenseTypeFilter=INVESTMENT+ADVISOR&Page=5&PageSize=100,2026-08-26T15:58:37+00:00,,,,,,,,unknown
2f246a48cc0784f5f2ecd96eb45a6acebd3b5e4b57f9f0a38c34d9639b4be7ec,INVESTMENT ADVISOR,"Marsico Capital Management, LLC",,ACTIVA,1200 17th St Suite 1600 Denver CO 80202-5824,303-454-5600,08/28/2002,IA-0514N,,Steven R Carlson,109250,NO,5,https://concesionarios.ocif.pr.gov/es/License/Index?LicenseTypeFilter=INVESTMENT+ADVISOR&Page=5&PageSize=100,2026-08-26T15:58:37+00:00,,,,,,,,unknown
eaec1713974418d5626dbd8e01dcc28a40b00b8b4ead40913d56480709d67b83,INVESTMENT ADVISOR,Maseco Private Wealth,,ACTIVA,The Kodak 11 Keley Street London GL WC2B 4BA,44 20 7043 0455,08/07/2026,IA-1824N,,Marc Cane,147686,NO,5,https://concesionarios.ocif.pr.gov/es/License/Index?LicenseTypeFilter=INVESTMENT+ADVISOR&Page=5&PageSize=100,2026-08-26T15:58:37+00:00,,,,,,,,unknown
eb38c9a205f48ac34f2f6619b60ce52ce10a1724ee48a510c0cc8f756a6fe5da,INVESTMENT ADVISOR,"Masterworks Advisers, LLC",,ACTIVA,225 Liberty Street 29th Floor New York NY 10281,203-518-5172,03/13/2023,IA-1554N,,Josh Goldstein,324239,NO,5,https://concesionarios.ocif.pr.gov/es/License/Index?LicenseTypeFilter=INVESTMENT+ADVISOR&Page=5&PageSize=100,2026-08-26T15:58:37+00:00,,,,,,,,unknown
275b2a3e521b6622889398932b5fca3e10ab4bd5f0df3cc8504fdd274fd4b39a,INVESTMENT ADVISOR,Matrix Asset Advisors Inc.,,ACTIVA,747 Third Ave 31st Fl New York NY 10017,212-486-2004,12/01/2004,IA-0601N,,Laurie S Gaeta,107408,NO,5,https://concesionarios.ocif.pr.gov/es/License/Index?LicenseTypeFilter=INVESTMENT+ADVISOR&Page=5&PageSize=100,2026-08-26T15:58:37+00:00,,,,,,,,unknown
d1a1001e7fc634594a0b403fccd241b2c788ee717743c11ac4a81113f9bc61c1,INVESTMENT ADVISOR,"Matson Money, Inc.",,ACTIVA,5955 Deerfield Blvd Mason OH 45040,513-204-8000,01/02/2004,IA-0571N,,Daniel J List,110425,NO,5,https://concesionarios.ocif.pr.gov/es/License/Index?LicenseTypeFilter=INVESTMENT+ADVISOR&Page=5&PageSize=100,2026-08-26T15:58:37+00:00,,,,,,,,unknown
cbb2674bae8c0961c63d6368d2335199d29c9a9974a461f8feaa57a340907758,INVESTMENT ADVISOR,Mawer Investment Management LTD.,,ACTIVA,"600, 517 10th Avenue S.W. Alberta Calgary T2R OA8",403-262-4673,03/31/2022,IA-1515N,,Nadine Krenosky,159100,NO,5,https://concesionarios.ocif.pr.gov/es/License/Index?LicenseTypeFilter=INVESTMENT+ADVISOR&Page=5&PageSize=100,2026-08-26T15:58:37+00:00,,,,,,,,unknown
6654f33f59352acc21d91491a7b3fc6dc2b00bea95413afc8c59291a9ba4870d,INVESTMENT ADVISOR,Mckenzie Investment Advisors LLC,,ACTIVA,T-Mobile Center B7 Calle Tabonuco Ste 1605 Guaynabo PR 00968-3343,787-671-4763,04/11/2022,IA-1501,,Cameron Mckenzie,313635,NO,5,https://concesionarios.ocif.pr.gov/es/License/Index?LicenseTypeFilter=INVESTMENT+ADVISOR&Page=5&PageSize=100,2026-08-26T15:58:37+00:00,,,,,,,,unknown
aabee8887187269235c14460d22e797e82f949f3236309ff5bae180731ee44c5,INVESTMENT ADVISOR,"MDT Advisers, a division of Federated MDTA LLC",,ACTIVA,"125 High St Oliver Street Tower, 21st Fl Boston MA 02110",617-235-7100,03/26/2008,IA-0778N,,Brian P Bouda,109355,NO,5,https://concesionarios.ocif.pr.gov/es/License/Index?LicenseTypeFilter=INVESTMENT+ADVISOR&Page=5&PageSize=100,2026-08-26T15:58:37+00:00,,,,,,,,unknown
87a8327ca2625ebb658628672454b8f0ca41120e18b0fb28fadde9aaa1c652a1,INVESTMENT ADVISOR,Measured Strategies LLC,,ACTIVA,20321 Hacienda CT Boca Raton FL 33498,561-210-5544,02/16/2022,IA-1478NS,,Casey Gunther,288587,NO,5,https://concesionarios.ocif.pr.gov/es/License/Index?LicenseTypeFilter=INVESTMENT+ADVISOR&Page=5&PageSize=100,2026-08-26T15:58:37+00:00,,,,,,,,unknown
677eb062f5a03e11164175d0722ab203c18b7c8ab59220e5c022f4790786ef34,INVESTMENT ADVISOR,"Meeder Advisory Services, Inc.",,ACTIVA,6125 Memorial Dr Dublin OH 43017,800-325-3539,03/21/2019,IA-1280N,,Douglas Jennings,106814,NO,5,https://concesionarios.ocif.pr.gov/es/License/Index?LicenseTypeFilter=INVESTMENT+ADVISOR&Page=5&PageSize=100,2026-08-26T15:58:37+00:00,,,,,,,,unknown
56b7624d4439c54dfd4bc558503fc7134688feafb00789991c4d39d8048db20e,INVESTMENT ADVISOR,Mellon Capital Management Corporation,,ACTIVA,50 Fremont St Suite 3900 San Francisco CA 94105,415-546-6056,02/02/2009,IA-0815N,,W Christopher Appler,105764,NO,5,https://concesionarios.ocif.pr.gov/es/License/Index?LicenseTypeFilter=INVESTMENT+ADVISOR&Page=5&PageSize=100,2026-08-26T15:58:37+00:00,,,,,,,,unknown
07889daad47a6f976b8847f1a8c98773be0ddc5ec054b593cd45f1721fdb5290,INVESTMENT ADVISOR,Mercer Global Advisors Inc.,,ACTIVA,1801 East Cabrillo Blvd. Santa Barbara CA 93108,800-258-1559,04/17/2013,IA-0966N,,Scott Kvancz,147363,NO,5,https://concesionarios.ocif.pr.gov/es/License/Index?LicenseTypeFilter=INVESTMENT+ADVISOR&Page=5&PageSize=100,2026-08-26T15:58:37+00:00,,,,,,,,unknown
2a1abaf9c6c04547502a0ad99dbdd105f46dae1187c782f454ad78c583f89735,INVESTMENT ADVISOR,"Mercer Investment Management, Inc.",,ACTIVA,99 High Street 14th Floor Boston MA 02110,617-747-9500,03/31/2011,IA-0894N,,"Robert E. Phay, Jr.",133449,NO,5,https://concesionarios.ocif.pr.gov/es/License/Index?LicenseTypeFilter=INVESTMENT+ADVISOR&Page=5&PageSize=100,2026-08-26T15:58:37+00:00,,,,,,,,unknown
84a6808f87773f33fff5501dc3baa58299427e8aa11500eaeeaba11963150daa,INVESTMENT ADVISOR,"Merchant Banking Advisors, Inc.",,ACTIVA,"253 San Sebastian St. Mezzanine Level, Old San Juan San Juan PR 00901-1205",787-630-4341,06/21/2000,IA-0358,,John Richardson,299733,NO,5,https://concesionarios.ocif.pr.gov/es/License/Index?LicenseTypeFilter=INVESTMENT+ADVISOR&Page=5&PageSize=100,2026-08-26T15:58:37+00:00,,,,,,,,unknown
e86a061274d17dec92e61deebe876af1af9db939a6c49dda7bb0f2e434130449,INVESTMENT ADVISOR,"Mercury Advisory, LLC",,ACTIVA,333 Bush Street Suite 1900 San Francisco CA 94104,415-878-1068,03/08/2024,IA-1638N,,Robert Gonzalez,308960,NO,5,https://concesionarios.ocif.pr.gov/es/License/Index?LicenseTypeFilter=INVESTMENT+ADVISOR&Page=5&PageSize=100,2026-08-26T15:58:37+00:00,,,,,,,,unknown
70f7fd8a33cc963f5b3e319ea713e0293a92609fdf0832a1aba7c618424a1b9a,INVESTMENT ADVISOR,Merit Financial Advisors,,ACTIVA,2400 Lakeview Parkway Suite 550 Alpharetta GA 30009,678-867-7050,09/12/2025,IA-1753N,,Doug Baxley,142457,NO,5,https://concesionarios.ocif.pr.gov/es/License/Index?LicenseTypeFilter=INVESTMENT+ADVISOR&Page=5&PageSize=100,2026-08-26T15:58:37+00:00,,,,,,,,unknown
5fcd5e3226fc34db39de0fd705b2ada1123701c44ada70b5eba06c321d1e777c,INVESTMENT ADVISOR,"Mesirow Financial Investment Management, Inc.",,ACTIVA,353 N. Clark St. Chicago IL 60654,312-595-6072,03/23/2005,IA-0614N,,Jeffrey Levine,111135,NO,5,https://concesionarios.ocif.pr.gov/es/License/Index?LicenseTypeFilter=INVESTMENT+ADVISOR&Page=5&PageSize=100,2026-08-26T15:58:37+00:00,,,,,,,,unknown
0ff43afebe6162c85d880edfee7b2af1d3c85992834cbc8b63af26ba5cd1a57b,INVESTMENT ADVISOR,"Metlife Advisers, LLC",,ACTIVA,One Financial Center 20th Fl Boston MA 02111,617-578-2410,11/01/2005,IA-0653N,,Steven E Hartstein,107312,NO,5,https://concesionarios.ocif.pr.gov/es/License/Index?LicenseTypeFilter=INVESTMENT+ADVISOR&Page=5&PageSize=100,2026-08-26T15:58:37+00:00,,,,,,,,unknown
2407886295fc07b58d1612901e683414e5b0615aef961a9f285d9bd2b3e25df3,INVESTMENT ADVISOR,MFS Institutional Advisors Inc.,,ACTIVA,111 Huntington Ave Boston MA 02199-7618,617-954-5000,07/12/2001,IA-0434N,,Timothy M Fagan,107144,NO,5,https://concesionarios.ocif.pr.gov/es/License/Index?LicenseTypeFilter=INVESTMENT+ADVISOR&Page=5&PageSize=100,2026-08-26T15:58:37+00:00,,,,,,,,unknown
d95d29c28bbd75ef13455ca31fb14ef2f3b1f7abdf654b8001b69be33d1e472b,INVESTMENT ADVISOR,MG&A Wealth,,ACTIVA,8151 Peters Road Suite 3200 Plantation FL 33324,954-289-9000,03/29/2023,IA-1580N,,Mallory C. Mangrum,284866,NO,5,https://concesionarios.ocif.pr.gov/es/License/Index?LicenseTypeFilter=INVESTMENT+ADVISOR&Page=5&PageSize=100,2026-08-26T15:58:37+00:00,,,,,,,,unknown
fbbe5e713e5f16b9bba4e0698e37458bcd98a39c0e3f389acfb1398a897d0886,INVESTMENT ADVISOR,"Millenial Advisers, LLC",,ACTIVA,Three World Financial 200 Vesey Street 24th Floor New York NY 10281,646-532-2400,07/10/2020,IA-1353N,,Chia Shin Chen,170847,NO,5,https://concesionarios.ocif.pr.gov/es/License/Index?LicenseTypeFilter=INVESTMENT+ADVISOR&Page=5&PageSize=100,2026-08-26T15:58:37+00:00,,,,,,,,unknown
2cc9cbdaf28581ff06481f01e3d05a56ac3912072c69dfa77c7f52f340e0f1ef,INVESTMENT ADVISOR,Millenium Management LLC,,ACTIVA,666 Fifth Avenue New York NY 10103,212-841-4100,01/08/2021,IA-1380N,,Martin Z. Schwartz,158117,NO,5,https://concesionarios.ocif.pr.gov/es/License/Index?LicenseTypeFilter=INVESTMENT+ADVISOR&Page=5&PageSize=100,2026-08-26T15:58:37+00:00,,,,,,,,unknown
7e3c7bd030512b43f53b5fbc784056457e19677ba8fcca1230e8c3a07fea4fb4,INVESTMENT ADVISOR,Mission Prime LLC,,ACTIVA,475 Calle C Los Frailes Suite 507 Guaynabo PR 00966,787-487-5843,02/11/2022,IA-1475N,,Dmitri Victor Zapolskikh,318328,NO,5,https://concesionarios.ocif.pr.gov/es/License/Index?LicenseTypeFilter=INVESTMENT+ADVISOR&Page=5&PageSize=100,2026-08-26T15:58:37+00:00,,,,,,,,unknown
25daed0e786ba79ab32b89525717feaf810481c9bc5b79e68125ead310264938,INVESTMENT ADVISOR,Missionsquare Retirement,,ACTIVA,777 North Capitol Street NE Suite 600 Washington DC 20002-4240,202-962-4600,10/04/2024,IA-1684N,,Cliff Richards,108783,NO,5,https://concesionarios.ocif.pr.gov/es/License/Index?LicenseTypeFilter=INVESTMENT+ADVISOR&Page=5&PageSize=100,2026-08-26T15:58:37+00:00,,,,,,,,unknown
6e12c8109d493c01b68c9fdc254cf7bcf0b69bff7b57bffbcc01055baeeada80,INVESTMENT ADVISOR,MMA Securities LLC,,ACTIVA,1166 Avenue of the Americas New York NY 10036,212-345-5000,10/29/2025,IA-1757N,,Judith Ann Weinstock,44254,NO,5,https://concesionarios.ocif.pr.gov/es/License/Index?LicenseTypeFilter=INVESTMENT+ADVISOR&Page=5&PageSize=100,2026-08-26T15:58:37+00:00,,,,,,,,unknown
6a230507bfeaed11c865f1f224f2de9ddec0dd2c083b0f432abf6eb3a215f861,INVESTMENT ADVISOR,"MML Investors Services, LLC",,ACTIVA,1295 State Street Springfield MA 01111-0001,787-758-2244,02/27/1998,IA-0269N,,"Courtney Reid, Robert S. Rosenthal",10409,NO,5,https://concesionarios.ocif.pr.gov/es/License/Index?LicenseTypeFilter=INVESTMENT+ADVISOR&Page=5&PageSize=100,2026-08-26T15:58:37+00:00,,,,,,,,unknown
29df545dc9084412623062c3d4e02f1e8cf3a4cecf3093b9cac4da7f18d03701,INVESTMENT ADVISOR,"Modern Capital Advisors, LLC",,ACTIVA,119 Simmons MT Pleasant SC 29464,800-440-0442,03/21/2022,IA-1558N,,Kristof Wild,131117,NO,5,https://concesionarios.ocif.pr.gov/es/License/Index?LicenseTypeFilter=INVESTMENT+ADVISOR&Page=5&PageSize=100,2026-08-26T15:58:37+00:00,,,,,,,,unknown
c388b7d5389b71482498017921755218d90d56f37e95d1ea90fdc96d4b652c96,INVESTMENT ADVISOR,"Modern Wealth Management, LLC",,ACTIVA,1712 Main Street Suite 400 Kansas City MO 64108,1-913-393-1000,07/02/2026,IA-1817N,,James Rankin,324624,NO,5,https://concesionarios.ocif.pr.gov/es/License/Index?LicenseTypeFilter=INVESTMENT+ADVISOR&Page=5&PageSize=100,2026-08-26T15:58:37+00:00,,,,,,,,unknown
fbd8c8bd75aa368bbd46a7feec53e47ef34e4987934bf28c71573730fc504083,INVESTMENT ADVISOR,"Moment Advisors, LLC",,ACTIVA,395 Hudson Street Floor 10 New York NY 10014,1-551-775-2340,03/09/2026,IA-1775N,,Tarik Ferreira de Aguiar Abdala,325262,NO,5,https://concesionarios.ocif.pr.gov/es/License/Index?LicenseTypeFilter=INVESTMENT+ADVISOR&Page=5&PageSize=100,2026-08-26T15:58:37+00:00,,,,,,,,unknown
d8f55ce2eacaf3ee8a5c44e2dd2b83a3be644f02f7c22e2ca86c61f806b8fca9,INVESTMENT ADVISOR,Money Concepts Advisory Service,,ACTIVA,11440 Noth Jog Road Palm Beach Gardens FL 33418-3764,561-472-2000,03/01/2007,IA-0728N,,Terri Walsh,12963,NO,5,https://concesionarios.ocif.pr.gov/es/License/Index?LicenseTypeFilter=INVESTMENT+ADVISOR&Page=5&PageSize=100,2026-08-26T15:58:37+00:00,,,,,,,,unknown
2d1b74cfab0e381e1108743fe4e91a06b6f9afb0a4a8fb53a8807ffcf3243eaf,INVESTMENT ADVISOR,Money Pickle,,ACTIVA,1411 S Main Street Royal Oak MI 48067,248-881-4288,03/14/2025,IA-1709N,,Brenton Thurman,325575,NO,5,https://concesionarios.ocif.pr.gov/es/License/Index?LicenseTypeFilter=INVESTMENT+ADVISOR&Page=5&PageSize=100,2026-08-26T15:58:37+00:00,,,,,,,,unknown
e552e5a7133e04e98ed389b8e1237aebeac05b31eca859bc3334f5eca706bc69,INVESTMENT ADVISOR,"Moneylion (ML Wealth, LLC)",,ACTIVA,30 West 21st Street 9th Floor New York NY 10010,212-380-1735,03/25/2020,IA-1335N,,Michael Doniger,289521,NO,5,https://concesionarios.ocif.pr.gov/es/License/Index?LicenseTypeFilter=INVESTMENT+ADVISOR&Page=5&PageSize=100,2026-08-26T15:58:37+00:00,,,,,,,,unknown
cfde347a4a6462a20b3bfe35df5ac58732f2c9fc697d412c7ec3a8dcc5fe286d,INVESTMENT ADVISOR,Morgan Stanley AIP GP LP,,ACTIVA,100 Front Street Suite 400 West Conshohocken PA 19428,610-260-7600,02/03/2015,IA-1048N,,Timothy J. Knierim,117050,NO,5,https://concesionarios.ocif.pr.gov/es/License/Index?LicenseTypeFilter=INVESTMENT+ADVISOR&Page=5&PageSize=100,2026-08-26T15:58:37+00:00,,,,,,,,unknown
ac45b57210c2529496a09dc8a91fa37b61cca1b33989b632b7cae956ab759ab4,INVESTMENT ADVISOR,Morgan Stanley Institutional Investment Advisors LLC,,ACTIVA,5299 DTC Blvd. Suite 1000 Greenwood Village CO 80111,303-333-7770,06/21/2024,IA-1669N,,Christopher Richard Gargano,149122,NO,5,https://concesionarios.ocif.pr.gov/es/License/Index?LicenseTypeFilter=INVESTMENT+ADVISOR&Page=5&PageSize=100,2026-08-26T15:58:37+00:00,,,,,,,,unknown
74833febc164b67aff07fe108db66b07bdd061f36e0ac677fd25d733c09d0f92,INVESTMENT ADVISOR,Morgan Stanley Investment Management Inc.,,ACTIVA,522 Fifth Ave New york NY 10036,(212)296-6600,05/17/1993,IA-0144N,,Stefanie Vanessa Chang Yu,110353,NO,5,https://concesionarios.ocif.pr.gov/es/License/Index?LicenseTypeFilter=INVESTMENT+ADVISOR&Page=5&PageSize=100,2026-08-26T15:58:37+00:00,,,,,,,,unknown
360785ffbc446fe4b8bad12a12694e367f016b6afe9a8c8d89902d8589514e08,INVESTMENT ADVISOR,Morningstar Associates LLC,,ACTIVA,22 West Washington St Chicago IL 60602,312-696-6000,01/05/2000,IA-0331N,,Rita Bardell,108031,NO,5,https://concesionarios.ocif.pr.gov/es/License/Index?LicenseTypeFilter=INVESTMENT+ADVISOR&Page=5&PageSize=100,2026-08-26T15:58:37+00:00,,,,,,,,unknown
a77cdca7bc4a3a53a309b229a7c74b71594509b20a24cb952e8c2edf9cd7e0d0,INVESTMENT ADVISOR,"Morse Asset Management, Inc.",,ACTIVA,23 Old Kings Highway South Suite 200 Darien CT 06820,646-568-4083,03/31/2023,IA-1593N,,I. Andrew Mclaughlin,285650,NO,5,https://concesionarios.ocif.pr.gov/es/License/Index?LicenseTypeFilter=INVESTMENT+ADVISOR&Page=5&PageSize=100,2026-08-26T15:58:37+00:00,,,,,,,,unknown
55441772781127b1884684deb7850acf7835e925daed732dfd45e34d8f54a20f,INVESTMENT ADVISOR,Mostt Inc.,,ACTIVA,14140 Ventura Blvd. Ste 208 Sherman Oaks CA 91423,310-923-0363,11/21/2024,IA-1692N,,Ksenia Yudina,332063,NO,5,https://concesionarios.ocif.pr.gov/es/License/Index?LicenseTypeFilter=INVESTMENT+ADVISOR&Page=5&PageSize=100,2026-08-26T15:58:37+00:00,,,,,,,,unknown
373eb602fea4c782710d63fe83be984aff95ef70a29864a6d77aecbe2ce935d9,INVESTMENT ADVISOR,"Motley Fool Wealth Management, LLC",,ACTIVA,2000 Duke Street Suite 275 Alexandria VA 22314,844-408-4390,12/23/2021,IA-1469N,,Kyle Dennis Wirth,165689,NO,5,https://concesionarios.ocif.pr.gov/es/License/Index?LicenseTypeFilter=INVESTMENT+ADVISOR&Page=5&PageSize=100,2026-08-26T15:58:37+00:00,,,,,,,,unknown
7b5949b15501f0c0f66339b7591fb94f3edae64e6e6f434ed7e0ff341d7effe3,INVESTMENT ADVISOR,MSH Capital Advisors LLC,,ACTIVA,23350 N Pima Road Scottsdale AZ 85255-7153,480-563-2021,03/30/2022,IA-1508N,,Eraine Johnson Parker,157835,NO,5,https://concesionarios.ocif.pr.gov/es/License/Index?LicenseTypeFilter=INVESTMENT+ADVISOR&Page=5&PageSize=100,2026-08-26T15:58:37+00:00,,,,,,,,unknown
67fa657cbfccb830c8779e55af22aa42699c8d1a59fa8025f076861c15385dec,INVESTMENT ADVISOR,MTC Wealth Management,,ACTIVA,14055 Riveredge Dr. Suite 525 Tampa FL 33637,888-727-9191,03/29/2024,IA-1655N,,Parastu Persia Shokoohi,305308,NO,5,https://concesionarios.ocif.pr.gov/es/License/Index?LicenseTypeFilter=INVESTMENT+ADVISOR&Page=5&PageSize=100,2026-08-26T15:58:37+00:00,,,,,,,,unknown
a1a79d128790080c86206712146a20d86025c948167487a63cefea213b87753d,INVESTMENT ADVISOR,"Mutual of Omaha Investor Services, Inc.",,ACTIVA,3300 Mutual of Omaha Plaza Omaha NE 68175-1020,402-351-5950,03/30/2015,IA-1067N,,"Adam Proskovec, Thomas R. Oldham",611,NO,5,https://concesionarios.ocif.pr.gov/es/License/Index?LicenseTypeFilter=INVESTMENT+ADVISOR&Page=5&PageSize=100,2026-08-26T15:58:37+00:00,,,,,,,,unknown
39f2bd35e6fc95a8abc278d66bb71cca0ef743d5e70b76a41f3c6c1bba0759ac,INVESTMENT ADVISOR,"Nationwide Investment Advisors, LLC",,ACTIVA,10 W Nationwide Blvd Mail Code 5-02-3011 Columbus OH 43215,614-435-8371,04/18/1997,IA-0244N,,Rita E Tholt,142373,NO,5,https://concesionarios.ocif.pr.gov/es/License/Index?LicenseTypeFilter=INVESTMENT+ADVISOR&Page=5&PageSize=100,2026-08-26T15:58:37+00:00,,,,,,,,unknown
d2e6fe015806ae0853669d43473c9352ddecc3d4efa2c4e7df67f7302d055dca,INVESTMENT ADVISOR,Nationwide Securities LLC.,,ACTIVA,10 West Nationwide Blvd Mail Code 5-01-103 Columbus OH 43215,888-753-7364,07/09/2008,IA-0792N,,James Rabenstine,11173,NO,5,https://concesionarios.ocif.pr.gov/es/License/Index?LicenseTypeFilter=INVESTMENT+ADVISOR&Page=5&PageSize=100,2026-08-26T15:58:37+00:00,,,,,,,,unknown
8628ad0008c372ee0b4851d974cc8fe6ec0293b365c6a221874743df25748ad6,INVESTMENT ADVISOR,Navellier & Associates Inc.,,ACTIVA,One E Liberty Suite 504 Reno NV 89501-2107,775-785-2300,01/07/1997,IA-0119N,,Arjen Kuyper,107568,NO,5,https://concesionarios.ocif.pr.gov/es/License/Index?LicenseTypeFilter=INVESTMENT+ADVISOR&Page=5&PageSize=100,2026-08-26T15:58:37+00:00,,,,,,,,unknown
482f5f0c8b3e7e9cfb8797fe24d36c30ca6cbb99be20b638462f2124108ff101,INVESTMENT ADVISOR,"Navy Federal Investment services, LLC",,ACTIVA,1007 Electric Ave Vienna VA 22180,877-221-8108,06/27/2006,IA-0696N,,"Marissa S. Bacino, Mark F. Dempsey",138459,NO,5,https://concesionarios.ocif.pr.gov/es/License/Index?LicenseTypeFilter=INVESTMENT+ADVISOR&Page=5&PageSize=100,2026-08-26T15:58:37+00:00,,,,,,,,unknown
1bdab4d3ac76b1c37a6371e6e1f1f63849fc7946399928e272526314cbea230d,INVESTMENT ADVISOR,"NBC Securities, Inc.",,ACTIVA,1927 First Avenue North Birmingham AL 35203,800-521-9390,03/30/2023,IA-1584N,,Scott Wilkins,17870,NO,5,https://concesionarios.ocif.pr.gov/es/License/Index?LicenseTypeFilter=INVESTMENT+ADVISOR&Page=5&PageSize=100,2026-08-26T15:58:37+00:00,,,,,,,,unknown
a54876dc3d0563ee1a308c2fc7c4b6a2f9776f92a3712c5d90142b96b85027ab,INVESTMENT ADVISOR,Negron Ramos,,ACTIVA,420 Ave Ponce De Leon Suite 103 San Juan PR 00918,787-363-4787,11/08/2024,IA-1688,,Ivan Negron-Ramos,332437,NO,5,https://concesionarios.ocif.pr.gov/es/License/Index?LicenseTypeFilter=INVESTMENT+ADVISOR&Page=5&PageSize=100,2026-08-26T15:58:37+00:00,,,,,,,,unknown
d38e0a8270fb2bd9caef348834b77f32e14842c2b2d891ce55695d4e8fd6051c,INVESTMENT ADVISOR,Nerdwallet Advisory,,ACTIVA,4150 N Drinkwater BLVD Suite 200 Scottdale AZ 85251,415-549-8913,03/28/2025,IA-1716N,,Deeannn Marie Mays,325767,NO,5,https://concesionarios.ocif.pr.gov/es/License/Index?LicenseTypeFilter=INVESTMENT+ADVISOR&Page=5&PageSize=100,2026-08-26T15:58:37+00:00,,,,,,,,unknown
c3a16580ba56cf5c2e959f42c0ceee9f5544ee3729dc588b02f57e1588f91802,INVESTMENT ADVISOR,Neuberger Berman BD LLC,,ACTIVA,1290 Avenue of the Americas New York NY 10104,212-476-9000,04/02/2001,IA-0407N,,"Robert Ciraola, Brad Cetron",2908,NO,5,https://concesionarios.ocif.pr.gov/es/License/Index?LicenseTypeFilter=INVESTMENT+ADVISOR&Page=5&PageSize=100,2026-08-26T15:58:37+00:00,,,,,,,,unknown
020b2bec3cc16e5096bdecc19ff54918fbb986f61d9daf45dd513ca2e8b3ed9d,INVESTMENT ADVISOR,Neuberger Berman Fixed Income LLC,,ACTIVA,190 S Lasalle St Suite 2400 Chicago IL 60603,312-325-7700,02/28/2008,IA-0773N,,Brian Lord,124687,NO,5,https://concesionarios.ocif.pr.gov/es/License/Index?LicenseTypeFilter=INVESTMENT+ADVISOR&Page=5&PageSize=100,2026-08-26T15:58:37+00:00,,,,,,,,unknown
a6c23be730109f9f2a78fce599d335adde543b7f6dc54342d3a92aadd2cf41fb,INVESTMENT ADVISOR,New Edge Wealth,,ACTIVA,1251 Waterfront Place Suite 510 Pittsburgh PA 15222,800-693-7800,12/08/2020,IA-1371N,,David Schnier,307771,NO,5,https://concesionarios.ocif.pr.gov/es/License/Index?LicenseTypeFilter=INVESTMENT+ADVISOR&Page=5&PageSize=100,2026-08-26T15:58:37+00:00,,,,,,,,unknown
307eb697aa44267ba046c167dc5dd60e3f7c8d0137a88526f4e8dda4bea49659,INVESTMENT ADVISOR,New York Life Investment Management LLC,,ACTIVA,51 Madison Ave New York NY 10010,212-576-7000,02/25/2002,IA-0473N,,Dawn Pallitto,109591,NO,5,https://concesionarios.ocif.pr.gov/es/License/Index?LicenseTypeFilter=INVESTMENT+ADVISOR&Page=5&PageSize=100,2026-08-26T15:58:37+00:00,,,,,,,,unknown
c4c5c6bd122eca702aab460bc78f0e71962179b2efb70a8262565caa070bd80b,INVESTMENT ADVISOR,"Newbridge Financial Services Group, Inc.",,ACTIVA,"5200 Town Center Circle Tower 1, Suite 306 Boca Ratón FL 33486",954-334-3450,07/27/2018,IA-1248N,,Robert Abrams,130814,NO,5,https://concesionarios.ocif.pr.gov/es/License/Index?LicenseTypeFilter=INVESTMENT+ADVISOR&Page=5&PageSize=100,2026-08-26T15:58:37+00:00,,,,,,,,unknown
04daa00cac4578a6fe88b3ba2df4378bb416b37e4f1ce277cb0394d7b7356368,INVESTMENT ADVISOR,Newedge Advisors,,ACTIVA,858 Camp Street New Orleans LA 70130,504-459-4391,11/05/2021,IA-1462N,,Brent Nicks,171351,NO,5,https://concesionarios.ocif.pr.gov/es/License/Index?LicenseTypeFilter=INVESTMENT+ADVISOR&Page=5&PageSize=100,2026-08-26T15:58:37+00:00,,,,,,,,unknown
367f52b8b970a5196bbd4b1255cb565f3e7955743c5d4e07d0903000eae64c3d,INVESTMENT ADVISOR,"NewGen Wealth Creation, LLC",,ACTIVA,100 Carr 115 Unit 1503 Rincón PR 00677,754-736-1556,08/26/2022,IA-1539,,"Natalia Ivanova, Natalia Ivanova",322840,NO,5,https://concesionarios.ocif.pr.gov/es/License/Index?LicenseTypeFilter=INVESTMENT+ADVISOR&Page=5&PageSize=100,2026-08-26T15:58:37+00:00,,,,,,,,unknown
bea98c8ae517e4112b4dd58422d1a7f4836fa318e1ba75d9a3d2b896573be33f,INVESTMENT ADVISOR,Newton Investment Management North America,,ACTIVA,"BNY Mellon Center One Boston Place, 201 Washington Street Boston MA 02108-4408",617-722-7250,07/21/2021,IA-1444N,,Elizabeth Anne Roach,312937,NO,5,https://concesionarios.ocif.pr.gov/es/License/Index?LicenseTypeFilter=INVESTMENT+ADVISOR&Page=5&PageSize=100,2026-08-26T15:58:37+00:00,,,,,,,,unknown
63ac6f0761c34efbdbd9ce385676e6c822ae16100ceff55eb3b8d66e95154356,INVESTMENT ADVISOR,"NFJ Investment Group, LLC",,ACTIVA,2100 Ross Avenue Suite 700 Dallas TX 75201,214-754-1780,03/10/2021,IA-1393N,,Patti S. Almanza,310902,NO,5,https://concesionarios.ocif.pr.gov/es/License/Index?LicenseTypeFilter=INVESTMENT+ADVISOR&Page=5&PageSize=100,2026-08-26T15:58:37+00:00,,,,,,,,unknown
d7e61f780122aea32e36f92fc22463c3ed36c606d5660e947903bc3004776f10,INVESTMENT ADVISOR,NFP Retirement Inc.,,ACTIVA,120 Vantis Suite 400 Aliso Viejo CA 92656,949-460-9898,09/23/2020,IA-1365N,,Blake Bjordahl,121254,NO,5,https://concesionarios.ocif.pr.gov/es/License/Index?LicenseTypeFilter=INVESTMENT+ADVISOR&Page=5&PageSize=100,2026-08-26T15:58:37+00:00,,,,,,,,unknown
4bdb84da04e0ace573c21d33e92b2d109e2616d02465fda8123d369754ee489d,INVESTMENT ADVISOR,"NGAM Advisors, L.P.",,ACTIVA,399 Boylston St Boston MA 02116,617-449-2813,01/02/2002,IA-0455N,,David Vallon,106800,NO,5,https://concesionarios.ocif.pr.gov/es/License/Index?LicenseTypeFilter=INVESTMENT+ADVISOR&Page=5&PageSize=100,2026-08-26T15:58:37+00:00,,,,,,,,unknown
c7351575947d6056e49e41f78c853551a91b156e928ce0a188705db4ed76ca7e,INVESTMENT ADVISOR,"Nichols Group, LLC",,ACTIVA,1 Calle Taft Apt. 9-A Condominio Playa Grande San Juan PR 00911,714-356-9596,10/08/2025,IA-1737,,Douglas E. Nichols,134513,NO,5,https://concesionarios.ocif.pr.gov/es/License/Index?LicenseTypeFilter=INVESTMENT+ADVISOR&Page=5&PageSize=100,2026-08-26T15:58:37+00:00,,,,,,,,unknown
8f9113a862a983deb7a88017678cb826ebe7c09f3f6449675eff929e533dfeb5,INVESTMENT ADVISOR,"Ninety One North America, Inc.",,ACTIVA,65 East 55th Street 30th Floor New York NY,1-917-206-5175,06/26/2026,IA-1815N,,Dana Troetel,167922,NO,5,https://concesionarios.ocif.pr.gov/es/License/Index?LicenseTypeFilter=INVESTMENT+ADVISOR&Page=5&PageSize=100,2026-08-26T15:58:37+00:00,,,,,,,,unknown
d7d38a447668165d19a867ad25d46865197aa43f1423736f752978e85489dd04,INVESTMENT ADVISOR,Nishkama Capital LLC,,ACTIVA,9 The Enclave Dorado PR 00646,646-619-3629,05/07/2021,IA-1423N,,Eric Salzman,170322,NO,5,https://concesionarios.ocif.pr.gov/es/License/Index?LicenseTypeFilter=INVESTMENT+ADVISOR&Page=5&PageSize=100,2026-08-26T15:58:37+00:00,,,,,,,,unknown
56edf45130a7b7d7be152bd07bab0b17507d0cffaa3e3ade5d68384d89fcae94,INVESTMENT ADVISOR,Noblebridge Wealth,,ACTIVA,50 Church Street Suite L12 Montclair NJ 07042,1-866-798-0354,12/11/2018,IA-1266N,,Corey Franco,146612,NO,5,https://concesionarios.ocif.pr.gov/es/License/Index?LicenseTypeFilter=INVESTMENT+ADVISOR&Page=5&PageSize=100,2026-08-26T15:58:37+00:00,,,,,,,,unknown
c7da7ad9dcaf08cbcf3607d92e3b75dafda28290b57dad0d5ac1eb7cc76679ae,INVESTMENT ADVISOR,"Northern Trust Investments, Incorporated",,ACTIVA,50 S Lasalle St Chicago IL 60603-1008,312-630-6000,07/19/2000,IA-0363N,,Anthony Pecora,105780,NO,5,https://concesionarios.ocif.pr.gov/es/License/Index?LicenseTypeFilter=INVESTMENT+ADVISOR&Page=5&PageSize=100,2026-08-26T15:58:37+00:00,,,,,,,,unknown
0a47166e136907b1e7ba0b6c1bb0214dca75ab5d44bad01b7b1a6d0493401d2d,INVESTMENT ADVISOR,"NPA Asset Management, LLC",,ACTIVA,115 West Century Road Suite 360 Paramus NJ 07652,201-476-0029,04/21/2014,IA-1015N,,James S. Colleary,131534,NO,5,https://concesionarios.ocif.pr.gov/es/License/Index?LicenseTypeFilter=INVESTMENT+ADVISOR&Page=5&PageSize=100,2026-08-26T15:58:37+00:00,,,,,,,,unknown
f94fc491cfe4c32a5d97c58dc321996b449a6565b2d344243702ee48edf38e7e,INVESTMENT ADVISOR,"NPPG Plan Professionals, LLC",,ACTIVA,494 Sycamore Avenue Suite 100 Shrewsbury NJ 07702,732-758-1577,03/08/2024,IA-1637N,,Greg Woods,324646,NO,5,https://concesionarios.ocif.pr.gov/es/License/Index?LicenseTypeFilter=INVESTMENT+ADVISOR&Page=5&PageSize=100,2026-08-26T15:58:37+00:00,,,,,,,,unknown
c2883a3714347030c5ee0de0ea3ece5210f2a1a3a17a96e339e2e7aee0989416,INVESTMENT ADVISOR,NSR Invest,,ACTIVA,335 Madison Avenue Suite 1600 New York NY 10017,914-315-9751,01/03/2018,IA-1200N,,Bo Brustkern,169878,NO,5,https://concesionarios.ocif.pr.gov/es/License/Index?LicenseTypeFilter=INVESTMENT+ADVISOR&Page=5&PageSize=100,2026-08-26T15:58:37+00:00,,,,,,,,unknown
4b6bbfc50c82342e1b4ba555a0be15f82df49d1f622f8250e16a747ffc79105e,INVESTMENT ADVISOR,"Nuance Investments, LLC",,ACTIVA,4900 Main Street Suite 220 Kansas City MO 64112,816-743-7080,03/28/2024,IA-1647N,,Rositsa Esenberg,148534,NO,5,https://concesionarios.ocif.pr.gov/es/License/Index?LicenseTypeFilter=INVESTMENT+ADVISOR&Page=5&PageSize=100,2026-08-26T15:58:37+00:00,,,,,,,,unknown
bf110a7cd9b60fb65633a828d827ecccaf7ebc2e62dc06c77e83bea9f0aca070,INVESTMENT ADVISOR,"Nuveen Asset Management, LLC",,ACTIVA,333 W Wacker Drive Chicago IL 60606,312-917-7700,11/24/2010,IA-0878N,,Diane S Meggs,155584,NO,5,https://concesionarios.ocif.pr.gov/es/License/Index?LicenseTypeFilter=INVESTMENT+ADVISOR&Page=5&PageSize=100,2026-08-26T15:58:37+00:00,,,,,,,,unknown
06f223e019471a464d5d7b9c72f8ddf0a2c67e69f5978542eadbe0c4812ad742,INVESTMENT ADVISOR,"Nuveen Fund Advisors, LLC",,ACTIVA,333 W Wacker Drive Chicago IL 60606,312-917-7899,07/17/1998,IA-0284N,,Joseph T Castro,104626,NO,5,https://concesionarios.ocif.pr.gov/es/License/Index?LicenseTypeFilter=INVESTMENT+ADVISOR&Page=5&PageSize=100,2026-08-26T15:58:37+00:00,,,,,,,,unknown
b1a29628ab1ccb6dd37f59f8020817fccdd344ea96e06a68702172a0ab2972ae,INVESTMENT ADVISOR,"O Connor Alternative Investments, LLC",,ACTIVA,110 East 59th Street New York NY 10022,1-212-915-1722,01/23/2026,IA-1777N,,Charles Mathys,336332,NO,5,https://concesionarios.ocif.pr.gov/es/License/Index?LicenseTypeFilter=INVESTMENT+ADVISOR&Page=5&PageSize=100,2026-08-26T15:58:37+00:00,,,,,,,,unknown
ac48d58df979fba1ec2be8dc1fc9b77e3f604bd1cd77ba905cf48aa9e6fdc845,INVESTMENT ADVISOR,"O'Shaughnessy Asset Management, LLC",,ACTIVA,6 Suburban Avenue Stamford CT 06901-2012,203-975-3333,05/25/2016,IA-1120N,,Raymond Amoroso III,144594,NO,5,https://concesionarios.ocif.pr.gov/es/License/Index?LicenseTypeFilter=INVESTMENT+ADVISOR&Page=5&PageSize=100,2026-08-26T15:58:37+00:00,,,,,,,,unknown
7a0acc928dbdbb63c81073e61d2dc278ca193be43121a6ca3e94968ef4b9bd56,INVESTMENT ADVISOR,OAK Associates Ltd,,ACTIVA,3875 Embassy Parkway Suite 250 Akron OH 44333,330-668-1234,06/21/2001,IA-0428N,,Margaret Lynn Ballinger,108874,NO,5,https://concesionarios.ocif.pr.gov/es/License/Index?LicenseTypeFilter=INVESTMENT+ADVISOR&Page=5&PageSize=100,2026-08-26T15:58:37+00:00,,,,,,,,unknown
a63e1e9763fa4a61f113cc42367b8549a88ebd87b493f1b15b0cf68e1b2506b5,INVESTMENT ADVISOR,"Oak Ridge Investments, LLC",,ACTIVA,10 South LaSalle Street Suite 1900 Chicago IL 60603-1020,312-857-1040,03/30/2012,IA-0921N,,Alan E. Molotsky,107066,NO,5,https://concesionarios.ocif.pr.gov/es/License/Index?LicenseTypeFilter=INVESTMENT+ADVISOR&Page=5&PageSize=100,2026-08-26T15:58:37+00:00,,,,,,,,unknown
7ccf59d5777613ad67a83d2ce1f62903bc5dfa60ab0f0f8cdbff51aacab943e2,INVESTMENT ADVISOR,"Occidental Asset Management, LLC",,ACTIVA,301 California Drive #9 Burlingame CA 94010,650-344-1600,04/29/2025,IA-1731N,,Nathan Hatton Walsh,168650,NO,5,https://concesionarios.ocif.pr.gov/es/License/Index?LicenseTypeFilter=INVESTMENT+ADVISOR&Page=5&PageSize=100,2026-08-26T15:58:37+00:00,,,,,,,,unknown
7e6adc5c67434521f3558cfed7ec0be462e62907c3dfac53ada210a2557b2e10,INVESTMENT ADVISOR,"ODYSSEAN, LLC",,ACTIVA,7 Pasture Lane Darien CT 06820,203-418-1433,11/17/2025,IA-1751N,,Marcus Bonvillian,338473,NO,5,https://concesionarios.ocif.pr.gov/es/License/Index?LicenseTypeFilter=INVESTMENT+ADVISOR&Page=5&PageSize=100,2026-08-26T15:58:37+00:00,,,,,,,,unknown
90d70a3e747671ad8f308d2b08b22e6e4f591e44451752aea5b5454ddcf5d9a5,INVESTMENT ADVISOR,Olliv,,ACTIVA,433 W. Van Buren Street Suite 1050N Chicago IL 60607,630-303-4079,12/19/2022,IA-1553N,,Colleen Kavanagh,324079,NO,6,https://concesionarios.ocif.pr.gov/es/License/Index?LicenseTypeFilter=INVESTMENT+ADVISOR&Page=6&PageSize=100,2026-08-26T15:58:37+00:00,,,,,,,,unknown
713c5d5de9e1f1e4ffba53f138e4c76e3108f6d1913e6b7b66f607c135b88d4e,INVESTMENT ADVISOR,ON Investment Management Co,,ACTIVA,One Financial Way Cincinnati OH 45242,855-262-0913,07/07/1999,IA-0314N,,Andrew J Vanhoy,105662,NO,6,https://concesionarios.ocif.pr.gov/es/License/Index?LicenseTypeFilter=INVESTMENT+ADVISOR&Page=6&PageSize=100,2026-08-26T15:58:37+00:00,,,,,,,,unknown
282f067b79db07133457e1ba95bde1ecbf45b21b65517fbb6952c6f2d0fba974,INVESTMENT ADVISOR,"One68 Global Capital, LLC",,ACTIVA,280 Park Ave 5th Floor New York NY 10017,212-331-6738,03/28/2022,IA-1504N,,Nancy Oh,284585,NO,6,https://concesionarios.ocif.pr.gov/es/License/Index?LicenseTypeFilter=INVESTMENT+ADVISOR&Page=6&PageSize=100,2026-08-26T15:58:37+00:00,,,,,,,,unknown
d3c98d5d28e0bdfd361fd79aff1e340116b6287c27380b0f53d80e0a637b6a5f,INVESTMENT ADVISOR,"Openarc Corporate Advisory, LLC",,ACTIVA,3550 Peachtree Road NE Floor 7 Atlanta GA 30326,1-844-648-6001,03/27/2026,IA-1782N,,Emily Fletcher,336837,NO,6,https://concesionarios.ocif.pr.gov/es/License/Index?LicenseTypeFilter=INVESTMENT+ADVISOR&Page=6&PageSize=100,2026-08-26T15:58:37+00:00,,,,,,,,unknown
602c5a4f073356d94c9d80372fa6dcbbc5e4fa1da9cb9ec1e8427005c40cd69c,INVESTMENT ADVISOR,Oppenheimer & Co. Inc.,,ACTIVA,"85 Broad Street 22nd, Floor 24 New York NY 10004",212-668-8000,01/10/2003,IA-0536N,,"Bebe Ali, James Capezzuto",249,NO,6,https://concesionarios.ocif.pr.gov/es/License/Index?LicenseTypeFilter=INVESTMENT+ADVISOR&Page=6&PageSize=100,2026-08-26T15:58:37+00:00,,,,,,,,unknown
8e39d82b9ec6e986fff03a4bfe5fef9f9de296f94da789c99f236739df96dccd,INVESTMENT ADVISOR,Oppenheimer Asset Management Inc.,,ACTIVA,85 Broad St New York NY 10004,212-667-4395,02/13/2004,IA-0577N,,"Kevin Duffy, Brian Roth, Svetlana Milina",105559,NO,6,https://concesionarios.ocif.pr.gov/es/License/Index?LicenseTypeFilter=INVESTMENT+ADVISOR&Page=6&PageSize=100,2026-08-26T15:58:37+00:00,,,,,,,,unknown
665898c4684efea5c58ab12c78ffe9911b70fc5c62f33cbee732f4fc325574e8,INVESTMENT ADVISOR,Orchard Wealth and Legacy Management LLC,,ACTIVA,151 San Francisco Street Suite 200 San Juan PR 00901,609-937-8064,07/19/2018,IA-1243,,Jason M. Scheurer,289104,NO,6,https://concesionarios.ocif.pr.gov/es/License/Index?LicenseTypeFilter=INVESTMENT+ADVISOR&Page=6&PageSize=100,2026-08-26T15:58:37+00:00,,,,,,,,unknown
554a75a5c357847166a3368f1cdc63f6e9f9eedc120f6336f17a6e664f7ddeb9,INVESTMENT ADVISOR,Oriental Financial Services LLC,,ACTIVA,254 Muñoz Rivera Ave. 2nd Floor Oriental Group Center San Juan PR 00918,787-474-1993,10/02/2000,IA-0369N,,"Sonia Marbarak, Sean W. Miles, Sonia Marbarak",29753,NO,6,https://concesionarios.ocif.pr.gov/es/License/Index?LicenseTypeFilter=INVESTMENT+ADVISOR&Page=6&PageSize=100,2026-08-26T15:58:37+00:00,,,,,,,,unknown
a6569d159e7969dc3677cd14915e41b43264551721a30385c52ce238aefcc955,INVESTMENT ADVISOR,Oriental Trust,,ACTIVA,"Oriental Center, 10th Floor 254 Munoz Rivera San Juan PR 00918",787-522-6962,03/28/2023,IA-1576N,,"Rosana Pacheco, Erik Dolan",312982,NO,6,https://concesionarios.ocif.pr.gov/es/License/Index?LicenseTypeFilter=INVESTMENT+ADVISOR&Page=6&PageSize=100,2026-08-26T15:58:37+00:00,,,,,,,,unknown
50566d8b7230a71ff5ea0fd2a10f2362c304b5188893532b429d2fff0fb80dfb,INVESTMENT ADVISOR,Origin Investment Advisory LLC,,ACTIVA,6708 Ashley CT Sarasota FL 34241,1-617-227-3825,02/20/2026,IA-1773N,,Arian Hassanalizadeh,305353,NO,6,https://concesionarios.ocif.pr.gov/es/License/Index?LicenseTypeFilter=INVESTMENT+ADVISOR&Page=6&PageSize=100,2026-08-26T15:58:37+00:00,,,,,,,,unknown
beeb3875db8adc1cb0745aa9a0f88304d4cae3b2b32998a05db1428fff38773a,INVESTMENT ADVISOR,"Osaic Wealth, Inc.",,ACTIVA,10 Exchange Place Suite 1410 New Jersey NJ 07302,800-821-5100,03/31/2008,IA-0781N,,"John Cooney, Rob Guldner",23131,NO,6,https://concesionarios.ocif.pr.gov/es/License/Index?LicenseTypeFilter=INVESTMENT+ADVISOR&Page=6&PageSize=100,2026-08-26T15:58:37+00:00,,,,,,,,unknown
80a5c60891d9cfae546db993048ffffe1284757be258ff8ce3ede68de1fafc37,INVESTMENT ADVISOR,OXINAS PARTNERS WEALTH MANAGEMENT,,ACTIVA,607 North Shore Drive Suite 101 Jefferson IN 47130,812-725-8649,05/07/2020,IA-1343N,,MATTHEW Wagner,297462,NO,6,https://concesionarios.ocif.pr.gov/es/License/Index?LicenseTypeFilter=INVESTMENT+ADVISOR&Page=6&PageSize=100,2026-08-26T15:58:37+00:00,,,,,,,,unknown
89bdaaa20c22660848425052345802f9238699126b7a0a9f0715a49410a52c32,INVESTMENT ADVISOR,"Pacific Income Advisers, Inc.",,ACTIVA,1299 Ocean Ave Ste 210 Santa Monica CA 90401-1036,310-393-1424,08/26/1997,IA-0250N,,Thad M Brown,104719,NO,6,https://concesionarios.ocif.pr.gov/es/License/Index?LicenseTypeFilter=INVESTMENT+ADVISOR&Page=6&PageSize=100,2026-08-26T15:58:37+00:00,,,,,,,,unknown
3487156aea31f59fb8ee9969f0b4e61e134868b8a02621276c6ae056505937f1,INVESTMENT ADVISOR,Pacific Investment Management Company LLC,,ACTIVA,650 Newport Center Drive Newport Beach CA 92660,949-720-6000,02/18/2010,IA-0855N,,Jennifer Durham,104559,NO,6,https://concesionarios.ocif.pr.gov/es/License/Index?LicenseTypeFilter=INVESTMENT+ADVISOR&Page=6&PageSize=100,2026-08-26T15:58:37+00:00,,,,,,,,unknown
8143876f6329d944b001ea76c3aedea84257435d003f6f95163c02cca97c0111,INVESTMENT ADVISOR,"Packerland Brokerage Services, INC.",,ACTIVA,432 Security BLVD. Ste. 101 Green Bay WI 54313-9709,1-920-662-9500,04/09/2026,IA-1800N,,Aaron A. Doelger,37031,NO,6,https://concesionarios.ocif.pr.gov/es/License/Index?LicenseTypeFilter=INVESTMENT+ADVISOR&Page=6&PageSize=100,2026-08-26T15:58:37+00:00,,,,,,,,unknown
3358c79beac17cc9b5f106f23f6e03b404ef834f1cef2667a1596cdb63cd071c,INVESTMENT ADVISOR,Palisade Capital Management LLC,,ACTIVA,1 Bridge Plaza N Suite 695 Fort Lee NJ 07024-7102,201-585-7733,01/22/2009,IA-0814N,,Bradley R Goldman,104581,NO,6,https://concesionarios.ocif.pr.gov/es/License/Index?LicenseTypeFilter=INVESTMENT+ADVISOR&Page=6&PageSize=100,2026-08-26T15:58:37+00:00,,,,,,,,unknown
c500523fd1ce77de35f2b4ecf53ab6b231220f8a5b6cfa3012709ecd9067f203,INVESTMENT ADVISOR,Palladiem LLC,,ACTIVA,7 Great Valley Parkway Suite 295 Malvern PA 19355,888-886-4122,11/21/2011,IA-0907N,,Jason M Ewasko,158989,NO,6,https://concesionarios.ocif.pr.gov/es/License/Index?LicenseTypeFilter=INVESTMENT+ADVISOR&Page=6&PageSize=100,2026-08-26T15:58:37+00:00,,,,,,,,unknown
b681d515dc029b212555adf3f1f24b8b7cd1b2b026eda091b96c6cf1e5790498,INVESTMENT ADVISOR,Palos Management Inc.,,ACTIVA,1 Place Ville Marie Suite 1670 Montreal Quebec H3B 2B6,514-397-0188,11/18/2021,IA-1463N,,Martin Picard,304309,NO,6,https://concesionarios.ocif.pr.gov/es/License/Index?LicenseTypeFilter=INVESTMENT+ADVISOR&Page=6&PageSize=100,2026-08-26T15:58:37+00:00,,,,,,,,unknown
041b27d1a143fa9cebbed539a5b596d5b00895b377324d8cde561cbdd12096de,INVESTMENT ADVISOR,Parametric,,ACTIVA,1918 Eigth Ave Suite 3100 Seattle WA 98101,206-694-5575,01/27/2006,IA-0667N,,Deborah Lamb,114310,NO,6,https://concesionarios.ocif.pr.gov/es/License/Index?LicenseTypeFilter=INVESTMENT+ADVISOR&Page=6&PageSize=100,2026-08-26T15:58:37+00:00,,,,,,,,unknown
f5a57808e90a5e05040283145044ddd4b9a427971fd3b9bf2076c2eb7d2a8b0e,INVESTMENT ADVISOR,Pariter Wealth Management Group LLC,,ACTIVA,243 Carretera #2 Guaynabo PR 00966-1915,787-781-2555,07/15/2019,IA-0784,,Eduardo Sotomayor,146622,NO,6,https://concesionarios.ocif.pr.gov/es/License/Index?LicenseTypeFilter=INVESTMENT+ADVISOR&Page=6&PageSize=100,2026-08-26T15:58:37+00:00,,,,,,,,unknown
ba4196ad7f873a10d4c62fbd882b8c5bf86c6d95e7d486f86e934d46bc5e4787,INVESTMENT ADVISOR,Park Avenue Securities LLC,,ACTIVA,10 Hudson Yards New York NY 10001,1-888-600-4567,11/03/2017,IA-1191N,,"Kenneth Goodall, Thomas Drogan",46173,NO,6,https://concesionarios.ocif.pr.gov/es/License/Index?LicenseTypeFilter=INVESTMENT+ADVISOR&Page=6&PageSize=100,2026-08-26T15:58:37+00:00,,,,,,,,unknown
a4511c3dade85564a8d8285661851f501d941849b44b0353656a7f01fc9771a8,INVESTMENT ADVISOR,"Park Edge Advisors, LLC",,ACTIVA,2360 W 11th ST Cleveland OH 44113,216-727-0144,05/01/2024,IA-1662N,,Richard W. Lowrie,317521,NO,6,https://concesionarios.ocif.pr.gov/es/License/Index?LicenseTypeFilter=INVESTMENT+ADVISOR&Page=6&PageSize=100,2026-08-26T15:58:37+00:00,,,,,,,,unknown
41d1e5f32ee6e61cb92393595f66540159481fe41fcee7615a8ecd5ce513eda6,INVESTMENT ADVISOR,"Parliament Capital Management, LLC",,ACTIVA,"1511 Ave. Ponce de León Ciudadela - Torre 1000, Suite 6A San Juan PR 00909",787-200-9004,05/20/2015,IA-1050N,,Wilnerys Alvarez Rivera,194513,NO,6,https://concesionarios.ocif.pr.gov/es/License/Index?LicenseTypeFilter=INVESTMENT+ADVISOR&Page=6&PageSize=100,2026-08-26T15:58:37+00:00,,,,,,,,unknown
8859b7141bc92c1d26c27c06322d2791150ce73a299150ba9bb4111fdc84161a,INVESTMENT ADVISOR,"Parrot Finance, Inc.",,ACTIVA,1022 Hildebrand Circle Folsom CA 95630,1-707-343-8594,04/22/2026,IA-1801N,,Nikki Varanasi,338169,NO,6,https://concesionarios.ocif.pr.gov/es/License/Index?LicenseTypeFilter=INVESTMENT+ADVISOR&Page=6&PageSize=100,2026-08-26T15:58:37+00:00,,,,,,,,unknown
a8731789c29d020c4ca27bc4f44eb75f5a32ed030887081789fe50b200904631,INVESTMENT ADVISOR,Pathstone,,ACTIVA,10 Sterling Blvd Suite 402 Englewood NJ 07631,201-944-7284,03/29/2024,IA-1657N,,Lisandra Wilmott,151736,NO,6,https://concesionarios.ocif.pr.gov/es/License/Index?LicenseTypeFilter=INVESTMENT+ADVISOR&Page=6&PageSize=100,2026-08-26T15:58:37+00:00,,,,,,,,unknown
5b016f57cbbb1292f0dd512d0ece6d60d6f570da70741b9d9cd0313af8e84893,INVESTMENT ADVISOR,"Pension Partners, LLC",,ACTIVA,103 De Diego Ave Apt. 1602N San Juan PR 00911,212-255-5000,02/19/2021,IA-1389,,Edward M. Dempsey,125772,NO,6,https://concesionarios.ocif.pr.gov/es/License/Index?LicenseTypeFilter=INVESTMENT+ADVISOR&Page=6&PageSize=100,2026-08-26T15:58:37+00:00,,,,,,,,unknown
9907b7acf306357390372d3e16aa880acc26fb57ae40d129f4daa763abfa2cdc,INVESTMENT ADVISOR,Pensionbee,,ACTIVA,209 Blackfriars Road London SE18NL,+44(0)20-3457-8444,03/31/2026,IA-1792N,,Matthew Ronald Cavanagh,331741,NO,6,https://concesionarios.ocif.pr.gov/es/License/Index?LicenseTypeFilter=INVESTMENT+ADVISOR&Page=6&PageSize=100,2026-08-26T15:58:37+00:00,,,,,,,,unknown
a1c4fa72cf352e65e29803b868e15754ee5cbb0b5b10227cc8b2268bac665642,INVESTMENT ADVISOR,Perini Capital,,ACTIVA,20645 North Pima Road Suite N-230 Scottsdale AZ 85255,575-725-1978,02/01/2022,IA-1484N,,Jesse Silver,158540,NO,6,https://concesionarios.ocif.pr.gov/es/License/Index?LicenseTypeFilter=INVESTMENT+ADVISOR&Page=6&PageSize=100,2026-08-26T15:58:37+00:00,,,,,,,,unknown
ec7906d4c807ededbe308da94aeb179c1dc1bcd0b294146175e558678764be91,INVESTMENT ADVISOR,Pesapeer Payments LLC,,ACTIVA,1309 Coffeen Avenue Ste 1200 Sheridan WY 82801,1-647-917-9714,,IA-1813,,Sarah Mirsky Terranova,801-136791,NO,6,https://concesionarios.ocif.pr.gov/es/License/Index?LicenseTypeFilter=INVESTMENT+ADVISOR&Page=6&PageSize=100,2026-08-26T15:58:37+00:00,,,,,,,,unknown
30b7c6bdda6e43f72d9d8a55f38103381c1a33387b80964c6a705b15db05b5c5,INVESTMENT ADVISOR,PFS Investments Inc.,,ACTIVA,1 Primerica Parkway Duluth GA 30099-0001,770-381-1000,05/06/2011,IA-0896N,,Daniel A. Woodring,10111,NO,6,https://concesionarios.ocif.pr.gov/es/License/Index?LicenseTypeFilter=INVESTMENT+ADVISOR&Page=6&PageSize=100,2026-08-26T15:58:37+00:00,,,,,,,,unknown
94c4c0075721fa2c74c985fe6790cc9108e019b5e8a2ee5b2f171fcdb190cf7e,INVESTMENT ADVISOR,PGIM Custom Harvest LLC,,ACTIVA,655 Broad Street Newark NJ 07102,888-778-5471,03/27/2023,IA-1573N,,Andrew (Drew) Donohue,290235,NO,6,https://concesionarios.ocif.pr.gov/es/License/Index?LicenseTypeFilter=INVESTMENT+ADVISOR&Page=6&PageSize=100,2026-08-26T15:58:37+00:00,,,,,,,,unknown
025670c765514601b1803839d66f523cdeda0bc528fedeb1f2bdae359606fd7d,INVESTMENT ADVISOR,"PGIM, Inc.",,ACTIVA,655 Broad St. Newark NJ 07102,973-367-6335,03/28/2019,IA-1288N,,Chad Alan Earnst,105676,NO,6,https://concesionarios.ocif.pr.gov/es/License/Index?LicenseTypeFilter=INVESTMENT+ADVISOR&Page=6&PageSize=100,2026-08-26T15:58:37+00:00,,,,,,,,unknown
6bb29b2ad3b168150547fb723a5011cb6a81673ba9122b494fbe0d0dc0e06d33,INVESTMENT ADVISOR,"Pinnacle Wealth Planning Services, Inc.",,ACTIVA,6 West 3rd St. Suite 100 Mansfield OH 44902,419-526-5226,03/09/2017,IA-1151N,,Jennifer Henderson,106817,NO,6,https://concesionarios.ocif.pr.gov/es/License/Index?LicenseTypeFilter=INVESTMENT+ADVISOR&Page=6&PageSize=100,2026-08-26T15:58:37+00:00,,,,,,,,unknown
5e235880745b0400e610dd6e3bd77f336924594e4aabd97806554264b837bfb4,INVESTMENT ADVISOR,Planmember Securities Corporation,,ACTIVA,6187 Carpinteria Avenue Carpinteria CA 93013,805-684-1199,03/28/2014,IA-1009N,,Daniel Murphy,11869,NO,6,https://concesionarios.ocif.pr.gov/es/License/Index?LicenseTypeFilter=INVESTMENT+ADVISOR&Page=6&PageSize=100,2026-08-26T15:58:37+00:00,,,,,,,,unknown
f72d6e7a99e418803290b630d42fdbc82fcc63d1029182c34b435acc6c77589c,INVESTMENT ADVISOR,Plante Moran Financial Advisors,,ACTIVA,27400 Northwestern Hwy Southfield MI 48034,248-352-2500,09/27/2018,IA-1252N,,Patrick J. Swarz,112158,NO,6,https://concesionarios.ocif.pr.gov/es/License/Index?LicenseTypeFilter=INVESTMENT+ADVISOR&Page=6&PageSize=100,2026-08-26T15:58:37+00:00,,,,,,,,unknown
865d3dfb0fca467bd9451e98ed6d1baee356bacd715c1a079cdfc7857b9e983e,INVESTMENT ADVISOR,Pleasant Lake Partners LLC,,ACTIVA,100 Carr 115 Unit 1900 Rincon PR 00677,804-363-4458,07/28/2023,IA-1602N,,Benjamin Cable,304281,NO,6,https://concesionarios.ocif.pr.gov/es/License/Index?LicenseTypeFilter=INVESTMENT+ADVISOR&Page=6&PageSize=100,2026-08-26T15:58:37+00:00,,,,,,,,unknown
fc1d0b25c55b2baca6fa8580e7288ffadca7a6894bc2fa2d03a40d65433799ac,INVESTMENT ADVISOR,PNC Capital Advisors LLC,,ACTIVA,One E Pratt St 5th Fl East Baltimore MD 21202,410-237-5683,10/27/2009,IA-0842N,,Michael Donahoe,151829,NO,6,https://concesionarios.ocif.pr.gov/es/License/Index?LicenseTypeFilter=INVESTMENT+ADVISOR&Page=6&PageSize=100,2026-08-26T15:58:37+00:00,,,,,,,,unknown
09eafc137231a63d6c93743238ebf11b777c2b5f4ea165326fe5ffeadbcd78ea,INVESTMENT ADVISOR,PNC Wealth Management LLC,,ACTIVA,300 Fifth Avenue 26th Floor Pittsburgh PA 15222,800-762-6111,03/04/2022,IA-1492N,,"Sean Flynn, Nicholas Morinigo",129052,NO,6,https://concesionarios.ocif.pr.gov/es/License/Index?LicenseTypeFilter=INVESTMENT+ADVISOR&Page=6&PageSize=100,2026-08-26T15:58:37+00:00,,,,,,,,unknown
cc7e756520e595945d73f4e87d6a6c9b6cbd6bba6da53b217c628c388a259513,INVESTMENT ADVISOR,"Polen Capital Management, LLC",,ACTIVA,2700 N. Military Trail Suite 230 Boca Raton FL 33431,561-241-2425,03/30/2012,IA-0919N,,Stanley C. Moss,106093,NO,6,https://concesionarios.ocif.pr.gov/es/License/Index?LicenseTypeFilter=INVESTMENT+ADVISOR&Page=6&PageSize=100,2026-08-26T15:58:37+00:00,,,,,,,,unknown
c15e1e0a276ad0124cfa9e0a33dfa7c2cccfb349957064c64ea3913b6a2d39d7,INVESTMENT ADVISOR,Popular Asset Management LLC,,ACTIVA,"Popular Center North Building, 4th FL 209 Muñoz Rivera Ave. San Juan PR 00918",787-754-4488,04/22/2021,IA-1396N,,José Armando Chang,313653,NO,6,https://concesionarios.ocif.pr.gov/es/License/Index?LicenseTypeFilter=INVESTMENT+ADVISOR&Page=6&PageSize=100,2026-08-26T15:58:37+00:00,,,,,,,,unknown
97041231856bfa7406c93408cb49de7fb0ad257fbde200f34a090b8a9fe4af30,INVESTMENT ADVISOR,"Popular Securities, LLC.",,ACTIVA,208 Avenue Ponce De Leon Popular Center Suite 1200 San Juan PR 00918-1035,787-758-7400,11/30/2000,IA-0377N,,"Jaime Toro Lavergne, Rosa Colon",8096,NO,6,https://concesionarios.ocif.pr.gov/es/License/Index?LicenseTypeFilter=INVESTMENT+ADVISOR&Page=6&PageSize=100,2026-08-26T15:58:37+00:00,,,,,,,,unknown
c8a1ff8c3990a89b139212b733a5b15715455d50e8002d4d0a48913739023547,INVESTMENT ADVISOR,PPM America Inc.,,ACTIVA,225 West Wacker Drive Suite 1200 Chicago IL 60606,312-634-2500,03/29/2018,IA-1227N,,Thomas Barrus,107269,NO,6,https://concesionarios.ocif.pr.gov/es/License/Index?LicenseTypeFilter=INVESTMENT+ADVISOR&Page=6&PageSize=100,2026-08-26T15:58:37+00:00,,,,,,,,unknown
ef9889ee6f3c75c1cb4bc230a205b24dbe7a5cccefa6dca064807e143fcc6c5a,INVESTMENT ADVISOR,Praetorian PR LLC,,ACTIVA,"Carr. 429, K.M. 4.1 Bo. Barrero Rincon PR 00677",786-453-9366,11/14/2022,IA-1548N,,Paul Zavaliy,323280,NO,6,https://concesionarios.ocif.pr.gov/es/License/Index?LicenseTypeFilter=INVESTMENT+ADVISOR&Page=6&PageSize=100,2026-08-26T15:58:37+00:00,,,,,,,,unknown
66faefb1d9faa86bbdfc4a8faa2e1de9aa4c173ea6158b908fb05d385def12b6,INVESTMENT ADVISOR,"Prime Capital Investment Advisors, LLC",,ACTIVA,6201 College Blvd. 7th Floor Overland Park KS 66211,800-493-6226,05/25/2021,IA-1428N,,Anthony Elliot Woodard,288712,NO,6,https://concesionarios.ocif.pr.gov/es/License/Index?LicenseTypeFilter=INVESTMENT+ADVISOR&Page=6&PageSize=100,2026-08-26T15:58:37+00:00,,,,,,,,unknown
3cb10d1920749ea9547260ba86a4df787e04a8399b5b4c9382a5c225405d80be,INVESTMENT ADVISOR,"Principal Global Investors, LLC",,ACTIVA,801 Grand Ave Des Moines IA 50392,800-533-1390,01/23/2006,IA-0665N,,Jeffrey Hiller,109002,NO,6,https://concesionarios.ocif.pr.gov/es/License/Index?LicenseTypeFilter=INVESTMENT+ADVISOR&Page=6&PageSize=100,2026-08-26T15:58:37+00:00,,,,,,,,unknown
37f992ec4265598d4aae445fc24293d3266cbdf075d8e1994b41a96f24c277c1,INVESTMENT ADVISOR,Principal Real Estate,,ACTIVA,801 Gand Ave Des Moines IA 50392-0001,1-800-533-1390,02/08/2006,IA-0669N,,Justin Thomas Lange,109008,NO,6,https://concesionarios.ocif.pr.gov/es/License/Index?LicenseTypeFilter=INVESTMENT+ADVISOR&Page=6&PageSize=100,2026-08-26T15:58:37+00:00,,,,,,,,unknown
7ff011043ac0d8ce799af48008f14cc6146cf6221cb3a769e10ba051efedff04,INVESTMENT ADVISOR,"Private Advisor Group, LLC",,ACTIVA,65 Madison Avenue Suite 300 Morristown NJ 07960,973-538-7010,05/21/2015,IA-1074N,,Patrick Sullivan,155216,NO,6,https://concesionarios.ocif.pr.gov/es/License/Index?LicenseTypeFilter=INVESTMENT+ADVISOR&Page=6&PageSize=100,2026-08-26T15:58:37+00:00,,,,,,,,unknown
c4beddd9cecd1ebb9beb6ad3faf8dbd695e3a6031f7ecc6aff4d735bb5a952af,INVESTMENT ADVISOR,"Pronvest, Inc.",,ACTIVA,1110 Market Street Suite 402 Chattanooga TN 37402,423-648-1876,03/27/2019,IA-1284N,,Vickie Lynn Aragon,119081,NO,6,https://concesionarios.ocif.pr.gov/es/License/Index?LicenseTypeFilter=INVESTMENT+ADVISOR&Page=6&PageSize=100,2026-08-26T15:58:37+00:00,,,,,,,,unknown
1f878804d80d5bb8a7d32de6d608259cfe31ef529864561cecac02309d2ae7ed,INVESTMENT ADVISOR,"Prospera Financial Services, Inc.",,ACTIVA,5429 LBJ Freeway Suite 400 Dallas TX 75240,972-581-3000,09/25/2015,IA-1084N,,"Kate Wingate, Abel García",10740,NO,6,https://concesionarios.ocif.pr.gov/es/License/Index?LicenseTypeFilter=INVESTMENT+ADVISOR&Page=6&PageSize=100,2026-08-26T15:58:37+00:00,,,,,,,,unknown
a02aefc57c77afb122110e3e67dd980e5d0dc6dc7bdebe18cf6ab2d339b101a5,INVESTMENT ADVISOR,Prudential Financial Planning Services,,ACTIVA,751 Broad Street Newark NJ 07102-3777,800-201-6690,03/31/2021,IA-1414N,,"Irene Santiago, Frank Todd Ingraham",5685,NO,6,https://concesionarios.ocif.pr.gov/es/License/Index?LicenseTypeFilter=INVESTMENT+ADVISOR&Page=6&PageSize=100,2026-08-26T15:58:37+00:00,,,,,,,,unknown
23df59209936ba0c10f8976cf7665028dcb0aeb3773762e43ae3cce636ba604b,INVESTMENT ADVISOR,Public Advisors LLC,,ACTIVA,6 Harrison St 5th Floor New York NY 10013,212-401-6946,02/04/2025,IA-1705N,,Prashant Yerramalli,318234,NO,6,https://concesionarios.ocif.pr.gov/es/License/Index?LicenseTypeFilter=INVESTMENT+ADVISOR&Page=6&PageSize=100,2026-08-26T15:58:37+00:00,,,,,,,,unknown
6e5d10059a972f85c0028a8c43c1a629575902229a5ec494f4061543b0f0e85f,INVESTMENT ADVISOR,"Putnam Investment Management, LLC",,ACTIVA,100 Federal St Boston MA 02110,617-292-1000,10/20/2020,IA-1373N,,James F. Clark,106629,NO,6,https://concesionarios.ocif.pr.gov/es/License/Index?LicenseTypeFilter=INVESTMENT+ADVISOR&Page=6&PageSize=100,2026-08-26T15:58:37+00:00,,,,,,,,unknown
1f7143ec77a16d90ac45b50a8833297740e428708a1c574b4411198ea653923b,INVESTMENT ADVISOR,"Qapital Invest, LLC",,ACTIVA,245 Fifth Avenue Suite 1610 New York NY 10016-8748,973-207-0898,03/14/2019,IA-1278N,,Paul Wigdor,283762,NO,6,https://concesionarios.ocif.pr.gov/es/License/Index?LicenseTypeFilter=INVESTMENT+ADVISOR&Page=6&PageSize=100,2026-08-26T15:58:37+00:00,,,,,,,,unknown
6bb04f39f6a2bca2abb36f01d66d72efbb09f2f95a33fb9a40fb4f08080f7a66,INVESTMENT ADVISOR,"QRG Capital Management, Inc.",,ACTIVA,35 East Wacker Drive Suite 2400 Chicago IL 60601,312-827-2800,02/18/2020,IA-1328N,,David Hein,305277,NO,6,https://concesionarios.ocif.pr.gov/es/License/Index?LicenseTypeFilter=INVESTMENT+ADVISOR&Page=6&PageSize=100,2026-08-26T15:58:37+00:00,,,,,,,,unknown
7139b92365903cd9f16114d463227989093422c34bc78d63765284c3da0ddc39,INVESTMENT ADVISOR,Quantinno Capital Management LP,,ACTIVA,66 Hudson BLVD E 24th Floor New York NY 10001-2272,212-313-9431,03/31/2025,IA-1719N,,Ross Bogatch,298733,NO,6,https://concesionarios.ocif.pr.gov/es/License/Index?LicenseTypeFilter=INVESTMENT+ADVISOR&Page=6&PageSize=100,2026-08-26T15:58:37+00:00,,,,,,,,unknown
bfc8e38af0a6e96c2d6c36115fbc3cbc1670c49650200166cee3ef601c8eacc5,INVESTMENT ADVISOR,"Ramirez Asset Management, Inc.",,ACTIVA,61 Broadway Suite 2920 New York NY 10006,212-248-0500,02/24/2011,IA-0421N,,Peter Sigismondi,110637,NO,6,https://concesionarios.ocif.pr.gov/es/License/Index?LicenseTypeFilter=INVESTMENT+ADVISOR&Page=6&PageSize=100,2026-08-26T15:58:37+00:00,,,,,,,,unknown
4d498fc245a0a0a1a743d797b9c8ae55b12177eac227296266434e1805596edc,INVESTMENT ADVISOR,"Rational Advisors, Inc.",,ACTIVA,53 Calle Las Palmeras St Suite 601 San Juan PR 00901,787-334-1781,03/29/2023,IA-1578N,,Robert D. Glass,111452,NO,6,https://concesionarios.ocif.pr.gov/es/License/Index?LicenseTypeFilter=INVESTMENT+ADVISOR&Page=6&PageSize=100,2026-08-26T15:58:37+00:00,,,,,,,,unknown
6f71f7884f452d494d10e24c8abac84f2b30c4b8ba96bfa1ec6760fa613ba738,INVESTMENT ADVISOR,Raymond James & Associates Inc.,,ACTIVA,880 Carillon Parkway St Petersburg FL 33716,727-567-1000,12/04/1984,IA-0037N,,"Minnie Whitmire, Rob Eckardt",705,NO,6,https://concesionarios.ocif.pr.gov/es/License/Index?LicenseTypeFilter=INVESTMENT+ADVISOR&Page=6&PageSize=100,2026-08-26T15:58:37+00:00,,,,,,,,unknown
faeb7408db95be05dc90b330e288df4753db713fbd0ad9442141c6daac0c0b0b,INVESTMENT ADVISOR,"Raymond James Financial Services Advisors, Inc.",,ACTIVA,880 Carillon Parkway Saint Petersburg FL 33716,727-567-3072,12/23/2008,IA-0810N,,Jason Thackeray,149018,NO,6,https://concesionarios.ocif.pr.gov/es/License/Index?LicenseTypeFilter=INVESTMENT+ADVISOR&Page=6&PageSize=100,2026-08-26T15:58:37+00:00,,,,,,,,unknown
5eaf0c03fc9187d7807fafda79e17251170bd600f05917786db28a2e21cbba2d,INVESTMENT ADVISOR,"RBC Capital Markets, LLC",,ACTIVA,3 World Financial Center 200 Vesey St New York NY 10281,212-858-7000,04/22/1998,IA-0276N,,"Roseann G Viscardi, Joseph D Fleming",31194,NO,6,https://concesionarios.ocif.pr.gov/es/License/Index?LicenseTypeFilter=INVESTMENT+ADVISOR&Page=6&PageSize=100,2026-08-26T15:58:37+00:00,,,,,,,,unknown
284f377ef895099471d9063bc7a239a432b7393a7625a863e815a409c3df0d61,INVESTMENT ADVISOR,RBC Global Asset Management (US) Inc.,,ACTIVA,50 S 6th St Suite 2350 Minneapolis MN 55402,612-376-7000,12/07/2000,IA-0380N,,Theresa S Alewine,107173,NO,6,https://concesionarios.ocif.pr.gov/es/License/Index?LicenseTypeFilter=INVESTMENT+ADVISOR&Page=6&PageSize=100,2026-08-26T15:58:37+00:00,,,,,,,,unknown
1f4567f20847e362a62a5c43b868406cae9dbe9f6325dcd5c98809c0158836b4,INVESTMENT ADVISOR,RBC Private Counsel (USA) Inc.,,ACTIVA,"155 Wellington Street West 17th Floor, RBC Centre Toronto, Ontario MSV 3K7",416-955-7782,01/26/2023,IA-1563N,,Annica Karlsson,109648,NO,6,https://concesionarios.ocif.pr.gov/es/License/Index?LicenseTypeFilter=INVESTMENT+ADVISOR&Page=6&PageSize=100,2026-08-26T15:58:37+00:00,,,,,,,,unknown
c8b11b8db7a92bb804ced918461ac2156c0e4ad6c2a08a3f4df749d1cab8b728,INVESTMENT ADVISOR,RE Advisers Corporation,,ACTIVA,4301 Wilson Blvd. Arlington VA 22203-1860,866-673-2299,07/10/2015,IA-1079N,,Danielle Sieverling,109845,NO,6,https://concesionarios.ocif.pr.gov/es/License/Index?LicenseTypeFilter=INVESTMENT+ADVISOR&Page=6&PageSize=100,2026-08-26T15:58:37+00:00,,,,,,,,unknown
4cceb0596da1d04ea43d88d6ee0367c932a09d0a8fef54f7a47e3b1f84b13581,INVESTMENT ADVISOR,"Regents Partners, LLC",,ACTIVA,954 Avenida Ponce De León Suite 205 San Juan PR 00907,925-261-8330,08/30/2024,IA-1683N,,Roger Mattew Tullis,322915,NO,6,https://concesionarios.ocif.pr.gov/es/License/Index?LicenseTypeFilter=INVESTMENT+ADVISOR&Page=6&PageSize=100,2026-08-26T15:58:37+00:00,,,,,,,,unknown
eed22043f237df1ecb6baa0f104d4df4780e7d1d5a59be1d3c0dda8f36faccc8,INVESTMENT ADVISOR,"Reinhart Partners, Inc.",,ACTIVA,1500 W Market St Suite 100 Mequon WI 53092,262-241-2020,04/12/2011,IA-0899N,,Sandra A King,106432,NO,6,https://concesionarios.ocif.pr.gov/es/License/Index?LicenseTypeFilter=INVESTMENT+ADVISOR&Page=6&PageSize=100,2026-08-26T15:58:37+00:00,,,,,,,,unknown
c77e1b189283d62a2c1c47acc6e7bc880279fb3f837f8664fc8543ea66351021,INVESTMENT ADVISOR,"Relative Sentiment Technologies, LLC",,ACTIVA,17 Urb Costa Verde Palmas Del Mar Humacao PR 00791,845-475-7905,02/09/2022,IA-1473N,,Raymond Micaletti,318050,NO,6,https://concesionarios.ocif.pr.gov/es/License/Index?LicenseTypeFilter=INVESTMENT+ADVISOR&Page=6&PageSize=100,2026-08-26T15:58:37+00:00,,,,,,,,unknown
5232bcca2f70fda8687c589052bad8f4bee2246aac8d5a2931e6d7e2d52938cb,INVESTMENT ADVISOR,Renaissance Investment Management,,ACTIVA,50 E Rivercenter Blvd Suite 1200 Covington KY 41011,513-723-4500,11/06/1995,IA-0211N,,Kevin J Patton,105916,NO,6,https://concesionarios.ocif.pr.gov/es/License/Index?LicenseTypeFilter=INVESTMENT+ADVISOR&Page=6&PageSize=100,2026-08-26T15:58:37+00:00,,,,,,,,unknown
1c63d09e5564c8641cde7a12cebe70a33b4e274e3238013c2fac24ff89e088f3,INVESTMENT ADVISOR,Resources Investment Advisors,,ACTIVA,11101 Switzer Road Suite 200 Overland Park KS 66210,877-742-2021,03/23/2017,IA-1156N,,Phillip J. Troyer,106766,NO,6,https://concesionarios.ocif.pr.gov/es/License/Index?LicenseTypeFilter=INVESTMENT+ADVISOR&Page=6&PageSize=100,2026-08-26T15:58:37+00:00,,,,,,,,unknown
95031ad32dd6c657aab6f8cffa335211024f7945277357eaf2eff96b413d9209,INVESTMENT ADVISOR,"Retirement Wealth Advisors, Inc.",,ACTIVA,89 Ionia Ave NW Suite 600 Grand Rapids MI 49503,616-667-2150,03/21/2017,IA-1154N,,Danielle Tyler,137658,NO,6,https://concesionarios.ocif.pr.gov/es/License/Index?LicenseTypeFilter=INVESTMENT+ADVISOR&Page=6&PageSize=100,2026-08-26T15:58:37+00:00,,,,,,,,unknown
48138fc11566a87f6edd1108654913a84168fd6055806e773ed8c40c90d9eb88,INVESTMENT ADVISOR,"Reynders, McVeigh Capital Management, LLC",,ACTIVA,121 High Street Suite 501 Boston MA 02110,617-226-9999,05/05/2015,IA-1070N,,Charlton Reynders III,137342,NO,6,https://concesionarios.ocif.pr.gov/es/License/Index?LicenseTypeFilter=INVESTMENT+ADVISOR&Page=6&PageSize=100,2026-08-26T15:58:37+00:00,,,,,,,,unknown
8774ed48f12c7279a91ce723030fb1962ed0eb8e6a2c822bdd88ab9fd958739c,INVESTMENT ADVISOR,RHO Prime,,ACTIVA,100 Crosby St New York NY 10012,855-743-8746,06/13/2022,IA-1526N,,Sebastian Morales,314581,NO,6,https://concesionarios.ocif.pr.gov/es/License/Index?LicenseTypeFilter=INVESTMENT+ADVISOR&Page=6&PageSize=100,2026-08-26T15:58:37+00:00,,,,,,,,unknown
5458d6a92416c22a957e1f780765e734b2ddaf0f5fbb502a81308b96c7a20ede,INVESTMENT ADVISOR,Rioblanco Capital LLC,,ACTIVA,1492 Avenida Ponce de Leon Suite 503 San Juan PR 00907,787-474-8338,08/21/2025,IA-1724N,,Olivier Gillier,325702,NO,6,https://concesionarios.ocif.pr.gov/es/License/Index?LicenseTypeFilter=INVESTMENT+ADVISOR&Page=6&PageSize=100,2026-08-26T15:58:37+00:00,,,,,,,,unknown
30e8b34ddf5fdd5b1d2d01b2acf2969ec6a28edaf659078b298d46b1d2988f63,INVESTMENT ADVISOR,RMB Capital Management,,ACTIVA,115 S. Lasalle 34th Floor Chicago IL 60603,312-993-5800,07/01/2016,IA-1122N,,Jennifer Rydwelski,134249,NO,6,https://concesionarios.ocif.pr.gov/es/License/Index?LicenseTypeFilter=INVESTMENT+ADVISOR&Page=6&PageSize=100,2026-08-26T15:58:37+00:00,,,,,,,,unknown
5134a0fa0ad92da4304742e8b983d499a65e6c7c3599994b5f260948ff728263,INVESTMENT ADVISOR,"Robert W. Baird & Co, Inc.",,ACTIVA,777 E Wisconsin Avenue Milwaukee WI 53202-5391,414-765-3500,10/09/1992,IA-0123N,,"Jeffry Freiburger, Angela Palmer",8158,NO,6,https://concesionarios.ocif.pr.gov/es/License/Index?LicenseTypeFilter=INVESTMENT+ADVISOR&Page=6&PageSize=100,2026-08-26T15:58:37+00:00,,,,,,,,unknown
c46f6db1a3b9b42693267cba818150291062bbe1ad810a9563f21613ffd04361,INVESTMENT ADVISOR,Rochdale Investment Management,,ACTIVA,570 Lexington Ave. 9th Floor New York NY 10022,212-702-3500,03/28/2012,IA-0915N,,Barbara Hawkesworth,117198,NO,6,https://concesionarios.ocif.pr.gov/es/License/Index?LicenseTypeFilter=INVESTMENT+ADVISOR&Page=6&PageSize=100,2026-08-26T15:58:37+00:00,,,,,,,,unknown
3749566a77c75a3932c6648b676b2857db9ea5298eef2f1b0a5185617f3f7e9b,INVESTMENT ADVISOR,Rockefeller Financial LLC,,ACTIVA,10 Rockefeller Plaza New York NY 10020,212-549-5396,10/12/2018,IA-1259N,,"Annah Kim Rosen, Annah K Rosen",291361,NO,6,https://concesionarios.ocif.pr.gov/es/License/Index?LicenseTypeFilter=INVESTMENT+ADVISOR&Page=6&PageSize=100,2026-08-26T15:58:37+00:00,,,,,,,,unknown
21bb50766c8b3c168a887bf4706343b57572ca8acfd15e5974a3af018ee60c32,INVESTMENT ADVISOR,Rothwell Investment Advisors,,ACTIVA,11A Derby Square Salem MA 01970,978-387-9997,07/29/2025,IA-1742N,,Barbara Maitland,337504,NO,6,https://concesionarios.ocif.pr.gov/es/License/Index?LicenseTypeFilter=INVESTMENT+ADVISOR&Page=6&PageSize=100,2026-08-26T15:58:37+00:00,,,,,,,,unknown
e19ebe8149df4e694230e22f73e9ad9c729ec6a895fbe9cc27f648e8aef3d1d5,INVESTMENT ADVISOR,RSM US Wealth Management LLC,,ACTIVA,801 Nicollet Mall Suite 1100 Minneapolis MN 55402,612-332-4300,07/29/2021,IA-1441N,,Lisa Marie Tamburini,111221,NO,6,https://concesionarios.ocif.pr.gov/es/License/Index?LicenseTypeFilter=INVESTMENT+ADVISOR&Page=6&PageSize=100,2026-08-26T15:58:37+00:00,,,,,,,,unknown
c70c30c2991f48277071c1e59ea8bf804a6b8a25cea953f014e39b1d1677ce94,INVESTMENT ADVISOR,"Ruane, Cunniff & Goldfarb L.P.",,ACTIVA,9 West 57th Street Suite 5000 New York NY 10019,212-832-5280,03/31/2018,IA-1235N,,Michael N. Slover,285971,NO,6,https://concesionarios.ocif.pr.gov/es/License/Index?LicenseTypeFilter=INVESTMENT+ADVISOR&Page=6&PageSize=100,2026-08-26T15:58:37+00:00,,,,,,,,unknown
2a409a4f0fc41f630e5008b11edc0aa67d75fbbfc056ad243f8dac7a16940b10,INVESTMENT ADVISOR,Rusell Investments,,ACTIVA,1301 Second avenue 18th Floor Seattle WA 98101,206-505-7877,03/28/2025,IA-1717N,,Amy Curran,105734,NO,6,https://concesionarios.ocif.pr.gov/es/License/Index?LicenseTypeFilter=INVESTMENT+ADVISOR&Page=6&PageSize=100,2026-08-26T15:58:37+00:00,,,,,,,,unknown
b591f563b448e64db81837553108fc705efe54c2bd99a39b343aeb39eb559e34,INVESTMENT ADVISOR,SA Stone Advisors Inc.,,ACTIVA,2 Perimeter Park South Suite 500 West Birmingham AL 35243,800-292-2411,12/19/2023,IA-1624N,,John F. Calvano,174182,NO,6,https://concesionarios.ocif.pr.gov/es/License/Index?LicenseTypeFilter=INVESTMENT+ADVISOR&Page=6&PageSize=100,2026-08-26T15:58:37+00:00,,,,,,,,unknown
fa42038abd98cd2848294333b6a3b02839653f0039245d9d0a3b38a0dbe2c5fa,INVESTMENT ADVISOR,Sage Advisory Services Ltd. Co.,,ACTIVA,"5900 Southwest Parkway Building 1, Suite 100 Austin TX 78735-6202",512-327-5530,03/25/2004,IA-0582N,,John R Slais,106236,NO,6,https://concesionarios.ocif.pr.gov/es/License/Index?LicenseTypeFilter=INVESTMENT+ADVISOR&Page=6&PageSize=100,2026-08-26T15:58:37+00:00,,,,,,,,unknown
9646911baab8522a159c8a0eb2ca1a42fb0098240828d3d95c3101f264fd89b8,INVESTMENT ADVISOR,"Sage Private Wealth Group, LLC",,ACTIVA,18W140 Butterfield Road Suite 1160 Oakbrook IL 60181,630-933-0000,02/08/2021,IA-1387N,,Khaled Awad Taha,173399,NO,6,https://concesionarios.ocif.pr.gov/es/License/Index?LicenseTypeFilter=INVESTMENT+ADVISOR&Page=6&PageSize=100,2026-08-26T15:58:37+00:00,,,,,,,,unknown
1b21aa026596563b8590f5a0db28a7251ccc5b85552060994e2553e4b8cca807,INVESTMENT ADVISOR,"Sageview Advisory Group, LLC",,ACTIVA,4000 Macarthur Blvd. Suite 1050 Newport Beach CA 92660,800-814-8742,03/29/2024,IA-1656N,,Sharina Merid,126777,NO,6,https://concesionarios.ocif.pr.gov/es/License/Index?LicenseTypeFilter=INVESTMENT+ADVISOR&Page=6&PageSize=100,2026-08-26T15:58:37+00:00,,,,,,,,unknown
745c8e0b5e7cc1cfd994f6777bd690d2548449ae84026afd4e50070d28ea61f5,INVESTMENT ADVISOR,Sagewood Asset Management LLC,,ACTIVA,70 W. Madison Street Suite 2400 Chicago IL 60602,312-368-1442,09/25/2015,IA-1087N,,Elizabeth Watkins,281548,NO,6,https://concesionarios.ocif.pr.gov/es/License/Index?LicenseTypeFilter=INVESTMENT+ADVISOR&Page=6&PageSize=100,2026-08-26T15:58:37+00:00,,,,,,,,unknown
f3706c6f357436a41889fbb9749630c0adc999e5126b311ca90604f7d37a55dc,INVESTMENT ADVISOR,"San Blas Advisory, Inc.",,ACTIVA,3424 Peachtree Road NE Suite 2200 Atlanta GA 30326,1-404-704-0406,05/28/2026,IA-1806N,,John Burton Rowoldt,296929,NO,6,https://concesionarios.ocif.pr.gov/es/License/Index?LicenseTypeFilter=INVESTMENT+ADVISOR&Page=6&PageSize=100,2026-08-26T15:58:37+00:00,,,,,,,,unknown
982dae2631e775bc9da671727c8217c716dcf72b36b82e171cfd37ce3df010ca,INVESTMENT ADVISOR,"Sanctuary Advisors, LLC",,ACTIVA,"250 W, 96th St. #300 Indianapolis IN 46260",317-633-1799,10/15/2019,IA-1318N,,Kevin Chase,226606,NO,6,https://concesionarios.ocif.pr.gov/es/License/Index?LicenseTypeFilter=INVESTMENT+ADVISOR&Page=6&PageSize=100,2026-08-26T15:58:37+00:00,,,,,,,,unknown
e326eb903556627c920acc0126d7349a68a88b446333e676b49acfae9b57b38f,INVESTMENT ADVISOR,Sanders Morris LLC,,ACTIVA,600 Travis Suite 5900 Houston TX 77002-3003,713-250-4222,05/26/2006,IA-0692N,,Steve Mangold,20580,NO,6,https://concesionarios.ocif.pr.gov/es/License/Index?LicenseTypeFilter=INVESTMENT+ADVISOR&Page=6&PageSize=100,2026-08-26T15:58:37+00:00,,,,,,,,unknown
a372a6c6f5609bbb37e537312c001d61629885fe71f56a493c6ce4329d4aa643,INVESTMENT ADVISOR,"Sands Capital Management, LLC",,ACTIVA,1101 Wilson Blvd Suite 2300 Arlington VA 22209,703-562-4000,11/04/2005,IA-0648N,,Lisa M Grozio,137610,NO,6,https://concesionarios.ocif.pr.gov/es/License/Index?LicenseTypeFilter=INVESTMENT+ADVISOR&Page=6&PageSize=100,2026-08-26T15:58:37+00:00,,,,,,,,unknown
5f756a7c0ab5548dcf62ad5e599b887dceda65e5c915501957088cc1cc8e7383,INVESTMENT ADVISOR,"Sands Capital Ventures, LLC",,ACTIVA,1000 Wilson Boulevard Suite 3000 Arlington VA 22209,703-562-4000,03/29/2021,IA-1400N,,Jonathan P. Goodman,155517,NO,6,https://concesionarios.ocif.pr.gov/es/License/Index?LicenseTypeFilter=INVESTMENT+ADVISOR&Page=6&PageSize=100,2026-08-26T15:58:37+00:00,,,,,,,,unknown
65cb1b76fd3bbbff9f12b85c6b64d93f90724a5cb805a9fd739c365641401220,INVESTMENT ADVISOR,"Sanford C. Bernstein & Co., LLC",,ACTIVA,1345 Avenue of the Americas New York NY 10105,212-969-1000,03/31/2011,IA-0895N,,"James D Lamke, Laurence H Bertan",104474,NO,6,https://concesionarios.ocif.pr.gov/es/License/Index?LicenseTypeFilter=INVESTMENT+ADVISOR&Page=6&PageSize=100,2026-08-26T15:58:37+00:00,,,,,,,,unknown
0e7fcef46a16094430956c85e00ebd93f4dd092344dc3d4b896ed9468d965568,INVESTMENT ADVISOR,Santander Securities LLC,,ACTIVA,2 Morrissey Boulevard Mail Code: MA1-MB2-03-17 Dorchester MA 02125,866-736-6475,09/24/1999,IA-0318N,,"Lawrence Carter, Lawrence Carter",41791,NO,6,https://concesionarios.ocif.pr.gov/es/License/Index?LicenseTypeFilter=INVESTMENT+ADVISOR&Page=6&PageSize=100,2026-08-26T15:58:37+00:00,,,,,,,,unknown
ad4c1500d214afddda30131737c6274488028d9fb4f167919b2f6cae50a17073,INVESTMENT ADVISOR,"Santiago Capital, LLC",,ACTIVA,20 Calle Washington #5A San Juan PR 00907,415-699-8972,10/13/2021,IA-1456N,,Brent Johnson,154579,NO,6,https://concesionarios.ocif.pr.gov/es/License/Index?LicenseTypeFilter=INVESTMENT+ADVISOR&Page=6&PageSize=100,2026-08-26T15:58:37+00:00,,,,,,,,unknown
b742d3fdda0e9beea1ab4842b16746f1eb724c6c5762c79db95f15aa078d9375,INVESTMENT ADVISOR,Saphire Citadel Capital (antes Select Private Wealth),,ACTIVA,749 Creekwater Terrace Apt. 213 Lake Mary FL 32746,407-421-5112,08/29/2024,IA-1672NS,,Gustavo Carlo Sánchez Nazario,331335,NO,6,https://concesionarios.ocif.pr.gov/es/License/Index?LicenseTypeFilter=INVESTMENT+ADVISOR&Page=6&PageSize=100,2026-08-26T15:58:37+00:00,,,,,,,,unknown
f6375906e4d4823e1b22c78e17968e7668cec95964091b10171084312e7187ac,INVESTMENT ADVISOR,Sarofim Fayez & Co.,,ACTIVA,Two Houston Center Suite 2907 Houston TX 77010-1014,713-654-4484,12/13/2001,IA-0454N,,Raye G White,106584,NO,6,https://concesionarios.ocif.pr.gov/es/License/Index?LicenseTypeFilter=INVESTMENT+ADVISOR&Page=6&PageSize=100,2026-08-26T15:58:37+00:00,,,,,,,,unknown
ade302c8dd2d944472121ddeb7dd9df8bf90b948354cebc15cce9d9e22e473b6,INVESTMENT ADVISOR,Savile Capital Management LLC,,ACTIVA,250 Munoz Rivera Suite 1420 San Juan PR 00918,787-763-5868,04/01/2026,IA-1796N,,David A Wasitowski,337692,NO,6,https://concesionarios.ocif.pr.gov/es/License/Index?LicenseTypeFilter=INVESTMENT+ADVISOR&Page=6&PageSize=100,2026-08-26T15:58:37+00:00,,,,,,,,unknown
13a038edadf33bdfbf6837c667d7e02d2a9b03657929811e6d2790da58f133d1,INVESTMENT ADVISOR,"SB Advisory, LLC",,ACTIVA,3424 Peachtree Road NE Suite 2200 Atlanta GA 30326-1184,404-704-0406,01/02/2013,IA-0938N,,J. Thomas Sadler,154680,NO,6,https://concesionarios.ocif.pr.gov/es/License/Index?LicenseTypeFilter=INVESTMENT+ADVISOR&Page=6&PageSize=100,2026-08-26T15:58:37+00:00,,,,,,,,unknown
2fd44efa6f987c8079dbde816ea97781627af648670582bd2c5d85a415ec7af2,INVESTMENT ADVISOR,Schroder Investment Management North America Inc.,,ACTIVA,875 3rd Ave 22nd Fl New York NY 10022,212-641-3800,01/20/1999,IA-0294N,,"BARBARA BROOKE MANNING , Stephen M Detore",105820,NO,6,https://concesionarios.ocif.pr.gov/es/License/Index?LicenseTypeFilter=INVESTMENT+ADVISOR&Page=6&PageSize=100,2026-08-26T15:58:37+00:00,,,,,,,,unknown
2dd32233c733f80dcb93f8da952d69d6a988293fc3b7a491ac38a6e3219ad4ac,INVESTMENT ADVISOR,"Schwab Private Client Investment Advisory, Inc.",,ACTIVA,211 Main St San Francisco CA 94105,415-667-7000,12/09/2011,IA-0905N,,Barbara Armeli,159035,NO,6,https://concesionarios.ocif.pr.gov/es/License/Index?LicenseTypeFilter=INVESTMENT+ADVISOR&Page=6&PageSize=100,2026-08-26T15:58:37+00:00,,,,,,,,unknown
a194f31119ae00d0ffa4889872d95bc8166b72d9f3612798184223b4853b80cb,INVESTMENT ADVISOR,"Scout Investments, Inc.",,ACTIVA,928 Grand Blvd Kansas City MO 64106,816-860-7000,03/29/2010,IA-0863N,,Benjamin D Wisenfeld,111787,NO,6,https://concesionarios.ocif.pr.gov/es/License/Index?LicenseTypeFilter=INVESTMENT+ADVISOR&Page=6&PageSize=100,2026-08-26T15:58:37+00:00,,,,,,,,unknown
77408ca511721e86728e8fd2eae3e64b1d042605a82acaff8814234d265cdeae,INVESTMENT ADVISOR,Security Capital Research & Management Inc.,,ACTIVA,10 South Dearborn St Suite 1400 Chicago IL 60603,312-385-8320,03/04/2005,IA-0611N,,Nina D Mettelman,106201,NO,7,https://concesionarios.ocif.pr.gov/es/License/Index?LicenseTypeFilter=INVESTMENT+ADVISOR&Page=7&PageSize=100,2026-08-26T15:58:38+00:00,,,,,,,,unknown
929b43bba9e29ab648da916db0dd6e6562117ccce0c94f62d7e1877c951ca5dd,INVESTMENT ADVISOR,Segall Bryant & Hamill,,ACTIVA,840 W Madison St Suite 1900 Chicago Il 60661-2551,312-474-1222,03/31/2005,IA-0618N,,Paul A Lythberg,106505,NO,7,https://concesionarios.ocif.pr.gov/es/License/Index?LicenseTypeFilter=INVESTMENT+ADVISOR&Page=7&PageSize=100,2026-08-26T15:58:38+00:00,,,,,,,,unknown
73a4ed8f3e24ce65dcdb01f7e3ccf5b4afb0a33539b74791a2697a650f43ed8a,INVESTMENT ADVISOR,SEI Investments Management Corp.,,ACTIVA,One Freedom Valley Drive Oaks PA 19456,610-676-1000,07/29/2005,IA-0636N,,Laura Smolenski,105146,NO,7,https://concesionarios.ocif.pr.gov/es/License/Index?LicenseTypeFilter=INVESTMENT+ADVISOR&Page=7&PageSize=100,2026-08-26T15:58:38+00:00,,,,,,,,unknown
bf33ee423ea87cedeb09caa504bc296ec2a51bd1b979bda204b260e59b0a615b,INVESTMENT ADVISOR,SEIA,,ACTIVA,2121 Avenue of the Stars Suite 1600 Los Angeles CA 90067,310-712-2323,05/04/2016,IA-1118N,,Rachel L. Posner,108163,NO,7,https://concesionarios.ocif.pr.gov/es/License/Index?LicenseTypeFilter=INVESTMENT+ADVISOR&Page=7&PageSize=100,2026-08-26T15:58:38+00:00,,,,,,,,unknown
9d3f185d800770a622bbf84c03dff4b6d50c952343e8c2d14a62ca3e10044551,INVESTMENT ADVISOR,Select Advisory Group Inc.,,ACTIVA,322 De Diego Ave. Suite 202 San Juan PR 00920,787-969-3939,06/04/2009,IA-0829,,"Luis De Jesus Aponte, Ricardo Jose Goytia",150129,NO,7,https://concesionarios.ocif.pr.gov/es/License/Index?LicenseTypeFilter=INVESTMENT+ADVISOR&Page=7&PageSize=100,2026-08-26T15:58:38+00:00,,,,,,,,unknown
114b46a6cd0690b6d39ff4cecdbbeba83ada8093039b9564785001c5ccac8101,INVESTMENT ADVISOR,Sentinel Pension Advisors Inc.,,ACTIVA,100 Quannapowitt Pkwy Suite 300 Wakefield MA 01880,781-914-1450,04/06/2023,IA-1595N,,James M. Nestor,109901,NO,7,https://concesionarios.ocif.pr.gov/es/License/Index?LicenseTypeFilter=INVESTMENT+ADVISOR&Page=7&PageSize=100,2026-08-26T15:58:38+00:00,,,,,,,,unknown
e582e3527eb42885c204864ad5810cd297bd5f8cb72dd180788f2e52c76ee445,INVESTMENT ADVISOR,"Sequoia Financial Advisors, L.L.C.",,ACTIVA,3500 Embassy Parkway Akron OH 44333,330-375-9480,03/21/2024,IA-1651N,,Mattew Dunn,117756,NO,7,https://concesionarios.ocif.pr.gov/es/License/Index?LicenseTypeFilter=INVESTMENT+ADVISOR&Page=7&PageSize=100,2026-08-26T15:58:38+00:00,,,,,,,,unknown
7b8735ea7d3c3d820cb6aad5150075b247bef28dc4866eb937ef14ed58c86e01,INVESTMENT ADVISOR,Sharebuilder 401K,,ACTIVA,801 Second Ave Suite 1400 Seattle WA 98104,1-425-213-9035,06/08/2026,IA-1808N,,Stuart Robertson,300537,NO,7,https://concesionarios.ocif.pr.gov/es/License/Index?LicenseTypeFilter=INVESTMENT+ADVISOR&Page=7&PageSize=100,2026-08-26T15:58:38+00:00,,,,,,,,unknown
5e24532bb191aa82fa722f51166a4998896e1a3f69bfcbdb012ac2ad99c10487,INVESTMENT ADVISOR,"Shufro, Rose & Co., LLC",,ACTIVA,745 Fifth Ave Suite 2600 New York NY 10151-2600,212-754-5100,07/08/1998,IA-0280N,,"Harvey Moy, Myles Edwards",3403,NO,7,https://concesionarios.ocif.pr.gov/es/License/Index?LicenseTypeFilter=INVESTMENT+ADVISOR&Page=7&PageSize=100,2026-08-26T15:58:38+00:00,,,,,,,,unknown
e39d414aad9ead8d178646203b8a4801994670a5e9656514e1a68b22c6a0f169,INVESTMENT ADVISOR,Sigfig Wealth Management LLC,,ACTIVA,1663 Mission Street 250 San Francisco CA 94103,415-558-9611,01/14/2014,IA-1000N,,J. Niel Armstrong,158823,NO,7,https://concesionarios.ocif.pr.gov/es/License/Index?LicenseTypeFilter=INVESTMENT+ADVISOR&Page=7&PageSize=100,2026-08-26T15:58:38+00:00,,,,,,,,unknown
845817ab92db5f123011f6bc5793bd85521e7b1cd874ddcc27c3b9bce85169b6,INVESTMENT ADVISOR,"Signature Investment Advisors, LLC",,ACTIVA,2121 Ave. of the Stars Suite 1600 Los Angeles CA 90067-5040,310-712-2323,03/27/2013,IA-0956N,,Rachel L. Posner,160715,NO,7,https://concesionarios.ocif.pr.gov/es/License/Index?LicenseTypeFilter=INVESTMENT+ADVISOR&Page=7&PageSize=100,2026-08-26T15:58:38+00:00,,,,,,,,unknown
0607eee5d4284344399605304259eeac237a991ccbba3046f680fe57eea51399,INVESTMENT ADVISOR,"Silver Point Capital, L.P.",,ACTIVA,Two Greenwich Plaza First Floor Greenwich CT 06830-6353,203-542-4200,03/31/2021,IA-1410N,,Steven Weiser,157738,NO,7,https://concesionarios.ocif.pr.gov/es/License/Index?LicenseTypeFilter=INVESTMENT+ADVISOR&Page=7&PageSize=100,2026-08-26T15:58:38+00:00,,,,,,,,unknown
bed4a9ead40fac246fa1af6135fd94852df51fcdf7d595327cd315ea24decd3a,INVESTMENT ADVISOR,"Silver Point Private Credit Fund Management, LLC",,ACTIVA,Two Greewich Plaza First Floor Greenwich CT 06830-6353,203-542-4200,01/14/2026,IA-1764N,,James Kasmarcik,332374,NO,7,https://concesionarios.ocif.pr.gov/es/License/Index?LicenseTypeFilter=INVESTMENT+ADVISOR&Page=7&PageSize=100,2026-08-26T15:58:38+00:00,,,,,,,,unknown
209dd6a09d701d979916d204061a14e9b796789557044f1a6d312fb0d5666f19,INVESTMENT ADVISOR,"Silver Point Specialty Credit Fund Management, LLC",,ACTIVA,Two Greenwich Plaza First Floor Greenwich CT 06830-6353,203-542-4200,11/05/2021,IA-1455N,,Steven Weiser,317225,NO,7,https://concesionarios.ocif.pr.gov/es/License/Index?LicenseTypeFilter=INVESTMENT+ADVISOR&Page=7&PageSize=100,2026-08-26T15:58:38+00:00,,,,,,,,unknown
b56d6e25a37ca7dfe8b4a3510c464572515fc61d0085be569336ff188fc22a61,INVESTMENT ADVISOR,"SIO Capital Management, LLC",,ACTIVA,600 Third Avenue 2nd Floor New York NY 10016,212-601-9786,01/13/2021,IA-1382N,,Judah Drillick,165989,NO,7,https://concesionarios.ocif.pr.gov/es/License/Index?LicenseTypeFilter=INVESTMENT+ADVISOR&Page=7&PageSize=100,2026-08-26T15:58:38+00:00,,,,,,,,unknown
2e3dadc4ab4149d43678c864932abab089c14eb5812ef4095d4b52cf50ddb0e3,INVESTMENT ADVISOR,Slavic Mutual Funds Management Corp.,,ACTIVA,1075 Broken Sound Parkway NW Suite 100 Boca Ratón FL 33487-3540,561-241-9244,03/30/2018,IA-1234N,,John J. Slavic,113833,NO,7,https://concesionarios.ocif.pr.gov/es/License/Index?LicenseTypeFilter=INVESTMENT+ADVISOR&Page=7&PageSize=100,2026-08-26T15:58:38+00:00,,,,,,,,unknown
cc5c48033e8ea095b9d99b82b3408592ddfa8a5d2de5cbd04437b49d9ea72991,INVESTMENT ADVISOR,SLP Wealth,,ACTIVA,1011 S Hamilton Rd Suite 300 Chapel Hill NC 27517,314-301-8219,06/09/2023,IA-1599N,,Travis Hornsby,325631,NO,7,https://concesionarios.ocif.pr.gov/es/License/Index?LicenseTypeFilter=INVESTMENT+ADVISOR&Page=7&PageSize=100,2026-08-26T15:58:38+00:00,,,,,,,,unknown
07d5384611fadd5889b843a34f34563cfbfc175f01c04e9843e545eafed13b4c,INVESTMENT ADVISOR,Snowden Capital Advisors LLC,,ACTIVA,540 Madison Ave. Floor 9 New York NY 10022,646-218-9760,03/31/2023,IA-1590N,,Richard West,157299,NO,7,https://concesionarios.ocif.pr.gov/es/License/Index?LicenseTypeFilter=INVESTMENT+ADVISOR&Page=7&PageSize=100,2026-08-26T15:58:38+00:00,,,,,,,,unknown
53e7550ba0188fdaad1ccbcb3488d68de39498b28a9a6ed0e614cf13cc715293,INVESTMENT ADVISOR,"SNW Asset Management, LLC",,ACTIVA,2001 Sixth Ave. Suite 2310 Seattle WA 98121,1-866-769-2773,05/03/2017,IA-1169N,,Mary Ann Picciotto,154461,NO,7,https://concesionarios.ocif.pr.gov/es/License/Index?LicenseTypeFilter=INVESTMENT+ADVISOR&Page=7&PageSize=100,2026-08-26T15:58:38+00:00,,,,,,,,unknown
8d5ffbae248c6e17fd4b65071d71f7aab5853e86ac0c1e6399ca8b45f8bb82a4,INVESTMENT ADVISOR,Socio-Económico,,ACTIVA,W28 Yosemite St. Urb. Park Gardens San Juan PR 00926,787-382-6871,04/15/2025,IA-1697,,Carlos J. Vega Plaza,333104,NO,7,https://concesionarios.ocif.pr.gov/es/License/Index?LicenseTypeFilter=INVESTMENT+ADVISOR&Page=7&PageSize=100,2026-08-26T15:58:38+00:00,,,,,,,,unknown
8db907460f4c4cebab1a3d069ec2cc82391a3b0feff62459d4a3be2ab4756b41,INVESTMENT ADVISOR,"Sofinnova Investments, Inc.",,ACTIVA,3000 Sand Hill Road 4-250 Menlo Park CA 94025,650-681-8420,03/15/2024,IA-1636N,,James D Brody,160297,NO,7,https://concesionarios.ocif.pr.gov/es/License/Index?LicenseTypeFilter=INVESTMENT+ADVISOR&Page=7&PageSize=100,2026-08-26T15:58:38+00:00,,,,,,,,unknown
88be68800a30eb3c883838085cc7132c3d031b1c0d742f43d6c56fc7f190d0e5,INVESTMENT ADVISOR,Sollinda Capital Management LLC,,ACTIVA,"1111 Brickell Ave 10th Floor, Suite 68 Miami FL 33131",828-455-4264,11/18/2024,IA-1690N,,Jared Calvert,321742,NO,7,https://concesionarios.ocif.pr.gov/es/License/Index?LicenseTypeFilter=INVESTMENT+ADVISOR&Page=7&PageSize=100,2026-08-26T15:58:38+00:00,,,,,,,,unknown
26af3eb844727affadd06ba38258fca4b458e62e1e959f234a1e69e2ea8ececd,INVESTMENT ADVISOR,"Southwestern Investment Advisory Services, Inc.",,ACTIVA,801 Crescent Centre Drive Suite 600 Franklin TN 37067,615-861-6100,12/14/2020,IA-1375N,,Deborah Jenkins,283515,NO,7,https://concesionarios.ocif.pr.gov/es/License/Index?LicenseTypeFilter=INVESTMENT+ADVISOR&Page=7&PageSize=100,2026-08-26T15:58:38+00:00,,,,,,,,unknown
c37c4ea44b0de9b2801a9b81f6fc5700bcd545cfbd58d2f53e1f729f56f29525,INVESTMENT ADVISOR,Sowell Management,,ACTIVA,5320 Northshore Drive North Little Rock AR 72118,501-219-2434,05/19/2020,IA-1348N,,Rod Kresge,127145,NO,7,https://concesionarios.ocif.pr.gov/es/License/Index?LicenseTypeFilter=INVESTMENT+ADVISOR&Page=7&PageSize=100,2026-08-26T15:58:38+00:00,,,,,,,,unknown
83baa7d120f8ba476f592015bdce575d0e9756c451e9e10077441a7719a8e990,INVESTMENT ADVISOR,SPC,,ACTIVA,300 Parkland Plaza Ann Arbor MI 48103,734-663-1611,01/17/2002,IA-0461N,,John McClellan,110692,NO,7,https://concesionarios.ocif.pr.gov/es/License/Index?LicenseTypeFilter=INVESTMENT+ADVISOR&Page=7&PageSize=100,2026-08-26T15:58:38+00:00,,,,,,,,unknown
37c845d95c126dc8c2334e1bc10591dd09abe6025ddf9b340fb4a104b3cc3923,INVESTMENT ADVISOR,"Spectrum Asset Management, Inc.",,ACTIVA,2 High Ridge Park Stamford CT 06905,203-322-0189,01/02/2020,IA-1325N,,Joseph A. Hanczor,300463,NO,7,https://concesionarios.ocif.pr.gov/es/License/Index?LicenseTypeFilter=INVESTMENT+ADVISOR&Page=7&PageSize=100,2026-08-26T15:58:38+00:00,,,,,,,,unknown
511487168eb3bdf36915a9083bb22699b8f4c38591ad2ada8cdf3de8d58405c2,INVESTMENT ADVISOR,"Spiderrock Advisors, LLC",,ACTIVA,300 South Wacker Drive Suite 2840 Chicago IL 60606,312-847-0300,03/28/2024,IA-1649N,,E. Bruce Mumford,171992,NO,7,https://concesionarios.ocif.pr.gov/es/License/Index?LicenseTypeFilter=INVESTMENT+ADVISOR&Page=7&PageSize=100,2026-08-26T15:58:38+00:00,,,,,,,,unknown
7b9c05025fbb4ef9e4657e8ffe926597a358ba7103172783b22ed2e41ef49baf,INVESTMENT ADVISOR,"Spire Wealth Management, LLC",,ACTIVA,7901 Jones Branch Dr. Suite 810 Mclean VA 22102,703-657-6060,03/30/2022,IA-1509N,,Sue Mckeown,113908,NO,7,https://concesionarios.ocif.pr.gov/es/License/Index?LicenseTypeFilter=INVESTMENT+ADVISOR&Page=7&PageSize=100,2026-08-26T15:58:38+00:00,,,,,,,,unknown
0ee9f2195d12a5cbc0bbf706e389afca510d9012d49c002abe07e2c4fcc19544,INVESTMENT ADVISOR,Sprott Asset Management USA Inc.,,ACTIVA,1910 Palomar Point Way Suite 200 Carlsbad CA 92008,760-444-5254,02/15/2006,IA-0670N,,Thomas W Ulrich,139022,NO,7,https://concesionarios.ocif.pr.gov/es/License/Index?LicenseTypeFilter=INVESTMENT+ADVISOR&Page=7&PageSize=100,2026-08-26T15:58:38+00:00,,,,,,,,unknown
55263e742ed55a2ff8a12502967c67f820235c7e25fbf7b266a1923f5165b32c,INVESTMENT ADVISOR,"Stadion Money Management, LLC",,ACTIVA,1061 Cliff Dawson Rd Watkinsville GA 30677,706-583-5144,03/30/2015,IA-1057N,,Michael Isaac,112608,NO,7,https://concesionarios.ocif.pr.gov/es/License/Index?LicenseTypeFilter=INVESTMENT+ADVISOR&Page=7&PageSize=100,2026-08-26T15:58:38+00:00,,,,,,,,unknown
0ffa6d1bc8867e39722e3ec6ea428ada572b18035a29bb87b0986e4bf93577e4,INVESTMENT ADVISOR,"Stansberry Asset Management, LLC",,ACTIVA,420 Lexington Avenue Suite 2216 New York NY 10017,646-854-4370,03/29/2023,IA-1581N,,Jeffrey Sargent,282103,NO,7,https://concesionarios.ocif.pr.gov/es/License/Index?LicenseTypeFilter=INVESTMENT+ADVISOR&Page=7&PageSize=100,2026-08-26T15:58:38+00:00,,,,,,,,unknown
21fcafa1226098801900b00b815c3ec443897ba14a6ff742f370e98ef2ac11a3,INVESTMENT ADVISOR,Stashinvest,,ACTIVA,44 West 28th Street #1408 New York NY 10001,212-313-9547,02/19/2016,IA-1103N,,Brandon Krieg,226550,NO,7,https://concesionarios.ocif.pr.gov/es/License/Index?LicenseTypeFilter=INVESTMENT+ADVISOR&Page=7&PageSize=100,2026-08-26T15:58:38+00:00,,,,,,,,unknown
42bfba4a0804ae1795470dd14aab57763774ce7751bec70d630285bfafb35014,INVESTMENT ADVISOR,"Steel Peak Wealth Management, LLC",,ACTIVA,21650 Oxnard Street Suite 2300 Woodland Hills CA 91367,818-835-8720,04/23/2021,IA-1420N,,Steven Schneider,165168,NO,7,https://concesionarios.ocif.pr.gov/es/License/Index?LicenseTypeFilter=INVESTMENT+ADVISOR&Page=7&PageSize=100,2026-08-26T15:58:38+00:00,,,,,,,,unknown
f672734600f453ca5e7a23cde4b7245acf648b19e04b93ca31207e03cdc0f9c2,INVESTMENT ADVISOR,Sterling Labs,,ACTIVA,1501 Filbert St San Francisco CA 94123,1-347-924-2009,07/20/2026,IA-1820N,,Alekper Safarov,339681,NO,7,https://concesionarios.ocif.pr.gov/es/License/Index?LicenseTypeFilter=INVESTMENT+ADVISOR&Page=7&PageSize=100,2026-08-26T15:58:38+00:00,,,,,,,,unknown
9485ae55c8763d1c981e73c1bd81d0fabb22dcf05a15f1cb1496023f075296b0,INVESTMENT ADVISOR,"Steward Partners Investment Advisory, LLC",,ACTIVA,140 E. 45th Street 36th Floor New York NY 10017,212-364-0364,03/31/2022,IA-1516N,,Corinne Moccia-Cunha,283004,NO,7,https://concesionarios.ocif.pr.gov/es/License/Index?LicenseTypeFilter=INVESTMENT+ADVISOR&Page=7&PageSize=100,2026-08-26T15:58:38+00:00,,,,,,,,unknown
9f6f20a309fb17c4aff8235c3a502ca2f127df9baa00317aa858318b936fe214,INVESTMENT ADVISOR,"Stifel Capital Management, LLC",,ACTIVA,1095 Avenue of the Americas New York NY 10036,212-328-1000,11/02/2023,IA-1611N,,Michael A. Spero,328365,NO,7,https://concesionarios.ocif.pr.gov/es/License/Index?LicenseTypeFilter=INVESTMENT+ADVISOR&Page=7&PageSize=100,2026-08-26T15:58:38+00:00,,,,,,,,unknown
8e082ac8da9111cb512ca8c6b9624e10ce48f19538b618d1a480706b12b012e8,INVESTMENT ADVISOR,"Stifel, Nicolaus & Company, Incorporated",,ACTIVA,501 North Broadway St. Louis MO 63102,314-342-2110,03/30/2016,IA-1110N,,"Maureen Fister, Rita Kazembe",793,NO,7,https://concesionarios.ocif.pr.gov/es/License/Index?LicenseTypeFilter=INVESTMENT+ADVISOR&Page=7&PageSize=100,2026-08-26T15:58:38+00:00,,,,,,,,unknown
fd62eedd74827c94f91f82fe9eb366e5ca66b9f717ff01e0a610b56b147177e0,INVESTMENT ADVISOR,Stilwell Value LLC,,ACTIVA,111 Broadway 12th Floor New York NY 10006,212-269-2005,10/27/2021,IA-1461N,,Hallie Damon,160697,NO,7,https://concesionarios.ocif.pr.gov/es/License/Index?LicenseTypeFilter=INVESTMENT+ADVISOR&Page=7&PageSize=100,2026-08-26T15:58:38+00:00,,,,,,,,unknown
7ca68289a02f083eb4dd3015c6b0eae6784b34d9c2132c9ab1f7937d36503caa,INVESTMENT ADVISOR,Stirlingshire Investments,,ACTIVA,15 W 38th ST. #704 New York NY 10018,877-600-7026,05/17/2024,IA-1665N,,Deborah Marcus,327779,NO,7,https://concesionarios.ocif.pr.gov/es/License/Index?LicenseTypeFilter=INVESTMENT+ADVISOR&Page=7&PageSize=100,2026-08-26T15:58:38+00:00,,,,,,,,unknown
1d3ad77dc562146deedf63c485a502abc74b0dc2f0bb879dd161b3a30462e6c4,INVESTMENT ADVISOR,Stonebridge Advisors LLC,,ACTIVA,10 Westport Road Suite C101 Wilton CT 06897-4543,203-762-0004,03/01/2018,IA-1211N,,Stephen L. De Vore,134017,NO,7,https://concesionarios.ocif.pr.gov/es/License/Index?LicenseTypeFilter=INVESTMENT+ADVISOR&Page=7&PageSize=100,2026-08-26T15:58:38+00:00,,,,,,,,unknown
a74113f0d7317606981ddf370231da1a4586404f7abcd7404d6d34942586f591,INVESTMENT ADVISOR,"Stonecrest Advisors, Inc.",,ACTIVA,300 West 6th Street Suite 1520 Austin TX 78701,866-342-1069,07/21/2023,IA-1214N,,Dave Jones,142095,NO,7,https://concesionarios.ocif.pr.gov/es/License/Index?LicenseTypeFilter=INVESTMENT+ADVISOR&Page=7&PageSize=100,2026-08-26T15:58:38+00:00,,,,,,,,unknown
421076a282d7b9bab9c3735f66377f75a997da8a216e8c4400317379967e2c0f,INVESTMENT ADVISOR,Strategic Advisers Inc.,,ACTIVA,245 Summer St V10G Boston MA 02110,617-563-7000,10/26/1990,IA-0085N,,Linda Wondrack,104555,NO,7,https://concesionarios.ocif.pr.gov/es/License/Index?LicenseTypeFilter=INVESTMENT+ADVISOR&Page=7&PageSize=100,2026-08-26T15:58:38+00:00,,,,,,,,unknown
4710044369992db403cb755fa2cc6ff08109cc56e85e0a6f90ec01ab2c6a6c18,INVESTMENT ADVISOR,"Strategic Blueprint, LLC",,ACTIVA,2200 Century Parkway Suite 500 Atlanta GA 30345,678-954-4130,05/02/2023,IA-1598N,,Julie Sullivan,284840,NO,7,https://concesionarios.ocif.pr.gov/es/License/Index?LicenseTypeFilter=INVESTMENT+ADVISOR&Page=7&PageSize=100,2026-08-26T15:58:38+00:00,,,,,,,,unknown
4a5d74ad95ec5f63d1d2fdafddf26aa58534449f7929faf05b909717999de10f,INVESTMENT ADVISOR,"Strategic Wealth Partners, LTD",,ACTIVA,5005 Rockside Road Suite 1200 Independence OH 44131-6829,216-800-9000,06/10/2025,IA-1738N,,Matthew Bures,148586,NO,7,https://concesionarios.ocif.pr.gov/es/License/Index?LicenseTypeFilter=INVESTMENT+ADVISOR&Page=7&PageSize=100,2026-08-26T15:58:38+00:00,,,,,,,,unknown
f14e90729b242aa76ea68849db4f492a8d54ab92826428efb81c0873da5dacfa,INVESTMENT ADVISOR,Streetbeat LLC,,ACTIVA,228 Hamilton Ave 3rd Floor Palo Alto CA 94301,650-487-0359,12/07/2021,IA-1465N,,Calvin Persaud,315893,NO,7,https://concesionarios.ocif.pr.gov/es/License/Index?LicenseTypeFilter=INVESTMENT+ADVISOR&Page=7&PageSize=100,2026-08-26T15:58:38+00:00,,,,,,,,unknown
979a0f4ac0e6d01aa2c7ebe1db4b0272090b583d52e641f556e646b374b8b755,INVESTMENT ADVISOR,"Summit Financial, LLC",,ACTIVA,4 Campus Drive Parsippany NJ 07054,973-285-3600,12/03/2018,IA-1262N,,Craig Weiss,299322,NO,7,https://concesionarios.ocif.pr.gov/es/License/Index?LicenseTypeFilter=INVESTMENT+ADVISOR&Page=7&PageSize=100,2026-08-26T15:58:38+00:00,,,,,,,,unknown
bb22fa5c4b6cb8925ced843babd3cce1151eab81ebd5966789ce66197eed4c0c,INVESTMENT ADVISOR,"Summit Trail Advisors, LLC",,ACTIVA,"2 Grand Central Tower 140 E 45th Street, 28th Floor New York NY 10017",212-812-7010,10/07/2022,IA-1547N,,"Thomas,Thomas Harms,Harms",220519,NO,7,https://concesionarios.ocif.pr.gov/es/License/Index?LicenseTypeFilter=INVESTMENT+ADVISOR&Page=7&PageSize=100,2026-08-26T15:58:38+00:00,,,,,,,,unknown
b26ed95d55cf12b65103d1e7b5bd2e76439e61e9a6793d412f713d70bd61e2a4,INVESTMENT ADVISOR,"Swan Capital Management, LLC",,ACTIVA,277 E Third Ave Durango CO 81301,970-382-8901,03/23/2015,IA-1054N,,Jim Engelken,164280,NO,7,https://concesionarios.ocif.pr.gov/es/License/Index?LicenseTypeFilter=INVESTMENT+ADVISOR&Page=7&PageSize=100,2026-08-26T15:58:38+00:00,,,,,,,,unknown
6c2eebb3abc059922db617c1e611215337feccd1cb1b0246d51ae0c2c8265f7f,INVESTMENT ADVISOR,"Swan Global Investments, LLC",,ACTIVA,277 E 3rd Ave Building A Durango CO 81301,970-382-8901,03/30/2015,IA-1058N,,James Engelken,114669,NO,7,https://concesionarios.ocif.pr.gov/es/License/Index?LicenseTypeFilter=INVESTMENT+ADVISOR&Page=7&PageSize=100,2026-08-26T15:58:38+00:00,,,,,,,,unknown
a2c534ff356cd8010854c66c0864d57939bf62e478ea4ed1c990aa36a7a4c25b,INVESTMENT ADVISOR,Swan Global Management LLC,,ACTIVA,20 Ridge Top Palmas del Mar Humacao PR 00791,970-382-9055,11/17/2014,IA-1032N,,Brad Ackerman,173621,NO,7,https://concesionarios.ocif.pr.gov/es/License/Index?LicenseTypeFilter=INVESTMENT+ADVISOR&Page=7&PageSize=100,2026-08-26T15:58:38+00:00,,,,,,,,unknown
936230673a2ce7a3b8bc5817f2f382059a896ed9f3d50dd6d041182fcb5d15c7,INVESTMENT ADVISOR,"Swan Wealth Advisors, LLC",,ACTIVA,1099 Main Suite 206 Durango CO 81301,970-382-8901,03/16/2018,IA-1206N,,Jim Engelken,292755,NO,7,https://concesionarios.ocif.pr.gov/es/License/Index?LicenseTypeFilter=INVESTMENT+ADVISOR&Page=7&PageSize=100,2026-08-26T15:58:38+00:00,,,,,,,,unknown
b5d0e9c10b4956e4c74eacc51628eeee73b7bcb00f9293faecbb1589ab25e5d7,INVESTMENT ADVISOR,Sygnus Capital PR LLC,,ACTIVA,"Metro Office Park, Valencia Building 17 Street 2, Suite 640 Guaynabo PR 00968",312-725-4338,07/31/2016,IA-1123N,,"Natalia López, Jorge Onrubia-Moreno",283447,NO,7,https://concesionarios.ocif.pr.gov/es/License/Index?LicenseTypeFilter=INVESTMENT+ADVISOR&Page=7&PageSize=100,2026-08-26T15:58:38+00:00,,,,,,,,unknown
200392cb1b1a6c9dacc2efd5c5feb69963efc888a0a841712f9e822daf33af37,INVESTMENT ADVISOR,"Sygnus Wealth PR, LLC",,ACTIVA,Metro Office Park 17 Street 2 Suite 640 Guaynabo PR 00968,787-706-9292,04/04/2024,IA-1629,,Pablo Peñaloza,325576,NO,7,https://concesionarios.ocif.pr.gov/es/License/Index?LicenseTypeFilter=INVESTMENT+ADVISOR&Page=7&PageSize=100,2026-08-26T15:58:38+00:00,,,,,,,,unknown
a3c13845249f1eed20aeffa7830b50d1995e71628a20389a7a1f56ced4cca07e,INVESTMENT ADVISOR,Symmetry Partners,,ACTIVA,"628 Hebron Ave Bldg 2, 5th Fl Glastonbury CT 06033",860-734-2000,03/29/2011,IA-0890N,,PATRICK A. SWEENY,120982,NO,7,https://concesionarios.ocif.pr.gov/es/License/Index?LicenseTypeFilter=INVESTMENT+ADVISOR&Page=7&PageSize=100,2026-08-26T15:58:38+00:00,,,,,,,,unknown
54f098093eb07c1b397d8f421a4409bfa5436861fdc55b824f2966acb9ceaf59,INVESTMENT ADVISOR,"T. Rowe Price Advisory Services, Inc.",,ACTIVA,100 E Pratt St Baltimore MD 21202,410-345-2000,04/01/2002,IA-0486N,,HENRY H. HOPKINS,108958,NO,7,https://concesionarios.ocif.pr.gov/es/License/Index?LicenseTypeFilter=INVESTMENT+ADVISOR&Page=7&PageSize=100,2026-08-26T15:58:38+00:00,,,,,,,,unknown
062b939c61b6c4a5dc4d3f5ec5f77c93e0ac8be07300d35621307e2be456797f,INVESTMENT ADVISOR,"T. Rowe Price Associates, Inc.",,ACTIVA,100 East Pratt Street Baltimore MD 21202,410-345-2536,03/29/2018,IA-1222N,,John R. Gilner,105496,NO,7,https://concesionarios.ocif.pr.gov/es/License/Index?LicenseTypeFilter=INVESTMENT+ADVISOR&Page=7&PageSize=100,2026-08-26T15:58:38+00:00,,,,,,,,unknown
f17dc815f75cfd27f90719bed307754155a5c47a7b057c83906f76ef191dbb0f,INVESTMENT ADVISOR,"T.Rowe Price Investment Management, Inc.",,ACTIVA,100 East Pratt Street Baltimore MD 21202,410-345-2000,04/01/2022,IA-1517N,,Mary Ann Picciotto,314590,NO,7,https://concesionarios.ocif.pr.gov/es/License/Index?LicenseTypeFilter=INVESTMENT+ADVISOR&Page=7&PageSize=100,2026-08-26T15:58:38+00:00,,,,,,,,unknown
800ed07d84840fec45b6b5ceb624828b388c4ab77ae260c467f4aff27c3a00db,INVESTMENT ADVISOR,"Tactica, LLC",,ACTIVA,687 Camino de las Ruelias Dorado PR 00646,787-585-8095,06/04/2025,IA-1733N,,Rubén A. Tapia Vargas,335272,NO,7,https://concesionarios.ocif.pr.gov/es/License/Index?LicenseTypeFilter=INVESTMENT+ADVISOR&Page=7&PageSize=100,2026-08-26T15:58:38+00:00,,,,,,,,unknown
c8886b7245a42ad08151f8f898a052d4c42611ee8ca5fd6affa5e80c88fec94b,INVESTMENT ADVISOR,Talon LLC,,ACTIVA,151 calle de San Francisco Suite 200 San Juan PR 00901,352-751-3200,07/07/2025,IA-1744N,,Leila Shaver,298714,NO,7,https://concesionarios.ocif.pr.gov/es/License/Index?LicenseTypeFilter=INVESTMENT+ADVISOR&Page=7&PageSize=100,2026-08-26T15:58:38+00:00,,,,,,,,unknown
848e8dcb909bf15af7cafe9ded9a6dd3b2562c3499ea975395d17cab2d67d979,INVESTMENT ADVISOR,Tandem Investment Advisors Inc,,ACTIVA,145 King Street Suite 400 Charleston SC 29401-2229,843-720-3413,08/28/2023,IA-1606N,,Nicole Hoffman,109392,NO,7,https://concesionarios.ocif.pr.gov/es/License/Index?LicenseTypeFilter=INVESTMENT+ADVISOR&Page=7&PageSize=100,2026-08-26T15:58:38+00:00,,,,,,,,unknown
b1bd65148854c40b2f58a37902a98423fb4bc3f3cb6807e77541940f29ea4c18,INVESTMENT ADVISOR,TC Latin America Partners LLC,,ACTIVA,"53 Calle Palmeras, El Caribe Office Bldg. Suite 601 San Juan PR 00901",347-289-3262,01/01/2020,IA-1329N,,Luis Santana,307441,NO,7,https://concesionarios.ocif.pr.gov/es/License/Index?LicenseTypeFilter=INVESTMENT+ADVISOR&Page=7&PageSize=100,2026-08-26T15:58:38+00:00,,,,,,,,unknown
1f1f2abe9026ac5351c8ac191ba77ecdb5831558728c7237168ceedc3e43deb9,INVESTMENT ADVISOR,TCW Investment Management Co,,ACTIVA,865 S Figueroa St Ste 1800 Los Angeles CA 90012,213-244-0000,02/28/2000,IA-0341N,,Jeffrey Engelsman,106546,NO,7,https://concesionarios.ocif.pr.gov/es/License/Index?LicenseTypeFilter=INVESTMENT+ADVISOR&Page=7&PageSize=100,2026-08-26T15:58:38+00:00,,,,,,,,unknown
0bfa4f26bb1ad22446f8b837ae22f3c7548790dd67413de581ebfc8b0a3479ca,INVESTMENT ADVISOR,"The Ayco Company, LP",,ACTIVA,321 Broadway Saratoga Springs NY 12866,518-886-4000,01/07/2003,IA-0533N,,Arthur Prostick,106693,NO,7,https://concesionarios.ocif.pr.gov/es/License/Index?LicenseTypeFilter=INVESTMENT+ADVISOR&Page=7&PageSize=100,2026-08-26T15:58:38+00:00,,,,,,,,unknown
a53d508fb51a5fa0ee857e765947a536c116f11030149ef4b2f78f31ae4687d7,INVESTMENT ADVISOR,The Burney Company,,ACTIVA,1800 Alexander Bell Drive Suite 510 Reston VA 20191,703-241-5611,02/03/2020,IA-1345N,,William A Stewart,106945,NO,7,https://concesionarios.ocif.pr.gov/es/License/Index?LicenseTypeFilter=INVESTMENT+ADVISOR&Page=7&PageSize=100,2026-08-26T15:58:38+00:00,,,,,,,,unknown
723af1e489aa6d7bcd382a7ce9793d6e44c3e23a199d998a9b53a4e4e5b03f32,INVESTMENT ADVISOR,The Huntington Investment Company,,ACTIVA,41 South High Street 7th Floor Clumbus OH 43287-6101,800-322-4600,03/30/2015,IA-1068N,,Mark A Gregory,16986,NO,7,https://concesionarios.ocif.pr.gov/es/License/Index?LicenseTypeFilter=INVESTMENT+ADVISOR&Page=7&PageSize=100,2026-08-26T15:58:38+00:00,,,,,,,,unknown
0cd65a0041f335938645d1c0d64b45e51f0ac28030bbc14c3e8eb09bc0d80ee7,INVESTMENT ADVISOR,The London Company of Virginia,,ACTIVA,1801 Bayberry Court Suite 301 Richmond VA 23226,804-775-0317,10/12/2006,IA-0712N,,Andrew J Wetzel,106654,NO,7,https://concesionarios.ocif.pr.gov/es/License/Index?LicenseTypeFilter=INVESTMENT+ADVISOR&Page=7&PageSize=100,2026-08-26T15:58:38+00:00,,,,,,,,unknown
afd97df99bc6f250ea43a8c38e6f62b4f3a7054abfda92af54173541f86dd652,INVESTMENT ADVISOR,"The Pacific Financial Group, Inc.",,ACTIVA,777 108th Avenue NE Suite 2100 Bellevue WA 98004,425-451-7722,03/07/2016,IA-1106N,,Y. Jill Dildine,105203,NO,7,https://concesionarios.ocif.pr.gov/es/License/Index?LicenseTypeFilter=INVESTMENT+ADVISOR&Page=7&PageSize=100,2026-08-26T15:58:38+00:00,,,,,,,,unknown
9872af72eb95f2dc564cdc029aa244fa65f18f497be2195531c13758cea17907,INVESTMENT ADVISOR,Third Avenue Management LLC,,ACTIVA,622 Third Ave 32nd Floor New York NY,212-888-5222,03/30/2012,IA-0920N,,Joseph J. Reardon,107545,NO,7,https://concesionarios.ocif.pr.gov/es/License/Index?LicenseTypeFilter=INVESTMENT+ADVISOR&Page=7&PageSize=100,2026-08-26T15:58:38+00:00,,,,,,,,unknown
822d9bee5f669d5a1b051d1d7fac0e18da6da8298becb39c997e3f72a59554fd,INVESTMENT ADVISOR,"Thomas Wright Asset Management, Inc.",,ACTIVA,53 Calle Palmeras Suite 401 San Juan PR 00901-2408,843-971-4265,08/20/2018,IA-1249N,,William Stuart Wright,105192,NO,7,https://concesionarios.ocif.pr.gov/es/License/Index?LicenseTypeFilter=INVESTMENT+ADVISOR&Page=7&PageSize=100,2026-08-26T15:58:38+00:00,,,,,,,,unknown
9e9d6d8ed7e64aa76b7fb3069962ec09acff4914ac938fbbf2ce5e639969d979,INVESTMENT ADVISOR,"Thompson, Siegel & Walmsley, LLC",,ACTIVA,6806 Paragon Place Suite 300 Richmond VA 23230,804-353-4500,06/27/1991,IA-0092N,,Jessica Lacey Thompson,105726,NO,7,https://concesionarios.ocif.pr.gov/es/License/Index?LicenseTypeFilter=INVESTMENT+ADVISOR&Page=7&PageSize=100,2026-08-26T15:58:38+00:00,,,,,,,,unknown
69744a6bee9cce35ba946dd34f11c5e7547a5672c3b2fda555049e70da894245,INVESTMENT ADVISOR,Thornburg Investment Management Inc.,,ACTIVA,2300 North Ridgetop Road Santa Fe NM 87506,505-467-7200,08/14/2003,IA-0560N,,Stephen Velie,106357,NO,7,https://concesionarios.ocif.pr.gov/es/License/Index?LicenseTypeFilter=INVESTMENT+ADVISOR&Page=7&PageSize=100,2026-08-26T15:58:38+00:00,,,,,,,,unknown
419903df100fbb88a705f7706b3648ddb63cba96c724f3e0e657439ec9a60890,INVESTMENT ADVISOR,"TIAA-CREF Individual & Institutional Services, LLC",,ACTIVA,730 Third Avenue New York NY 10017-3206,704-988-5915,01/27/2006,IA-0666N,,"Christienne Berthelsen, Lori Sellers",20472,NO,7,https://concesionarios.ocif.pr.gov/es/License/Index?LicenseTypeFilter=INVESTMENT+ADVISOR&Page=7&PageSize=100,2026-08-26T15:58:38+00:00,,,,,,,,unknown
d897b054d9da8c7024cfc7cd702f75bfa6313234fbfa8bc6181c07a00812b0f7,INVESTMENT ADVISOR,"Tiempo Capital Partners, LLC",,ACTIVA,1450 Brickel Ave. Suite 2120 Miami FL 33131,954-849-3099,01/04/2024,IA-1619N,,Philip Hackleman,329367,NO,7,https://concesionarios.ocif.pr.gov/es/License/Index?LicenseTypeFilter=INVESTMENT+ADVISOR&Page=7&PageSize=100,2026-08-26T15:58:38+00:00,,,,,,,,unknown
12a335934189c9487324faecab932fa53687375ed308ad86858b9128013f5e1d,INVESTMENT ADVISOR,"Timothy Partners, LTD.",,ACTIVA,1055 Maitland Center Commons Maitland FL 32751,407-644-1986,01/30/2025,IA-1712N,,"Terry Covert, Kimberly Johnson",41835,NO,7,https://concesionarios.ocif.pr.gov/es/License/Index?LicenseTypeFilter=INVESTMENT+ADVISOR&Page=7&PageSize=100,2026-08-26T15:58:38+00:00,,,,,,,,unknown
95a3c2bd28b0f7d477202960e742aa406d2caae7f22e6709ad26193d03508277,INVESTMENT ADVISOR,Titan,,ACTIVA,508 Laguardia Place New York NY 10012,973-490-4042,11/22/2021,IA-1464N,,Heather Slate,290111,NO,7,https://concesionarios.ocif.pr.gov/es/License/Index?LicenseTypeFilter=INVESTMENT+ADVISOR&Page=7&PageSize=100,2026-08-26T15:58:38+00:00,,,,,,,,unknown
3bd6e49d4d7732ac84632eb47e8fcc03fa35df915e0fc462e45f89309653971a,INVESTMENT ADVISOR,"TLG Advisors, Inc.",,ACTIVA,475 Springfield Ave Summit NJ 07901,888-371-0013,07/14/2025,IA-1746N,,Z Jane Reley,111052,NO,7,https://concesionarios.ocif.pr.gov/es/License/Index?LicenseTypeFilter=INVESTMENT+ADVISOR&Page=7&PageSize=100,2026-08-26T15:58:38+00:00,,,,,,,,unknown
ed7d915f1820f02b00aceeeeeafe7feb0bbc078f0658091cb8d97fd330452c2e,INVESTMENT ADVISOR,Tocqueville Asset Management LP,,ACTIVA,40 W 57th St 19th Fl New York NY 10019,212-698-0800,03/26/2008,IA-0777N,,Thomas Pandick,105690,NO,7,https://concesionarios.ocif.pr.gov/es/License/Index?LicenseTypeFilter=INVESTMENT+ADVISOR&Page=7&PageSize=100,2026-08-26T15:58:38+00:00,,,,,,,,unknown
04c75f1f06254f3dd1cdb8d4ffa2b729ff658d50efabbf32c9686f7725a60018,INVESTMENT ADVISOR,Tom Johnson Investment Management LLC,,ACTIVA,201 Robert S Kerr Suite 510 Oklahoma City OK 73102-4202,405-236-2111,11/05/1992,IA-0135N,,Lori A Calfy,104511,NO,7,https://concesionarios.ocif.pr.gov/es/License/Index?LicenseTypeFilter=INVESTMENT+ADVISOR&Page=7&PageSize=100,2026-08-26T15:58:38+00:00,,,,,,,,unknown
958c3630d8abf6317d47b9b223b27499ccfe95946b0ffe6c956edecf5f86c7c0,INVESTMENT ADVISOR,"Townsquare Capital, LLC",,ACTIVA,5314 River Run Drive Suite 210 Provo UT 84604,385-375-8650,04/03/2025,IA-1723N,,Mark Audrain,288576,NO,7,https://concesionarios.ocif.pr.gov/es/License/Index?LicenseTypeFilter=INVESTMENT+ADVISOR&Page=7&PageSize=100,2026-08-26T15:58:38+00:00,,,,,,,,unknown
9ee78e6ae01f87ca0a75340fffcdeb722819a5895d18db6d13b721742272abfc,INVESTMENT ADVISOR,"Tradeking Advisors, Inc.",,ACTIVA,11605 N Community House Road Suite 300 Charlotte NC 28277,1-800-425-3205,12/28/2015,IA-1095N,,Roberto E Donovan,170301,NO,7,https://concesionarios.ocif.pr.gov/es/License/Index?LicenseTypeFilter=INVESTMENT+ADVISOR&Page=7&PageSize=100,2026-08-26T15:58:38+00:00,,,,,,,,unknown
f68a6471e46a10e7462bd9024360309252f0e2b204f5c9ac8f5b79aafb6665df,INVESTMENT ADVISOR,"Transamerica Financial Advisors, Inc.",,ACTIVA,"Two Liberty Place 50 South 16th Street, Suite 3700 Philadelphia PA 19102",770-510-5414,03/31/2004,IA-0584N,,"Brad Mullikin, Peter J. Lugo, Brad Mullikin, Christina Kramer",16164,NO,7,https://concesionarios.ocif.pr.gov/es/License/Index?LicenseTypeFilter=INVESTMENT+ADVISOR&Page=7&PageSize=100,2026-08-26T15:58:38+00:00,,,,,,,,unknown
f03cc7d2c2a94ceb4ea24fa1d2ff04cc56119522972540add57d27a43a655bcd,INVESTMENT ADVISOR,"Transamerica Retirement Advisors, Inc.",,ACTIVA,24 Prime Park Way Natick MA 01760,508-903-6001,11/01/2013,IA-0987N,,Rick Resnik,107319,NO,7,https://concesionarios.ocif.pr.gov/es/License/Index?LicenseTypeFilter=INVESTMENT+ADVISOR&Page=7&PageSize=100,2026-08-26T15:58:38+00:00,,,,,,,,unknown
819d6a33eb88a06dda6acea1717037031604f05d6f8fbcbbd668457c40560600,INVESTMENT ADVISOR,"Triad Hybrid Solutions, LLC",,ACTIVA,5155 Peachtree Parkway Suite 3230 Norcross GA 30092,866-580-8219,03/30/2021,IA-1405N,,Bernard Breton,171070,NO,7,https://concesionarios.ocif.pr.gov/es/License/Index?LicenseTypeFilter=INVESTMENT+ADVISOR&Page=7&PageSize=100,2026-08-26T15:58:38+00:00,,,,,,,,unknown
726bb7dabcc96d8e8eff1c536e723bafc3ad0a0379aa64dd001277ceabea0b8b,INVESTMENT ADVISOR,"Trillium Asset Management, LLC",,ACTIVA,One Congress Street Suite 3101 Boston MA 02114,1-617-423-6655,03/27/2026,IA-1783N,,Yana Karalnik,110901,NO,7,https://concesionarios.ocif.pr.gov/es/License/Index?LicenseTypeFilter=INVESTMENT+ADVISOR&Page=7&PageSize=100,2026-08-26T15:58:38+00:00,,,,,,,,unknown
d23deaacb7629c7b19c60449d688c444f4f4131da3788323b05a0fdf76f1f7a9,INVESTMENT ADVISOR,Troluce Capital Advisors LLC,,ACTIVA,"Vista Plaza, Suite 102A Calle C, Lots 81-82 Dorado PR 00646",617-306-1130,04/07/2023,IA-1569N,,Jared Dubin,313120,NO,7,https://concesionarios.ocif.pr.gov/es/License/Index?LicenseTypeFilter=INVESTMENT+ADVISOR&Page=7&PageSize=100,2026-08-26T15:58:38+00:00,,,,,,,,unknown
4c65161707461116e33b9ff67325b86c5b7517cc14b0e5b8932ad2a9f896e425,INVESTMENT ADVISOR,"True Wealth Design, LLC",,ACTIVA,700 Ghent Road Suite 100 Akron OH 44333,330-777-0688,03/13/2023,IA-1585N,,Kevin Kroskey,143194,NO,7,https://concesionarios.ocif.pr.gov/es/License/Index?LicenseTypeFilter=INVESTMENT+ADVISOR&Page=7&PageSize=100,2026-08-26T15:58:38+00:00,,,,,,,,unknown
5c691067a310c0d37c2649f3698d49c476addf53012f4e789eedacba3d16e56a,INVESTMENT ADVISOR,Truehaven Capital,,ACTIVA,5815 Inspiration Ter Bradenton FL 34210,210-260-8668,07/19/2024,IA-1670N,,Micah Wakefield,332005,NO,7,https://concesionarios.ocif.pr.gov/es/License/Index?LicenseTypeFilter=INVESTMENT+ADVISOR&Page=7&PageSize=100,2026-08-26T15:58:38+00:00,,,,,,,,unknown
4f89013d9406de58baec9a98f0c814a40796edc83de85ca9106b9c328f5a3c70,INVESTMENT ADVISOR,"Tweedy, Browne Company LLC",,ACTIVA,One Station Place Stamford CT 06902,203-703-0600,06/06/2002,IA-0497N,,Patricia A. Rogers,6857,NO,7,https://concesionarios.ocif.pr.gov/es/License/Index?LicenseTypeFilter=INVESTMENT+ADVISOR&Page=7&PageSize=100,2026-08-26T15:58:38+00:00,,,,,,,,unknown
716d0be1a1cd7c144298987ff0cf35f73d024b4d407f9196aaa52486cb0a0b91,INVESTMENT ADVISOR,"U.S Bancorp Advisors, LLC",,ACTIVA,60 Livingston Ave EP-MN-N2WC Saint Paul MN 55107,1-800-888-4700,02/16/2026,IA-1772N,,Kyle Salstrom,14455,NO,7,https://concesionarios.ocif.pr.gov/es/License/Index?LicenseTypeFilter=INVESTMENT+ADVISOR&Page=7&PageSize=100,2026-08-26T15:58:38+00:00,,,,,,,,unknown
07bf35c1c6c232a421a8153c5c8489d72201e8e147e560d78d62c1414b4e66c5,INVESTMENT ADVISOR,UBS Asset Managers of Puerto Rico,,ACTIVA,250 Muñoz Rivera Ave. 10th Floor San Juan PR 00918,787-773-3888,08/13/2021,IA-1448N,,Luz Colón,313696,NO,7,https://concesionarios.ocif.pr.gov/es/License/Index?LicenseTypeFilter=INVESTMENT+ADVISOR&Page=7&PageSize=100,2026-08-26T15:58:38+00:00,,,,,,,,unknown
aaf88b5a3196582df58ac6011f3b6f1d688d1ac90c04c0ea9ec770930e94a2a6,INVESTMENT ADVISOR,UBS Financial Services Inc.,,ACTIVA,1200 Harbor Boulevard Weehawken NJ 07086,201-352-3000,03/30/2018,IA-1238N,,"Frank Martorana, Lisa Francomano",8174,NO,7,https://concesionarios.ocif.pr.gov/es/License/Index?LicenseTypeFilter=INVESTMENT+ADVISOR&Page=7&PageSize=100,2026-08-26T15:58:38+00:00,,,,,,,,unknown
bde1e386f3123cb8972366ab388e161e3538f09c0634b20e7a72249b990ebc9a,INVESTMENT ADVISOR,UBS Global Asset Management (Americas) Inc.,,ACTIVA,1255 Ave of the Americas New York NY 10019,212-821-3000,06/27/2001,IA-0429N,,Joseph Allessie,106838,NO,7,https://concesionarios.ocif.pr.gov/es/License/Index?LicenseTypeFilter=INVESTMENT+ADVISOR&Page=7&PageSize=100,2026-08-26T15:58:38+00:00,,,,,,,,unknown
aed896a87f770d86480550475e992b11c965ea9dc989474ad376ac7da1afc96f,INVESTMENT ADVISOR,UBS Swiss Financial Advisers,,ACTIVA,Loewenstrasse 49 Zurich 8001,+41-44237-8800,11/18/2009,IA-0848N,,Volker Niederlaender,130668,NO,7,https://concesionarios.ocif.pr.gov/es/License/Index?LicenseTypeFilter=INVESTMENT+ADVISOR&Page=7&PageSize=100,2026-08-26T15:58:38+00:00,,,,,,,,unknown
bbdbbfcf80d6924ce17179a116a8c32538dec08242bddf4647b2d9b12cc16823,INVESTMENT ADVISOR,Ucap Asset Management LLC,,ACTIVA,275 Madison Avenue 38th Floor New York NY 10016,646-809-3600,09/13/2019,IA-1313N,,David Wasitowski,170846,NO,7,https://concesionarios.ocif.pr.gov/es/License/Index?LicenseTypeFilter=INVESTMENT+ADVISOR&Page=7&PageSize=100,2026-08-26T15:58:38+00:00,,,,,,,,unknown
04f9ef23e6695be2b207687c0aacc19c5b9a5235c30abc654a33ead28efb9848,INVESTMENT ADVISOR,"UMB Private Wealth Management, LLC",,ACTIVA,1010 Grand 3rd Floor Kansas City MO 64106,1-816-860-7000,03/30/2026,IA-1787N,,Kristine Starkman,306374,NO,7,https://concesionarios.ocif.pr.gov/es/License/Index?LicenseTypeFilter=INVESTMENT+ADVISOR&Page=7&PageSize=100,2026-08-26T15:58:38+00:00,,,,,,,,unknown
dcd8390a265f4ebac5fa7a84a14099d1d8722eee8a71f37a6917d140f47696ad,INVESTMENT ADVISOR,UNEST (U-NEST Holdings Inc.),,ACTIVA,5161 Lankershim Blvd Suite 250 NORTH HOLLYWOOD CA 91601,1-800-978-1858,03/28/2020,IA-1341N,,,308125,NO,7,https://concesionarios.ocif.pr.gov/es/License/Index?LicenseTypeFilter=INVESTMENT+ADVISOR&Page=7&PageSize=100,2026-08-26T15:58:38+00:00,,,,,,,,unknown
3e2ccd48301393008846ff31a320fd2b2494ed49aaa5733e63a147e2a0601ce6,INVESTMENT ADVISOR,"Uniplan Investment Counsel, Inc.",,ACTIVA,22939 West Overson Road Union Grove WI 53182,262-534-3000,03/22/2016,IA-1107N,,Mary Beth Jacobson,154718,NO,7,https://concesionarios.ocif.pr.gov/es/License/Index?LicenseTypeFilter=INVESTMENT+ADVISOR&Page=7&PageSize=100,2026-08-26T15:58:38+00:00,,,,,,,,unknown
f90a537f47a580ae39b087d394a50c1168696abcc5685a94b71c73e501ea665f,INVESTMENT ADVISOR,Universal Financial Services Inc.,,ACTIVA,Metro Office Park Calle 1 Lote 10 Guaynabo PR 00968,787-793-7202,05/21/2021,IA-1418N,,"Jose C. Benitez, Jose Carlos Benitez",131558,NO,7,https://concesionarios.ocif.pr.gov/es/License/Index?LicenseTypeFilter=INVESTMENT+ADVISOR&Page=7&PageSize=100,2026-08-26T15:58:38+00:00,,,,,,,,unknown
7ff486bc382fd076d29bc83b570c078512ba239d8ca4cd0b3c8c224cad839b4c,INVESTMENT ADVISOR,"US Bancorp Asset Management, Inc.",,ACTIVA,800 Nicollet Mall Mail Stop BC-MN-H04N Minneapolis MN 55402,612-303-4096,05/01/2001,IA-0424N,,Ruth M Mayr,111912,NO,7,https://concesionarios.ocif.pr.gov/es/License/Index?LicenseTypeFilter=INVESTMENT+ADVISOR&Page=7&PageSize=100,2026-08-26T15:58:38+00:00,,,,,,,,unknown
db555efbd84cb1908ee1dbc586cec87be8759562a1ec427bb36b36dd1dde49d1,INVESTMENT ADVISOR,"Valmark Advisers, Inc.",,ACTIVA,130 Springside Drive Suite 300 Akron OH 44333,800-765-5201,05/24/2021,IA-1426N,,Douglas F Wilburn,108050,NO,7,https://concesionarios.ocif.pr.gov/es/License/Index?LicenseTypeFilter=INVESTMENT+ADVISOR&Page=7&PageSize=100,2026-08-26T15:58:38+00:00,,,,,,,,unknown
c5b2e9eb9c2626d810cc0c83185bae07ead61a342b9df763788baedaf02d48a6,INVESTMENT ADVISOR,Van Eck Absolute Return Advisers Corp.,,ACTIVA,666 Third Avenue 9th Floor New York NY 10017-4033,212-293-2000,10/12/2021,IA-1457N,,Francesco Michael Gozzillo,137177,NO,8,https://concesionarios.ocif.pr.gov/es/License/Index?LicenseTypeFilter=INVESTMENT+ADVISOR&Page=8&PageSize=100,2026-08-26T15:58:38+00:00,,,,,,,,unknown
79c91081c21da7e99af922d8c77a3471341bb29ad72344957fd8514c348d127b,INVESTMENT ADVISOR,VAN ECK Associates Corp.,,ACTIVA,335 Madison Ave 19th Fl New York NY 10017,212-293-2000,12/16/1997,IA-0262N,,Janet Squitieri,105080,NO,8,https://concesionarios.ocif.pr.gov/es/License/Index?LicenseTypeFilter=INVESTMENT+ADVISOR&Page=8&PageSize=100,2026-08-26T15:58:38+00:00,,,,,,,,unknown
c7d374042b9192a6f7f72c517c8a0f832e51206174e5c488b295d722c59983f3,INVESTMENT ADVISOR,"Vanguard Advisers, Inc.",,ACTIVA,100 Vanguard Blvd V26 Malvern PA 19355,610-669-1000,04/01/1996,IA-0205N,,Natalie Bej,106715,NO,8,https://concesionarios.ocif.pr.gov/es/License/Index?LicenseTypeFilter=INVESTMENT+ADVISOR&Page=8&PageSize=100,2026-08-26T15:58:38+00:00,,,,,,,,unknown
52b4c41cab407ae8426f6124cb5d3e66abcddf2fe604a5104d6321e0c942d891,INVESTMENT ADVISOR,Vauban Wealth Management,,ACTIVA,"Lot K-2 Marginal Street, Suite 201 Oasis Gardens Development Guaynabo PR 00969",1-787-425-0035,11/08/2019,IA-1319N,,Mariela Torres,305222,NO,8,https://concesionarios.ocif.pr.gov/es/License/Index?LicenseTypeFilter=INVESTMENT+ADVISOR&Page=8&PageSize=100,2026-08-26T15:58:38+00:00,,,,,,,,unknown
8c26431be871b6c1c0d4c146f0eea7c1fcef4eb483a327e4ba0ed7dcb2f52870,INVESTMENT ADVISOR,"Vector Technologies, LLC",,ACTIVA,6000 Indian Creek Drive Suite 501 Miami Beach FL 33140,305-317-0140,09/20/2023,IA-1575N,,David Naylor,323237,NO,8,https://concesionarios.ocif.pr.gov/es/License/Index?LicenseTypeFilter=INVESTMENT+ADVISOR&Page=8&PageSize=100,2026-08-26T15:58:38+00:00,,,,,,,,unknown
adb6461cf651b6dc60a53633f1742743f1f0e8533e33990658f529fb1fc0012e,INVESTMENT ADVISOR,Vest Wealth Inc.,,ACTIVA,9106 Canopy Oak Lane 403 Riverview FL 33578,646-221-5617,04/13/2022,IA-1523N,,Alvaro Luis Pereyra,316132,NO,8,https://concesionarios.ocif.pr.gov/es/License/Index?LicenseTypeFilter=INVESTMENT+ADVISOR&Page=8&PageSize=100,2026-08-26T15:58:38+00:00,,,,,,,,unknown
17eff553b087160229c23b1bbb3e128621ba107580ed40e11f9c3073866ea46e,INVESTMENT ADVISOR,Vestwell Advisors LLC,,ACTIVA,1410 Broadway 23rd Floor New York NY 10018,917-979-5358,01/08/2021,IA-1379N,,Allison Brecher,284173,NO,8,https://concesionarios.ocif.pr.gov/es/License/Index?LicenseTypeFilter=INVESTMENT+ADVISOR&Page=8&PageSize=100,2026-08-26T15:58:38+00:00,,,,,,,,unknown
dbc23977e92c55eebf1abffac8f41172b3d1e784e55f7f480f69284e6fa66460,INVESTMENT ADVISOR,Victory Capital Management Inc.,,ACTIVA,15935 La Cantera PKWY San Antonio TX 78256,877-660-4400,12/10/2025,IA-1761N,,Charles B Mathes,106189,NO,8,https://concesionarios.ocif.pr.gov/es/License/Index?LicenseTypeFilter=INVESTMENT+ADVISOR&Page=8&PageSize=100,2026-08-26T15:58:38+00:00,,,,,,,,unknown
62edebbbd09d628c2b9126213a42b417937336d1050b5d63e47c77b61cf77357,INVESTMENT ADVISOR,Viden Arbor Capital,,ACTIVA,9231 Ann Arbor RD. W. Plymouth MI 48170,855-344-4368,07/21/2022,IA-1531N,,Peter Uher,169533,NO,8,https://concesionarios.ocif.pr.gov/es/License/Index?LicenseTypeFilter=INVESTMENT+ADVISOR&Page=8&PageSize=100,2026-08-26T15:58:38+00:00,,,,,,,,unknown
2412d3ac5658e27d718d035776810a0be4ce9ba788b904fb40840c7cf7b039ac,INVESTMENT ADVISOR,"Vimvest Securities, LLC",,ACTIVA,3322 Bee Ridge Rd Sarasota FL 34239,941-925-2121,05/13/2021,IA-1424N,,Philip Bruce Dickson,285309,NO,8,https://concesionarios.ocif.pr.gov/es/License/Index?LicenseTypeFilter=INVESTMENT+ADVISOR&Page=8&PageSize=100,2026-08-26T15:58:38+00:00,,,,,,,,unknown
7c5d46ab9260a6bec60a5725691186868b0cd87204bcf31f49ab07ce43984a7b,INVESTMENT ADVISOR,"Virtus Fund Advisers, LLC",,ACTIVA,One Financial Plaza Hartford CT 06103,800-248-7971,03/11/2021,IA-1394N,,David Fusco,107346,NO,8,https://concesionarios.ocif.pr.gov/es/License/Index?LicenseTypeFilter=INVESTMENT+ADVISOR&Page=8&PageSize=100,2026-08-26T15:58:38+00:00,,,,,,,,unknown
f514ea630b691a5451f063e5dfd73f0ceaec11be14b9f9c65c509284b78e653f,INVESTMENT ADVISOR,Vise AI Advisors,,ACTIVA,One World Trade Center Suite #84A New York City NY 10007,646-374-0888,03/28/2021,IA-1399N,,Shah Hafizi,301761,NO,8,https://concesionarios.ocif.pr.gov/es/License/Index?LicenseTypeFilter=INVESTMENT+ADVISOR&Page=8&PageSize=100,2026-08-26T15:58:38+00:00,,,,,,,,unknown
2647a3b773fc2bc3832c8c624b637f46e6b5508d7124f48f91424120c47c63a7,INVESTMENT ADVISOR,Vision2020 Wealth Management Corp.,,ACTIVA,One World Financial Center 15 Fl New York NY 10281,212-551-5732,06/21/2010,IA-0870N,,Rob Guldner,154149,NO,8,https://concesionarios.ocif.pr.gov/es/License/Index?LicenseTypeFilter=INVESTMENT+ADVISOR&Page=8&PageSize=100,2026-08-26T15:58:38+00:00,,,,,,,,unknown
bb73fd7ae5254921007e18632f60080d4af533ca5e4f71f3743c274605cbce2d,INVESTMENT ADVISOR,Voleon Capital Management LP,,ACTIVA,1919 Shattuck Avenue Floors 6-7 Berkeley CA 94704-1033,1-510-704-9870,03/31/2026,IA-1794N,,"Julianne Dixon, Julianne Dixon",147443,NO,8,https://concesionarios.ocif.pr.gov/es/License/Index?LicenseTypeFilter=INVESTMENT+ADVISOR&Page=8&PageSize=100,2026-08-26T15:58:38+00:00,,,,,,,,unknown
4a9b19a320bf1debe5a896fc2d7da39faf1c91bd1b18a1b9d5326dedf8775171,INVESTMENT ADVISOR,"Vontobel Asset Management, Inc.",,ACTIVA,1540 Broadway 38th Floor New York NY 10036,212-415-7000,03/30/2012,IA-0918N,,Joseph Mastoloni,105007,NO,8,https://concesionarios.ocif.pr.gov/es/License/Index?LicenseTypeFilter=INVESTMENT+ADVISOR&Page=8&PageSize=100,2026-08-26T15:58:38+00:00,,,,,,,,unknown
b51ba4942fd44a5024009b9499e3b482d2d9ff00190e95282baf0a479f29b6bb,INVESTMENT ADVISOR,"Voya Financial Advisors, Inc.",,ACTIVA,699 Walnut Street Suite 1000 Des Moines IA 50309,1-800-356-2906,12/28/2000,IA-0385N,,"Paul Heywood, Daniel Burkott",2882,NO,8,https://concesionarios.ocif.pr.gov/es/License/Index?LicenseTypeFilter=INVESTMENT+ADVISOR&Page=8&PageSize=100,2026-08-26T15:58:38+00:00,,,,,,,,unknown
51de933cb5152d8b58d3cc683600067d16739921ac77b8f3aa9dd467a57141fb,INVESTMENT ADVISOR,Voya Investment Management Co. LLC,,ACTIVA,230 Park Ave New York NY 10169,212-309-8200,06/30/2004,IA-0589N,,Deborah Hammalian,106494,NO,8,https://concesionarios.ocif.pr.gov/es/License/Index?LicenseTypeFilter=INVESTMENT+ADVISOR&Page=8&PageSize=100,2026-08-26T15:58:38+00:00,,,,,,,,unknown
6e5ed06362cf16affbe17599c9fb80ef289069bc003453fd906ecf9939d9e376,INVESTMENT ADVISOR,"Voya Retirement Advisors, LLC",,ACTIVA,"One Orange Way, C2N Windsor CT 06095",860-580-2819,03/31/2005,IA-0622N,,Michelle Rosenberg,3989,NO,8,https://concesionarios.ocif.pr.gov/es/License/Index?LicenseTypeFilter=INVESTMENT+ADVISOR&Page=8&PageSize=100,2026-08-26T15:58:38+00:00,,,,,,,,unknown
69edfdfd7186365c621d2f17dbd3f23bbdb34d2c440d9421e27fb22d329f940f,INVESTMENT ADVISOR,VRM Penzini Capital L.L.C.,,ACTIVA,322 De Diego Avenue Suite 301 San Juan PR 00920,787-305-1015,04/27/2026,IA-1781N,,Carlos Penzini,336315,NO,8,https://concesionarios.ocif.pr.gov/es/License/Index?LicenseTypeFilter=INVESTMENT+ADVISOR&Page=8&PageSize=100,2026-08-26T15:58:38+00:00,,,,,,,,unknown
81f812c4faefe14b845cf809194576b0128cfc08bd1eaaaf86ed59bda612aed2,INVESTMENT ADVISOR,Vulcan Value Partners LLC,,ACTIVA,"Three Protective Center 2801 Highway 280 South, Suite 300 Birmingham AL 35223",205-803-1582,03/22/2018,IA-1241N,,Willaim Blevin Naff,151190,NO,8,https://concesionarios.ocif.pr.gov/es/License/Index?LicenseTypeFilter=INVESTMENT+ADVISOR&Page=8&PageSize=100,2026-08-26T15:58:38+00:00,,,,,,,,unknown
41c43c54629ad2b3d1c41808c82b1e27df930dccdbc0ccf5b710b63c13c804be,INVESTMENT ADVISOR,Wahed,,ACTIVA,"HDS Business Center, Office No. 103 Cluster M, Jumeirah Lake Towers Dubai",1-855-976-4747,04/06/2017,IA-1166N,,Sufyan Mohammed,242793,NO,8,https://concesionarios.ocif.pr.gov/es/License/Index?LicenseTypeFilter=INVESTMENT+ADVISOR&Page=8&PageSize=100,2026-08-26T15:58:38+00:00,,,,,,,,unknown
dc5975cdc57dcc8df77594f5d2ceaf1bffdb422377341f4cadc9c9f95cb4fa0c,INVESTMENT ADVISOR,Wasatch Advisors Inc.,,ACTIVA,505 Wakara Way 3rd Fl Salt Lake City UT 84108,801-533-0777,06/19/2002,IA-0500N,,VENICE F. EDWARDS,106081,NO,8,https://concesionarios.ocif.pr.gov/es/License/Index?LicenseTypeFilter=INVESTMENT+ADVISOR&Page=8&PageSize=100,2026-08-26T15:58:38+00:00,,,,,,,,unknown
83d1a2406adcf73a907b665d8295af07a5cc9b7819beca66b3b759bf6e515732,INVESTMENT ADVISOR,Washington Crossing Advisers LLC,,ACTIVA,18 Columbia Turnpike Florham Park NJ 07932,973-549-4052,03/15/2017,IA-1153N,,,281511,NO,8,https://concesionarios.ocif.pr.gov/es/License/Index?LicenseTypeFilter=INVESTMENT+ADVISOR&Page=8&PageSize=100,2026-08-26T15:58:38+00:00,,,,,,,,unknown
0c749fd971411f5017100bff69b612947da7a2eb7960d6e957410bda67611a53,INVESTMENT ADVISOR,WCM Investment Management,,ACTIVA,281 Brooks St Laguna Beach CA 92651-2974,949-380-0200,08/31/2005,IA-0646N,,David Andrew Brewer,104702,NO,8,https://concesionarios.ocif.pr.gov/es/License/Index?LicenseTypeFilter=INVESTMENT+ADVISOR&Page=8&PageSize=100,2026-08-26T15:58:38+00:00,,,,,,,,unknown
979d3f5ad7de0ffb5f01c012be2ad986f52e88f60b3ca4e65fcc55cc288cb165,INVESTMENT ADVISOR,Wealthfront Inc.,,ACTIVA,900 Middlefield Rd 2nd Floor Redwood City CA 96063,650-249-4258,10/31/2016,IA-1134N,,John Torola,148456,NO,8,https://concesionarios.ocif.pr.gov/es/License/Index?LicenseTypeFilter=INVESTMENT+ADVISOR&Page=8&PageSize=100,2026-08-26T15:58:38+00:00,,,,,,,,unknown
825cd2de24a264f5fbb70f38514060917dc783e8af2444c243e41c968f9fab17,INVESTMENT ADVISOR,Webull Advisors LLC,,ACTIVA,200 Carillon Parkway St. Petersburg FL 33716,1-917-725-2408,08/17/2023,IA-1605N,,Sara Schwartz,304881,NO,8,https://concesionarios.ocif.pr.gov/es/License/Index?LicenseTypeFilter=INVESTMENT+ADVISOR&Page=8&PageSize=100,2026-08-26T15:58:38+00:00,,,,,,,,unknown
0dbd737f49a505efc1dc63cc30bd463c26a30e5491b6fa36b7954b149c5aaa19,INVESTMENT ADVISOR,Wedbush Securities Inc.,,ACTIVA,1000 Wilshire Blvd. Suite 900 Los Angeles CA 90017,213-688-6608,09/30/2014,IA-1027N,,"Vincent J. Moy, Vincent J. Moy",877,NO,8,https://concesionarios.ocif.pr.gov/es/License/Index?LicenseTypeFilter=INVESTMENT+ADVISOR&Page=8&PageSize=100,2026-08-26T15:58:38+00:00,,,,,,,,unknown
148baf568d3e9bfc56192e92fbcd63565137ede0e8b58fbf139b0d78c61f600b,INVESTMENT ADVISOR,Wells Capital Management Inc.,,ACTIVA,525 Market St 10th Fl San Francisco CA 94105,415-396-8000,09/29/2000,IA-0371N,,Siobhan Foy,104973,NO,8,https://concesionarios.ocif.pr.gov/es/License/Index?LicenseTypeFilter=INVESTMENT+ADVISOR&Page=8&PageSize=100,2026-08-26T15:58:38+00:00,,,,,,,,unknown
40dd09173251a4d24a621afd7c8ed49cb3ab8bf207cf2480a5182b5ff054e3ac,INVESTMENT ADVISOR,"Wells Fargo Advisors Financial Network, LLC",,ACTIVA,One North Jefferson Avenue St Louis MO 63103,800-999-4328,03/28/2016,IA-1113N,,Paul Sankovich,11025,NO,8,https://concesionarios.ocif.pr.gov/es/License/Index?LicenseTypeFilter=INVESTMENT+ADVISOR&Page=8&PageSize=100,2026-08-26T15:58:38+00:00,,,,,,,,unknown
8c8b73d4ea798fb440f15172cc91042e1a26400128b187ef6a3a1e72374e1f41,INVESTMENT ADVISOR,"Wells Fargo Clearing Services, LLC",,ACTIVA,One North Jefferson Avenue St. Louis MO 63103,314-955-9949,08/02/2002,IA-0508N,,"Chris Ragsdale, Robert T Mooney",19616,NO,8,https://concesionarios.ocif.pr.gov/es/License/Index?LicenseTypeFilter=INVESTMENT+ADVISOR&Page=8&PageSize=100,2026-08-26T15:58:38+00:00,,,,,,,,unknown
fef7db411b156fae1786e9e5b4781b1a2363673f65b5ddb6f3721406ab9788c2,INVESTMENT ADVISOR,"Wells Fargo Funds Management, LLC",,ACTIVA,525 Market St 12th Fl San Francisco CA 94105-2724,415-396-6122,03/26/2010,IA-0862N,,Robert Guerin,110841,NO,8,https://concesionarios.ocif.pr.gov/es/License/Index?LicenseTypeFilter=INVESTMENT+ADVISOR&Page=8&PageSize=100,2026-08-26T15:58:38+00:00,,,,,,,,unknown
703435bcdbabc14daed652aaab4750cbfbdac9cc9004415b6f48800851859448,INVESTMENT ADVISOR,"Wells Fargo Investment Institute, Inc.",,ACTIVA,"401 South Tryon Street 2nd Floor, D1050-026 Charlotte NC 28202",704-715-4564,03/31/2017,IA-1164N,,Brigid (NMN) Breen,133204,NO,8,https://concesionarios.ocif.pr.gov/es/License/Index?LicenseTypeFilter=INVESTMENT+ADVISOR&Page=8&PageSize=100,2026-08-26T15:58:38+00:00,,,,,,,,unknown
d453b03fb328927474e4120103b3241ba1d28e436dca37063706321a0ed1bd54,INVESTMENT ADVISOR,"Westend Advisors, LLC",,ACTIVA,4064 Colony Road Suite 130 Charlotte NC 28211,704-556-9300,03/23/2021,IA-1397N,,James W. Cox IV,133279,NO,8,https://concesionarios.ocif.pr.gov/es/License/Index?LicenseTypeFilter=INVESTMENT+ADVISOR&Page=8&PageSize=100,2026-08-26T15:58:38+00:00,,,,,,,,unknown
ad05e9ada00c1abf18eb46457454416e10321d3fe51c9d9909dccb428909cf16,INVESTMENT ADVISOR,Western Asset Management Company,,ACTIVA,385 E Colorado Blvd Pasadena CA 91101,626-844-9400,06/29/2007,IA-0755N,,Kevin Ehrlich,110441,NO,8,https://concesionarios.ocif.pr.gov/es/License/Index?LicenseTypeFilter=INVESTMENT+ADVISOR&Page=8&PageSize=100,2026-08-26T15:58:38+00:00,,,,,,,,unknown
bd070e0c932e46c7ea599d903de5d7f0429f4e35bf920d62f1e0041886f64c9d,INVESTMENT ADVISOR,Western Wealth Management LLC,,ACTIVA,440 Indiana St. Suite 100 Golden CO 80401,303-393-2404,03/29/2021,IA-1401N,,Gerhardt E. Buenning,283545,NO,8,https://concesionarios.ocif.pr.gov/es/License/Index?LicenseTypeFilter=INVESTMENT+ADVISOR&Page=8&PageSize=100,2026-08-26T15:58:38+00:00,,,,,,,,unknown
92512aab6b362cf45edfbe7e79132d5ecc9857caa18f4141e5e67133430c427c,INVESTMENT ADVISOR,"Westfield Capital Management Company, L.P.",,ACTIVA,One Financial Center Boston MA 02111,617-428-7100,06/30/2008,IA-0797N,,Helen McAuley,146990,NO,8,https://concesionarios.ocif.pr.gov/es/License/Index?LicenseTypeFilter=INVESTMENT+ADVISOR&Page=8&PageSize=100,2026-08-26T15:58:38+00:00,,,,,,,,unknown
82fe270f26dd3fab6fbacfaacfc02d09fedd80e4e1fef29df4cd889ff2e46ac3,INVESTMENT ADVISOR,William Blair,,ACTIVA,222 West Adams St Chicago IL 60606-5312,312-236-1600,12/04/2003,IA-0570N,,"Kenneth L Wagner, Walter R Randall Jr",1252,NO,8,https://concesionarios.ocif.pr.gov/es/License/Index?LicenseTypeFilter=INVESTMENT+ADVISOR&Page=8&PageSize=100,2026-08-26T15:58:38+00:00,,,,,,,,unknown
6837001fe938110742d3b05ec2d223b0459de1c3b1327e393d0b70c76d388ec0,INVESTMENT ADVISOR,"William Blair Investment Management, LLC",,ACTIVA,222 West Adams St. Chicago IL 60606,312-236-1600,12/04/2014,IA-1034N,,"Walter R. Randall, Jr.",173961,NO,8,https://concesionarios.ocif.pr.gov/es/License/Index?LicenseTypeFilter=INVESTMENT+ADVISOR&Page=8&PageSize=100,2026-08-26T15:58:38+00:00,,,,,,,,unknown
861dbbbb89b103d26ee0d148bf4778d5f092252c57bcb4db08c66114ab55ec90,INVESTMENT ADVISOR,"Williams Jones Wealth Management, LLC",,ACTIVA,717 Fifth Avenue 11th Floor New York NY 10022,212-935-8750,03/20/2025,IA-1708N,,Jeff Schweon,301925,NO,8,https://concesionarios.ocif.pr.gov/es/License/Index?LicenseTypeFilter=INVESTMENT+ADVISOR&Page=8&PageSize=100,2026-08-26T15:58:38+00:00,,,,,,,,unknown
a3a08f13dbe06cb921ec9f4f175253e5ed1e2b5c65f194413e9945a493ddc109,INVESTMENT ADVISOR,Wilshire Associates Inc.,,ACTIVA,1299 Ocean Ave Suite 700 Santa Monica CA 90401-1085,310-451-3051,03/18/2010,IA-0859N,,Benkai Bouey,6210,NO,8,https://concesionarios.ocif.pr.gov/es/License/Index?LicenseTypeFilter=INVESTMENT+ADVISOR&Page=8&PageSize=100,2026-08-26T15:58:38+00:00,,,,,,,,unknown
cbb53e598d5b315aa42717f43b33b7abbdac7c758355cb371ade084a990ad906,INVESTMENT ADVISOR,"Win Advisors, Inc.",,ACTIVA,11440 North Jog Rd Palm Beach Gardens FL 33418-3764,561-472-2000,05/24/2019,IA-1298N,,Mary Therese Walsh,300351,NO,8,https://concesionarios.ocif.pr.gov/es/License/Index?LicenseTypeFilter=INVESTMENT+ADVISOR&Page=8&PageSize=100,2026-08-26T15:58:38+00:00,,,,,,,,unknown
7b3d70d62c0a4eb0becd23aec46805f2158694b91608d2e9966fc5f37cee608d,INVESTMENT ADVISOR,Winslow Capital Management LLC,,ACTIVA,4720 IDS Tower 80 S 5th St Minneapolis MN 55402,612-376-9100,08/17/2006,IA-0707N,,Laura J Hewkins,106940,NO,8,https://concesionarios.ocif.pr.gov/es/License/Index?LicenseTypeFilter=INVESTMENT+ADVISOR&Page=8&PageSize=100,2026-08-26T15:58:38+00:00,,,,,,,,unknown
94ebf70a6687c3f199d03e0725795cb131d7ec8056b17c78b716a265a8aeba80,INVESTMENT ADVISOR,"World Investment Advisors, LLC",,ACTIVA,24 E. Cota Street Suite 200 Santa Barbara CA 93101,888-201-5488,08/01/2024,IA-1675N,,Katherine Mach,208512,NO,8,https://concesionarios.ocif.pr.gov/es/License/Index?LicenseTypeFilter=INVESTMENT+ADVISOR&Page=8&PageSize=100,2026-08-26T15:58:38+00:00,,,,,,,,unknown
c5d6c43a89a6994f2ed750b0d496cb57f435aeb37dd9160b5c75e6d43dcc5e15,INVESTMENT ADVISOR,"X-Square Capital, LLC",,ACTIVA,"Popular Center Building 209 Muñoz Rivera, Suite 1111 Hato Rey PR 00918",787-282-1621,07/12/2013,IA-0952N,,Ruben A Tapia Vargas,167237,NO,8,https://concesionarios.ocif.pr.gov/es/License/Index?LicenseTypeFilter=INVESTMENT+ADVISOR&Page=8&PageSize=100,2026-08-26T15:58:38+00:00,,,,,,,,unknown
27c91c5dea9afbe54c0e862b2675639a130d32b034da0feeffea6ae86ea7cf1d,INVESTMENT ADVISOR,Yieldstreet,,ACTIVA,300 Park Avenue 15th Floor New York NY 10022,844-943-5378,08/02/2023,IA-1603N,,Frances Rabias,282487,NO,8,https://concesionarios.ocif.pr.gov/es/License/Index?LicenseTypeFilter=INVESTMENT+ADVISOR&Page=8&PageSize=100,2026-08-26T15:58:38+00:00,,,,,,,,unknown
c88ff4872ccfb09b11eb12633c21a726e7af29950bd0d181a4367dbf17c415d4,INVESTMENT ADVISOR,Yoshi Advisory,,ACTIVA,Ferry Building 1 Suite 201 San Francisco CA 94111,1-877-665-7734,05/01/2026,IA-1798N,,Adam Israel,339574,NO,8,https://concesionarios.ocif.pr.gov/es/License/Index?LicenseTypeFilter=INVESTMENT+ADVISOR&Page=8&PageSize=100,2026-08-26T15:58:38+00:00,,,,,,,,unknown
b8cbecd976660c8efd190bb9a79fa3e919a0ca94841f01ccb383adbac38b5dfd,INVESTMENT ADVISOR,"Zacks Investment Management, Inc.",,ACTIVA,One S Wacker Dr Suite 2700 Chicago IL 60606,312-265-9266,07/28/2006,IA-0702N,,Frank C Lanza,110897,NO,8,https://concesionarios.ocif.pr.gov/es/License/Index?LicenseTypeFilter=INVESTMENT+ADVISOR&Page=8&PageSize=100,2026-08-26T15:58:38+00:00,,,,,,,,unknown
22ace3fe7c656803515870e18e027060dee5e0415377ad24dadaef77b2b408d5,INVESTMENT ADVISOR,Zevenbergen Capital Investments LLC,,ACTIVA,601 Union Street Suite 4600 Seattle WA 98101-4050,206-682-8469,08/10/2022,IA-1541N,,Alexa Parker Kopicky,128990,NO,8,https://concesionarios.ocif.pr.gov/es/License/Index?LicenseTypeFilter=INVESTMENT+ADVISOR&Page=8&PageSize=100,2026-08-26T15:58:38+00:00,,,,,,,,unknown
