source_record_id,report_year_raw,insurer_name_raw,report_url,source_url,retrieved_at_utc,geo_municipality_code,geo_municipality_name,geo_county_fips,geo_zip,geo_lat,geo_lon,geo_attribution_source,geo_attribution_confidence
8d02cf9610d6a1d402ae18bf85f32ba983d15e016cfac188f0252fae6135f1a0,2025,Asociación de Suscripción Conjunta del Seguro de Responsabilidad Obligatorio,https://docs.pr.gov/files/OCS/Regulados/Informes%20Anuales/2025/Asociaci%C3%B3n%20de%20Suscripci%C3%B3n%20Conjunta%20del%20Seguro%20de%20Responsabilidad%20Obligatorio.pdf,https://www.ocs.pr.gov/regulados/informes-anuales,2026-09-12T08:31:25+00:00,,,,,,,,unknown
5b126d26b466983084c1168d78fbe18ecca52464865deb7b7ada603814d39d6e,2025,Plan Médico Servicios de Salud Bella Vista,https://docs.pr.gov/files/OCS/Regulados/Informes%20Anuales/2025/Plan%20M%C3%A9dico%20Servicios%20de%20Salud%20Bella%20Vista.pdf,https://www.ocs.pr.gov/regulados/informes-anuales,2026-09-12T08:31:25+00:00,,,,,,,,unknown
689eafb79adaa1ae1e0ba4c3ec70c3c8bcc57c256f8d97790c134c55bc534d74,2025,Premier Insurance Company,https://docs.pr.gov/files/OCS/Regulados/Informes%20Anuales/2025/Premier%20Insurance%20Company.pdf,https://www.ocs.pr.gov/regulados/informes-anuales,2026-09-12T08:31:25+00:00,,,,,,,,unknown
75cfe4d4688c1e58397da97795ff426c423deafcf4a9a32c50c1c6d258892733,2025,Soda Seguros,https://docs.pr.gov/files/OCS/Regulados/Informes%20Anuales/2025/Soda%20Seguros.pdf,https://www.ocs.pr.gov/regulados/informes-anuales,2026-09-12T08:31:25+00:00,,,,,,,,unknown
f0f68a14e8ae3350c229dbcb7eac6ff426638226eb3cad91073d0364052816cc,2025,AIG Insurance Company - Puerto Rico,https://docs.pr.gov/files/OCS/Regulados/Informes%20Anuales/2025/AIG%20Insurance%20Company-Puerto%20Rico.pdf,https://www.ocs.pr.gov/regulados/informes-anuales,2026-09-12T08:31:25+00:00,,,,,,,,unknown
60cff86595135e275fb49792ec5ae53fe27b1e7128a080f23e218fb0cb614e8e,2025,Antilles Insurance Company,https://docs.pr.gov/files/OCS/Regulados/Informes%20Anuales/2025/Antilles%20Insurance%20Company.pdf,https://www.ocs.pr.gov/regulados/informes-anuales,2026-09-12T08:31:25+00:00,,,,,,,,unknown
084583b4385cc183f731a585fc3ff50568e681d759c9bdc7d1f4a855d1c27f14,2025,"Auxilio Salud Plus, Inc.","https://docs.pr.gov/files/OCS/Regulados/Informes%20Anuales/2025/Auxilio%20Salud%20Plus,%20Inc..pdf",https://www.ocs.pr.gov/regulados/informes-anuales,2026-09-12T08:31:25+00:00,,,,,,,,unknown
9b3480332ba022f548eba45756c9e33f5d207e352bd80fac8be4c52c39fac1a7,2025,"Blitz Insurance, Inc.","https://docs.pr.gov/files/OCS/Regulados/Informes%20Anuales/2025/Blitz%20Insurance,%20Inc..pdf",https://www.ocs.pr.gov/regulados/informes-anuales,2026-09-12T08:31:25+00:00,,,,,,,,unknown
d915474dc32d995fe425ac02fa5132fdb043649cf151e20b624f7026cb1c1ac5,2025,Caribbean American Life Assurance Company,https://docs.pr.gov/files/OCS/Regulados/Informes%20Anuales/2025/Caribbean%20American%20Life%20Assurance%20Company.pdf,https://www.ocs.pr.gov/regulados/informes-anuales,2026-09-12T08:31:25+00:00,,,,,,,,unknown
155fe97755d1c1256fbc15e8879abb02321830a028e93abd9c4ebf27d0324339,2025,Caribbean American Property Insurance Company,https://docs.pr.gov/files/OCS/Regulados/Informes%20Anuales/2025/Caribbean%20American%20Property%20Insurance%20Company.pdf,https://www.ocs.pr.gov/regulados/informes-anuales,2026-09-12T08:31:25+00:00,,,,,,,,unknown
f023a07432e9a5260daf4b49a00cd97addff0a0c00a27976663758fc83ef0c83,2025,Chubb Insurance Company of Puerto Rico,https://docs.pr.gov/files/OCS/Regulados/Informes%20Anuales/2025/Chubb%20Insurance%20Company%20of%20Puerto%20Rico.pdf,https://www.ocs.pr.gov/regulados/informes-anuales,2026-09-12T08:31:25+00:00,,,,,,,,unknown
9f7f22a60b829d020862f4b3e16fa325d525883591b8680c1d54e4283980e57e,2025,"Cooperativa de Seguros de Vida de PR, COSVI",https://docs.pr.gov/files/OCS/Regulados/Informes%20Anuales/2025/Cooperativa%20de%20Seguros%20de%20Vida%20(COSVI).pdf,https://www.ocs.pr.gov/regulados/informes-anuales,2026-09-12T08:31:25+00:00,,,,,,,,unknown
79138affce40d579e903450a79ae3cd199747cb10194263ef1728d0cd2b7c548,2025,Cooperativa de Seguros Múltiples de PR,https://docs.pr.gov/files/OCS/Regulados/Informes%20Anuales/2025/Cooperativa%20de%20Seguros%20Multiples%20de%20Puerto%20Rico.pdf,https://www.ocs.pr.gov/regulados/informes-anuales,2026-09-12T08:31:25+00:00,,,,,,,,unknown
5fec2772c6d23becade5500c7d48dbd2ac4e0d8d4249880d3359e86255f3c944,2025,"Covernet Insurance Company, Inc.",https://docs.pr.gov/files/OCS/Regulados/Informes%20Anuales/2025/Covernet%20Insurance%20Company.pdf,https://www.ocs.pr.gov/regulados/informes-anuales,2026-09-12T08:31:25+00:00,,,,,,,,unknown
f287e4e96cc7c76ad36a39e8a4c8cf94f292bb31880206ed9711688bd94e3f60,2025,"Delta Dental of Puerto Rico, Inc.","https://docs.pr.gov/files/OCS/Regulados/Informes%20Anuales/2025/Delta%20Dental%20of%20Puerto%20Rico,%20Inc..pdf",https://www.ocs.pr.gov/regulados/informes-anuales,2026-09-12T08:31:25+00:00,,,,,,,,unknown
197363c35f8557da8ed43c328e88fbf4c0965c2be87a22f4348bcbe708146225,2025,"First Medical Health Plan, Inc.","https://docs.pr.gov/files/OCS/Regulados/Informes%20Anuales/2025/First%20Medical%20Health%20Plan,%20Inc..pdf",https://www.ocs.pr.gov/regulados/informes-anuales,2026-09-12T08:31:25+00:00,,,,,,,,unknown
e1f75efc22acc40f3917e7f31d2466bfacb5fae6052d34d9bd41b4a4ede35cfc,2025,Guardian Insurance Company of Puerto Rico,"https://docs.pr.gov/files/OCS/Regulados/Informes%20Anuales/2025/Guardian%20Insurance%20Company%20of%20Puerto%20Rico,%20Incorporated.pdf",https://www.ocs.pr.gov/regulados/informes-anuales,2026-09-12T08:31:25+00:00,,,,,,,,unknown
5934b2eaf00eeb3066625c8833f7435e535d7081f3ccef5397b870da4ef03ee3,2025,"Humana Health Plans of Puerto Rico, Inc.","https://docs.pr.gov/files/OCS/Regulados/Informes%20Anuales/2025/Humana%20Health%20Plans%20of%20Puerto%20Rico,%20Inc..pdf",https://www.ocs.pr.gov/regulados/informes-anuales,2026-09-12T08:31:25+00:00,,,,,,,,unknown
0960feef90a088453db705930c06d0e70fe5f4e609811e74cc7e3afed6681490,2025,"Humana Insurance of Puerto Rico, Inc.","https://docs.pr.gov/files/OCS/Regulados/Informes%20Anuales/2025/Humana%20Insurance%20of%20Puerto%20Rico,%20Inc..pdf",https://www.ocs.pr.gov/regulados/informes-anuales,2026-09-12T08:31:25+00:00,,,,,,,,unknown
daf9e1d1751d492c710febf83125f633c522ad0c1b9f02bfaf7a65c3f46e5259,2025,MAPFRE Life Insurance Company of Puerto Rico,https://docs.pr.gov/files/OCS/Regulados/Informes%20Anuales/2025/MAPFRE%20Life%20Insurance%20Company%20of%20Puerto%20Rico.pdf,https://www.ocs.pr.gov/regulados/informes-anuales,2026-09-12T08:31:25+00:00,,,,,,,,unknown
be6883170d58451a005f93e8f5db3ecdbf972ca4e6f85a6d36af45b9f19fc4f1,2025,MAPFRE Pan American Insurance Company,https://docs.pr.gov/files/OCS/Regulados/Informes%20Anuales/2025/MAPFRE%20Pan%20American%20Insurance%20Company.pdf,https://www.ocs.pr.gov/regulados/informes-anuales,2026-09-12T08:31:25+00:00,,,,,,,,unknown
d2a404e85dad81c933efe08015c74467473ba5cc14587aa953c38362372b0de0,2025,MAPFRE PRAICO Insurance Company,https://docs.pr.gov/files/OCS/Regulados/Informes%20Anuales/2025/MAPFRE%20PRAICO%20Insurance%20Company.pdf,https://www.ocs.pr.gov/regulados/informes-anuales,2026-09-12T08:31:25+00:00,,,,,,,,unknown
7e667f14a495c7d0d9c4f35d4522545dd42cb906056f25d6322d67108068f5a5,2025,"MCS Advantage, Inc.","https://docs.pr.gov/files/OCS/Regulados/Informes%20Anuales/2025/MCS%20Advantage,%20Inc..pdf",https://www.ocs.pr.gov/regulados/informes-anuales,2026-09-12T08:31:25+00:00,,,,,,,,unknown
50e9996175578a604f16dee98b35e17b9a92bb040fde525722ff55c8e5505fde,2025,"MCS Health Management Options, Inc.","https://docs.pr.gov/files/OCS/Regulados/Informes%20Anuales/2025/MCS%20Health%20Management%20Options,%20Inc..pdf",https://www.ocs.pr.gov/regulados/informes-anuales,2026-09-12T08:31:25+00:00,,,,,,,,unknown
94596585d4a2ebe46d68eb660afaab4336fca118b235d9637ce6e06a8b9bea50,2025,MCS Life Insurance Company,https://docs.pr.gov/files/OCS/Regulados/Informes%20Anuales/2025/MCS%20Life%20Insurance%20Company.pdf,https://www.ocs.pr.gov/regulados/informes-anuales,2026-09-12T08:31:25+00:00,,,,,,,,unknown
dc0934233ff7ca32940aa9a35a3ba630304fc3d56df201c66e1f4565f7a5eea2,2025,"MMM Healthcare, LLC","https://docs.pr.gov/files/OCS/Regulados/Informes%20Anuales/2025/MMM%20Healthcare,%20LLC.pdf",https://www.ocs.pr.gov/regulados/informes-anuales,2026-09-12T08:31:25+00:00,,,,,,,,unknown
583d37b0eff40a150fd55a6d7153aba5278ab428ffd9be41611f378f9b02803a,2025,"MMM Multi Health, LLC","https://docs.pr.gov/files/OCS/Regulados/Informes%20Anuales/2025/MMM%20Multi%20Health,%20LLC.pdf",https://www.ocs.pr.gov/regulados/informes-anuales,2026-09-12T08:31:25+00:00,,,,,,,,unknown
e174ded0b3789a21daf951d63cb7a4739d8bfb5155ffe7ff373762614adaa5de,2025,Multinational Insurance Company,https://docs.pr.gov/files/OCS/Regulados/Informes%20Anuales/2025/Multinational%20Insurance%20Company.pdf,https://www.ocs.pr.gov/regulados/informes-anuales,2026-09-12T08:31:25+00:00,,,,,,,,unknown
383b146866b5b197282d03baa80476c0036e7c7b9401ee53cd58f3b3a73a32cf,2025,Multinational Life Insurance Company,https://docs.pr.gov/files/OCS/Regulados/Informes%20Anuales/2025/Multinational%20Life%20Insurance%20Company.pdf,https://www.ocs.pr.gov/regulados/informes-anuales,2026-09-12T08:31:25+00:00,,,,,,,,unknown
00e00c5fb496dec639262a5b88bee2dec22d192a14f30a3fe78d21abaf2b861f,2025,One Alliance Insurance Corporation,https://docs.pr.gov/files/OCS/Regulados/Informes%20Anuales/2025/One%20Alliance%20Insurance%20Corporation.pdf,https://www.ocs.pr.gov/regulados/informes-anuales,2026-09-12T08:31:25+00:00,,,,,,,,unknown
986318d3a039a04ea2f233993bd677c5dfd1e79541a9f944a057955b1aae8848,2025,Óptima Seguros,https://docs.pr.gov/files/OCS/Regulados/Informes%20Anuales/2025/%C3%93ptima%20Seguros.pdf,https://www.ocs.pr.gov/regulados/informes-anuales,2026-09-12T08:31:25+00:00,,,,,,,,unknown
22a00e0920a89ca04bd6395c183bc365b79f35954c1a36453e5beabc11716a60,2025,"Plan de Salud Menonita, Inc.","https://docs.pr.gov/files/OCS/Regulados/Informes%20Anuales/2025/Plan%20de%20Salud%20Menonita,%20Inc..pdf",https://www.ocs.pr.gov/regulados/informes-anuales,2026-09-12T08:31:25+00:00,,,,,,,,unknown
e7fb6837f58879d7965e6d6c69d15f8f03ec625b38d8d60ffbb5c2ae41bc80d2,2025,"PMC Medicare Choice, LLC.","https://docs.pr.gov/files/OCS/Regulados/Informes%20Anuales/2025/PMC%20Medicare%20Choice,%20LLC.pdf",https://www.ocs.pr.gov/regulados/informes-anuales,2026-09-12T08:31:25+00:00,,,,,,,,unknown
691b5bcd2bbeab25e655713c1354b0f849e6f14d8b81ff466248fe9e865c8ca2,2025,"Point Guard Insurance Company, Inc.","https://docs.pr.gov/files/OCS/Regulados/Informes%20Anuales/2025/Point%20Guard%20Insurance%20Company,%20Inc..pdf",https://www.ocs.pr.gov/regulados/informes-anuales,2026-09-12T08:31:25+00:00,,,,,,,,unknown
00fc5c048a24b08519a4d1af93e001eed1c64637fca048f20b29c1c787a43764,2025,Popular Life Re,https://docs.pr.gov/files/OCS/Regulados/Informes%20Anuales/2025/Popular%20Life%20Re.pdf,https://www.ocs.pr.gov/regulados/informes-anuales,2026-09-12T08:31:25+00:00,,,,,,,,unknown
a1c74afa1a6a3918a061ff75005fdb51784bbcee10c57530fc1b7baca95fb965,2025,"Popular Re, Inc.",https://docs.pr.gov/files/OCS/Regulados/Informes%20Anuales/2025/Popular%20Re%20Inc..pdf,https://www.ocs.pr.gov/regulados/informes-anuales,2026-09-12T08:31:25+00:00,,,,,,,,unknown
5a34d6a2451889de47b30307f37b92f262d65cc22f2360261c5825673ae1d738,2025,Puerto Rico Medical Defense Insurance Company,https://docs.pr.gov/files/OCS/Regulados/Informes%20Anuales/2025/Puerto%20Rico%20Medical%20Defense%20Insurance%20Company.pdf,https://www.ocs.pr.gov/regulados/informes-anuales,2026-09-12T08:31:25+00:00,,,,,,,,unknown
08fd9153e398a5277b10c0eb3ae1d52ddf6a0d3e1dd18391e9e37da28bfc87bb,2025,Redbridge Insurance Company,https://docs.pr.gov/files/OCS/Regulados/Informes%20Anuales/2025/Redbridge%20Insurance%20Company.pdf,https://www.ocs.pr.gov/regulados/informes-anuales,2026-09-12T08:31:25+00:00,,,,,,,,unknown
db7bd9e0d0804ef0839c82e6122f4c037a130e2e4b13ab83ca14ced386140c07,2025,"Ryder Health Plan, Inc.","https://docs.pr.gov/files/OCS/Regulados/Informes%20Anuales/2025/Ryder%20Health%20Plan,%20Inc..pdf",https://www.ocs.pr.gov/regulados/informes-anuales,2026-09-12T08:31:25+00:00,,,,,,,,unknown
f2c1736975b489db2b40ee3ee042f800112dc393adfef677b1b672b762312f00,2025,SIMED,https://docs.pr.gov/files/OCS/Regulados/Informes%20Anuales/2025/SIMED.pdf,https://www.ocs.pr.gov/regulados/informes-anuales,2026-09-12T08:31:25+00:00,,,,,,,,unknown
a0417028f4d6a147dee9739e68b9d80fc5b6f48113df566745ff62b62b9e2ab0,2025,Tower Bonding and Surety Company,https://docs.pr.gov/files/OCS/Regulados/Informes%20Anuales/2025/Tower%20Bonding%20and%20Surety%20Company.pdf,https://www.ocs.pr.gov/regulados/informes-anuales,2026-09-12T08:31:25+00:00,,,,,,,,unknown
d0a85babddc83940c134866707b40e3720d144ff3a9d6b4d89ac801794f6d387,2025,Trans-Oceanic Life Insurance Company,https://servicios.ocs.pr.gov/Interfaces/2025_Trans-Oceanic_Life_Insurance_Company.pdf,https://www.ocs.pr.gov/regulados/informes-anuales,2026-09-12T08:31:25+00:00,,,,,,,,unknown
90647a343139e8102c209ccc5929a75b4d69668a136da456a0924e64fc61be9d,2025,"Triple-S Advantage, Inc.","https://docs.pr.gov/files/OCS/Regulados/Informes%20Anuales/2025/Triple-S%20Advantage,%20Inc..pdf",https://www.ocs.pr.gov/regulados/informes-anuales,2026-09-12T08:31:25+00:00,,,,,,,,unknown
4331ff7a051c467b06f6424c8d437b749c279fd4c827c5d3aaa41ebf33fde339,2025,Triple-S Propiedad,"https://docs.pr.gov/files/OCS/Regulados/Informes%20Anuales/2025/Triple-S%20Propiedad,%20Inc..pdf",https://www.ocs.pr.gov/regulados/informes-anuales,2026-09-12T08:31:25+00:00,,,,,,,,unknown
6150c58db7387d5f9f0f9161cf4dbd692a506fa0d63b4c336c50dba41cb80314,2025,"Triple-S Salud, Inc.","https://docs.pr.gov/files/OCS/Regulados/Informes%20Anuales/2025/Triple-S%20Salud,%20Inc..pdf",https://www.ocs.pr.gov/regulados/informes-anuales,2026-09-12T08:31:25+00:00,,,,,,,,unknown
1b617d5bb3ac0083e323771dc11e3ab2712dbb0c33304f100b28889451b94194,2025,"Triple-S Vida, Inc.","https://docs.pr.gov/files/OCS/Regulados/Informes%20Anuales/2025/Triple-S%20Vida,%20Inc..pdf",https://www.ocs.pr.gov/regulados/informes-anuales,2026-09-12T08:31:25+00:00,,,,,,,,unknown
ecf14f73a405bc9c47d405bd6b5d3b72adb7a80c99ceedd61e885f9ece397a4d,2025,United Surety and Indemnity Company,https://docs.pr.gov/files/OCS/Regulados/Informes%20Anuales/2025/United%20Surety%20and%20Indemnity%20Company.pdf,https://www.ocs.pr.gov/regulados/informes-anuales,2026-09-12T08:31:25+00:00,,,,,,,,unknown
5af958c13882f7bd765463a513ad0ae6e58f7e7d31b30b4a0474ecf5f4333ffe,2025,Universal Insurance Company,https://docs.pr.gov/files/OCS/Regulados/Informes%20Anuales/2025/Universal%20Insurance%20Company.pdf,https://www.ocs.pr.gov/regulados/informes-anuales,2026-09-12T08:31:25+00:00,,,,,,,,unknown
0a1b87a66f311f6d3e8c204c41e6fc52453861ad2963ddf46fdc8707a372110e,2025,Universal Life Insurance Company,https://docs.pr.gov/files/OCS/Regulados/Informes%20Anuales/2025/Universal%20Life%20Insurance%20Company.pdf,https://www.ocs.pr.gov/regulados/informes-anuales,2026-09-12T08:31:25+00:00,,,,,,,,unknown
bd0c4bf2b23be9cdbf85b859d246ec6ef212013168af27c8e959242ebe36f717,2024,"Ryder Health Plan, Inc.","https://docs.pr.gov/files/OCS/Regulados/Informes%20Anuales/2024/Ryder%20Health%20Plan,%20Inc.pdf",https://www.ocs.pr.gov/regulados/informes-anuales,2026-09-12T08:31:25+00:00,,,,,,,,unknown
59d7e4ee0e57704d7c841b0fdc94f40c6665e02adea97184e9309ca5528fd0fa,2024,MAPFRE PRAICO Insurance Company,https://docs.pr.gov/files/OCS/Regulados/Informes%20Anuales/2024/MAPFRE%20PRAICO%20Insurance%20Company.pdf,https://www.ocs.pr.gov/regulados/informes-anuales,2026-09-12T08:31:25+00:00,,,,,,,,unknown
4f09ad19ef51a663606b0d38f3fd087cf867d728e052a2092ea4c33450dbcc5d,2024,Universal Life Insurance Company,https://docs.pr.gov/files/OCS/Regulados/Informes%20Anuales/2024/Universal%20Life%20Insurance%20Company.pdf,https://www.ocs.pr.gov/regulados/informes-anuales,2026-09-12T08:31:25+00:00,,,,,,,,unknown
4a0fe62c0ebcaae26a2ad7478a1d663855cdbe0f0ac0f203835023ba6673cf65,2024,Universal Insurance Company,https://docs.pr.gov/files/OCS/Regulados/Informes%20Anuales/2024/Universal%20Insurance%20Company.pdf,https://www.ocs.pr.gov/regulados/informes-anuales,2026-09-12T08:31:25+00:00,,,,,,,,unknown
735446eff39b9009c3e9d9be2edaf9e7a5b9ddeffeca8df566e4ccc2aa13f862,2024,United Surety and Indemnity Company,https://docs.pr.gov/files/OCS/Regulados/Informes%20Anuales/2024/United%20Surety%20and%20Indemnity%20Company.pdf,https://www.ocs.pr.gov/regulados/informes-anuales,2026-09-12T08:31:25+00:00,,,,,,,,unknown
4704032b3a39ede26644060a9b3b5224a1698f5a3422f0f7ecf928ff245c9d16,2024,"Triple-S Vida, Inc.","https://docs.pr.gov/files/OCS/Regulados/Informes%20Anuales/2024/Triple-S%20Vida,%20Inc.pdf",https://www.ocs.pr.gov/regulados/informes-anuales,2026-09-12T08:31:25+00:00,,,,,,,,unknown
cc5316485b53e6e8735b6a2f8209012a4a2512cb366f4af6b005cc4305edafa4,2024,"Triple-S Salud, Inc.","https://docs.pr.gov/files/OCS/Regulados/Informes%20Anuales/2024/Triple-S%20Salud,%20Inc.pdf",https://www.ocs.pr.gov/regulados/informes-anuales,2026-09-12T08:31:25+00:00,,,,,,,,unknown
6476d3ddd620f3c4a1c8cf001c108b564a4307a9d8d7074a9caa2b7e1cd949b5,2024,Triple-S Propiedad,"https://docs.pr.gov/files/OCS/Regulados/Informes%20Anuales/2024/Triple-S%20Propiedad,%20Inc.pdf",https://www.ocs.pr.gov/regulados/informes-anuales,2026-09-12T08:31:25+00:00,,,,,,,,unknown
adda1705799b47d32ea43395d5ff359b9259dc01f8f6b05060e6f1605459d285,2024,"Triple-S Advantage, Inc.","https://docs.pr.gov/files/OCS/Regulados/Informes%20Anuales/2024/Triple-S%20Advantage,%20Inc.pdf",https://www.ocs.pr.gov/regulados/informes-anuales,2026-09-12T08:31:25+00:00,,,,,,,,unknown
cf1e81855a3ee67f0c8b6aecc63676974a3b7b6b1ed32ce8464a5087e4f4f7b0,2024,Trans-Oceanic Life Insurance Company,https://docs.pr.gov/files/OCS/Regulados/Informes%20Anuales/2024/Trans-Oceanic%20Life%20Insurance%20Company.pdf,https://www.ocs.pr.gov/regulados/informes-anuales,2026-09-12T08:31:25+00:00,,,,,,,,unknown
ceb1041b31c8a430f9b60e3c4b305f0a82db57c6328437655212edad20d1277e,2024,Tower Bonding and Surety Company,https://docs.pr.gov/files/OCS/Regulados/Informes%20Anuales/2024/Tower%20Bonding%20and%20Surety%20Company.pdf,https://www.ocs.pr.gov/regulados/informes-anuales,2026-09-12T08:31:25+00:00,,,,,,,,unknown
b7a1ec1636cf104b74f4b6d828232ae02a6c43d92dfbc108f654e5e71fb8c866,2024,SIMED,https://docs.pr.gov/files/OCS/Regulados/Informes%20Anuales/2024/SIMED.pdf,https://www.ocs.pr.gov/regulados/informes-anuales,2026-09-12T08:31:25+00:00,,,,,,,,unknown
1467720ab36a62a3cc44cf49353c655690f0a87c5c44933a5395c252dcbd925b,2024,Puerto Rico Medical Defense Insurance Company,https://docs.pr.gov/files/OCS/Regulados/Informes%20Anuales/2024/Puerto%20Rico%20Medical%20Defense%20Insurance%20Company.pdf,https://www.ocs.pr.gov/regulados/informes-anuales,2026-09-12T08:31:25+00:00,,,,,,,,unknown
29fe0ddb6d274b933c8d66c591d8e40306ae1708597a4e6e9019ea3d2557d1d6,2024,Premier Insurance Company,https://docs.pr.gov/files/OCS/Regulados/Informes%20Anuales/2024/Premier%20Insurance%20Company.pdf,https://www.ocs.pr.gov/regulados/informes-anuales,2026-09-12T08:31:25+00:00,,,,,,,,unknown
3cba1447fcdcd9f6ae30a2196de83635117bc633194f1600fce722d6fb4f1884,2024,"Popular Re, Inc.","https://docs.pr.gov/files/OCS/Regulados/Informes%20Anuales/2024/Popular%20Re,%20Inc.pdf",https://www.ocs.pr.gov/regulados/informes-anuales,2026-09-12T08:31:25+00:00,,,,,,,,unknown
967e0d29acd40203ad96426d094a2fe2a76d40f91eff03214086c616ea83f588,2024,Popular Life Re,https://docs.pr.gov/files/OCS/Regulados/Informes%20Anuales/2024/Popular%20Life%20Re.pdf,https://www.ocs.pr.gov/regulados/informes-anuales,2026-09-12T08:31:25+00:00,,,,,,,,unknown
68d91b043491f46802645a7f1c6b222760816442d974e268a4e448755c582e80,2024,"Point Guard Insurance Company, Inc.","https://docs.pr.gov/files/OCS/Regulados/Informes%20Anuales/2024/Point%20Guard%20Insurance%20Company,%20Inc.pdf",https://www.ocs.pr.gov/regulados/informes-anuales,2026-09-12T08:31:25+00:00,,,,,,,,unknown
d16aa910e44b4e2cbffd70f087ece647d9905a6f1c9b76afe427acb6188b4a49,2024,"PMC Medicare Choice, LLC.","https://docs.pr.gov/files/OCS/Regulados/Informes%20Anuales/2024/PMC%20Medicare%20Choice,%20LLC.pdf",https://www.ocs.pr.gov/regulados/informes-anuales,2026-09-12T08:31:25+00:00,,,,,,,,unknown
819d4344d6eee8df8d05561115763e1cd60ab9c6ca0d4a04770be3bafff24fb5,2024,Plan Médico Servicios de Salud Bella Vista,https://docs.pr.gov/files/OCS/Regulados/Informes%20Anuales/2024/Plan%20M%C3%A9dico%20Servicios%20de%20Salud%20Bella%20Vista.pdf,https://www.ocs.pr.gov/regulados/informes-anuales,2026-09-12T08:31:25+00:00,,,,,,,,unknown
93e08b68f21af9cd2aa27905336ebf029eadfd443fd216f9a752e52fb06b99b5,2024,"Plan de Salud Menonita, Inc.","https://docs.pr.gov/files/OCS/Regulados/Informes%20Anuales/2024/Plan%20de%20Salud%20Menonita,%20Inc.pdf",https://www.ocs.pr.gov/regulados/informes-anuales,2026-09-12T08:31:25+00:00,,,,,,,,unknown
0b30abf975642ab506a2b6b37cc7bd79934bff57e0ce83d71d9c461a2441090e,2024,Óptima Seguros,https://docs.pr.gov/files/OCS/Regulados/Informes%20Anuales/2024/%C3%93ptima%20Seguros.pdf,https://www.ocs.pr.gov/regulados/informes-anuales,2026-09-12T08:31:25+00:00,,,,,,,,unknown
9e1a33540b75df95ac390511016a0589c20bbc21fd4d5db2498ceb05e5dff4bf,2024,One Alliance Insurance Corporation,https://docs.pr.gov/files/OCS/Regulados/Informes%20Anuales/2024/One%20Alliance%20Insurance%20Corporation.pdf,https://www.ocs.pr.gov/regulados/informes-anuales,2026-09-12T08:31:25+00:00,,,,,,,,unknown
a51e0260f914bdbf560447e4be3923bdeb8378be16c0519ea84cd3c054c3db59,2024,Multinational Life Insurance Company,https://docs.pr.gov/files/OCS/Regulados/Informes%20Anuales/2024/Multinational%20Life%20Insurance%20Company.pdf,https://www.ocs.pr.gov/regulados/informes-anuales,2026-09-12T08:31:25+00:00,,,,,,,,unknown
f2f3ce8cefb7d5883d9d941dbbb1e269334bbd7ac24c1d02c8672c14a4ff3260,2024,Multinational Insurance Company,https://docs.pr.gov/files/OCS/Regulados/Informes%20Anuales/2024/Multinational%20Insurance%20Company.pdf,https://www.ocs.pr.gov/regulados/informes-anuales,2026-09-12T08:31:25+00:00,,,,,,,,unknown
dd8ee4c4347ab464c9ebbaac6b25c81cb251e6e72fea7e3489ec6002d1de12a4,2024,"MMM Multi Health, LLC.","https://docs.pr.gov/files/OCS/Regulados/Informes%20Anuales/2024/MMM%20Multi%20Health,%20LLC.pdf",https://www.ocs.pr.gov/regulados/informes-anuales,2026-09-12T08:31:25+00:00,,,,,,,,unknown
d1b24ddd43c9ca19b7f01b11bd926e38cc2844ea7b4b5de0f73d67218c4a1762,2024,"MMM Healthcare, LLC.","https://docs.pr.gov/files/OCS/Regulados/Informes%20Anuales/2024/MMM%20Healthcare,%20LLC.pdf",https://www.ocs.pr.gov/regulados/informes-anuales,2026-09-12T08:31:25+00:00,,,,,,,,unknown
f209d0ab9c7e2583a84014347974ec5939541fd66ee1f6359716c24fcf8af533,2024,MCS Life Insurance Company,https://docs.pr.gov/files/OCS/Regulados/Informes%20Anuales/2024/MCS%20Life%20Insurance%20Company.pdf,https://www.ocs.pr.gov/regulados/informes-anuales,2026-09-12T08:31:25+00:00,,,,,,,,unknown
cc1c999d59439b7c2328c98a9f9be6f270e6560e9f4404f1d900c2490b950f52,2024,"MCS Health Management Options, Inc.","https://docs.pr.gov/files/OCS/Regulados/Informes%20Anuales/2024/MCS%20Health%20Management%20Options,%20Inc.pdf",https://www.ocs.pr.gov/regulados/informes-anuales,2026-09-12T08:31:25+00:00,,,,,,,,unknown
1e70a62d3b531ae6069cce811937d09bc41a718a32a4c0a335b23342afaf7c51,2024,MCS Advantage Inc.,"https://docs.pr.gov/files/OCS/Regulados/Informes%20Anuales/2024/MCS%20Advantage,%20Inc.pdf",https://www.ocs.pr.gov/regulados/informes-anuales,2026-09-12T08:31:25+00:00,,,,,,,,unknown
bf49e023a5847fa499a750785e8160151462fc035a0794c586eb034e1e5d365a,2024,MAPFRE Pan American Insurance Company,https://docs.pr.gov/files/OCS/Regulados/Informes%20Anuales/2024/MAPFRE%20Pan%20America%20Insurance%20Company.pdf,https://www.ocs.pr.gov/regulados/informes-anuales,2026-09-12T08:31:25+00:00,,,,,,,,unknown
d0fc449c92dc2de0c6f917ec06e5c1424022d873b0f1ab8e9ff237e535ea50b0,2024,MAPFRE Life Insurance Company of Puerto Rico,https://docs.pr.gov/files/OCS/Regulados/Informes%20Anuales/2024/MAPFRE%20Life%20Insurance%20Company%20of%20Puerto%20Rico.pdf,https://www.ocs.pr.gov/regulados/informes-anuales,2026-09-12T08:31:25+00:00,,,,,,,,unknown
d16d5b99030dbd3e710562129b9cca024799ac289d6d3d0edb83cfb77a5b15ab,2024,"Humana Insurance of Puerto Rico, Inc.","https://docs.pr.gov/files/OCS/Regulados/Informes%20Anuales/2024/Humana%20Insurance%20of%20Puerto%20Rico,%20Inc.pdf",https://www.ocs.pr.gov/regulados/informes-anuales,2026-09-12T08:31:25+00:00,,,,,,,,unknown
6970e209e4a6df8586ef6162657114f4402d222d92447a4abac42dd1304a8644,2024,"Humana Health Plans of Puerto Rico, Inc.","https://docs.pr.gov/files/OCS/Regulados/Informes%20Anuales/2024/Humana%20Health%20Plans%20of%20Puerto%20Rico,%20Inc.pdf",https://www.ocs.pr.gov/regulados/informes-anuales,2026-09-12T08:31:25+00:00,,,,,,,,unknown
bc2d2777244ba08637358b417073a6b0aa35b3137044157dcc73a5bab15d9364,2024,"First Medical Health Plan, Inc.","https://docs.pr.gov/files/OCS/Regulados/Informes%20Anuales/2024/First%20Medical%20Health%20Plan,%20Inc.pdf",https://www.ocs.pr.gov/regulados/informes-anuales,2026-09-12T08:31:25+00:00,,,,,,,,unknown
48993e78b2a7a55213b73941906891e8338957757e57de8c469ec134ff7cb32f,2024,"Delta Dental of P.R., Inc.","https://docs.pr.gov/files/OCS/Regulados/Informes%20Anuales/2024/Delta%20Dental%20of%20PR,%20Inc.pdf",https://www.ocs.pr.gov/regulados/informes-anuales,2026-09-12T08:31:25+00:00,,,,,,,,unknown
716dc0b48d729252d0d5f2d04717bffc62ce6d243db8e52febe686034dd374d2,2024,"Covernet Insurance Company, Inc.","https://docs.pr.gov/files/OCS/Regulados/Informes%20Anuales/2024/Covernet%20Insurance%20Company,%20Inc.pdf",https://www.ocs.pr.gov/regulados/informes-anuales,2026-09-12T08:31:25+00:00,,,,,,,,unknown
c299249b764333c9b5feaeaf1fa89833d53752d6c7160a35046dfcec531cf52f,2024,Cooperativa de Seguros Múltiples de PR,https://docs.pr.gov/files/OCS/Regulados/Informes%20Anuales/2024/Cooperativa%20de%20Seguros%20M%C3%BAltiples%20de%20Puerto%20Rico.pdf,https://www.ocs.pr.gov/regulados/informes-anuales,2026-09-12T08:31:25+00:00,,,,,,,,unknown
24e06e1970d876d52d3660be7fc8e97ae05364dd4ce51713579301cbe6529297,2024,"Cooperativa de Seguros de Vida de PR, COSVI","https://docs.pr.gov/files/OCS/Regulados/Informes%20Anuales/2024/Cooperativa%20de%20Seguros%20de%20Vida%20de%20Puerto%20Rico,%20COSVI.pdf",https://www.ocs.pr.gov/regulados/informes-anuales,2026-09-12T08:31:25+00:00,,,,,,,,unknown
4aa725cfa461286e496651856d9bcc6a53d971ebd2f91217918daa3537d5eeb6,2024,Chubb Insurance Company of Puerto Rico,https://docs.pr.gov/files/OCS/Regulados/Informes%20Anuales/2024/Chubb%20Insurance%20Company%20of%20Puerto%20Rico.pdf,https://www.ocs.pr.gov/regulados/informes-anuales,2026-09-12T08:31:25+00:00,,,,,,,,unknown
47f5a9bca073405f2f5c2a4ae738f958c6ceaf031fd7a5db0856022491eb93f2,2024,Caribbean American Property Insurance Company,https://docs.pr.gov/files/OCS/Regulados/Informes%20Anuales/2024/Caribbean%20American%20Property%20Insurance.pdf,https://www.ocs.pr.gov/regulados/informes-anuales,2026-09-12T08:31:25+00:00,,,,,,,,unknown
9d566bc00ab208edfa35317859720281d7bd5d38373967a4fc71a84649294bda,2024,Caribbean American Life Assurance Company,https://docs.pr.gov/files/OCS/Regulados/Informes%20Anuales/2024/Caribbean%20American%20Life%20Assurance%20Company.pdf,https://www.ocs.pr.gov/regulados/informes-anuales,2026-09-12T08:31:25+00:00,,,,,,,,unknown
d91064dcb771b5caa512439ac06f7b65dbfc6a5ee38f9c2b74f070dd25b96d1f,2024,"Auxilio Salud Plus, Inc.","https://docs.pr.gov/files/OCS/Regulados/Informes%20Anuales/2024/Auxilio%20Salud%20Plus,%20Inc_.pdf",https://www.ocs.pr.gov/regulados/informes-anuales,2026-09-12T08:31:25+00:00,,,,,,,,unknown
d3573bd5f3f21bf5f99e391601f31a751b70ea605fe625303398a0d56582e014,2024,Asociación de Suscripción Conjunta del Seguro de Responsabilidad Obligatorio,https://docs.pr.gov/files/OCS/Regulados/Informes%20Anuales/2024/Asociaci%C3%B3n%20de%20Suscripci%C3%B3n%20Conjunta%20de%20Seguro%20de%20Responsabilidad%20Obligatorio.pdf,https://www.ocs.pr.gov/regulados/informes-anuales,2026-09-12T08:31:25+00:00,,,,,,,,unknown
810391ca53b472104957c1a1f381612083fbdcc69459390ef31b6f44a7f1e071,2024,Antilles Insurance Company,https://docs.pr.gov/files/OCS/Regulados/Informes%20Anuales/2024/Antilles%20Insurance%20Company.pdf,https://www.ocs.pr.gov/regulados/informes-anuales,2026-09-12T08:31:25+00:00,,,,,,,,unknown
e38e5a49a8b8f47f653477dfa6b8c660f80ca754305e6cc65894f3b6ff410547,2024,AIG Insurance Company - Puerto Rico,https://docs.pr.gov/files/OCS/Regulados/Informes%20Anuales/2024/AIG%20Insurance%20Company-Puerto%20Rico.pdf,https://www.ocs.pr.gov/regulados/informes-anuales,2026-09-12T08:31:25+00:00,,,,,,,,unknown
758d4c190673a7c368f9085d760953bfeaf28c119b7be365c89f64ff378cf40f,2023,Trans-Oceanic Life Insurance Company,https://docs.pr.gov/files/OCS/regulados/Informes%20Anuales/2023/Trans-Oceanic%20Life%20Insurance%20Company.pdf,https://www.ocs.pr.gov/regulados/informes-anuales,2026-09-12T08:31:25+00:00,,,,,,,,unknown
17a3e03a3b1848899b5db3b17657d9142ece613ac44c294546d02ddb1cd0ff45,2023,"PMC Medicare Choice, LLC.","https://docs.pr.gov/files/OCS/regulados/Informes%20Anuales/2023/PMC%20Medicare%20Choice,%20LLC.pdf",https://www.ocs.pr.gov/regulados/informes-anuales,2026-09-12T08:31:25+00:00,,,,,,,,unknown
92ea5cc53a5bf44c3a526d88ec9ff020e7d9c04f10379a17d70e99fc16c70c49,2023,Universal Life Insurance Company,https://docs.pr.gov/files/OCS/regulados/Informes%20Anuales/2023/Universal%20Life%20Insurance%20Company.pdf,https://www.ocs.pr.gov/regulados/informes-anuales,2026-09-12T08:31:25+00:00,,,,,,,,unknown
6c436387405492172826c75380a65b3f28c2d20f2e4feab99cdd994f7fc02082,2023,Universal Insurance Company,https://docs.pr.gov/files/OCS/regulados/Informes%20Anuales/2023/Universal%20Insurance%20Company.pdf,https://www.ocs.pr.gov/regulados/informes-anuales,2026-09-12T08:31:25+00:00,,,,,,,,unknown
a83daea7761488520158f4d38ca0f27809449a4514acbea9e6dd2a267e34a8de,2023,United Surety and Indemnity Company,https://docs.pr.gov/files/OCS/regulados/Informes%20Anuales/2023/United%20Surety%20and%20Indemnity%20Company.pdf,https://www.ocs.pr.gov/regulados/informes-anuales,2026-09-12T08:31:25+00:00,,,,,,,,unknown
6df07bc085217efb4ebc8fa21db1fe71b5f5838a7ee3ea337dea0524d25c21fc,2023,"Triple-S Vida, Inc.","https://docs.pr.gov/files/OCS/regulados/Informes%20Anuales/2023/Triple-S%20Vida,%20Inc..pdf",https://www.ocs.pr.gov/regulados/informes-anuales,2026-09-12T08:31:25+00:00,,,,,,,,unknown
d3a73d04ed52b45c97772dfb00702aa25ceb561a5a1ac36755df0bdc113391a1,2023,"Triple-S Salud, Inc.","https://docs.pr.gov/files/OCS/regulados/Informes%20Anuales/2023/Triple-S%20Salud,%20Inc..pdf",https://www.ocs.pr.gov/regulados/informes-anuales,2026-09-12T08:31:25+00:00,,,,,,,,unknown
aca01a22c2279bce75054229de126544c2d207ecd653215bd060401242c1d732,2023,"Triple-S Propiedad, Inc.","https://docs.pr.gov/files/OCS/regulados/Informes%20Anuales/2023/Triple-S%20Propiedad,%20Inc..pdf",https://www.ocs.pr.gov/regulados/informes-anuales,2026-09-12T08:31:25+00:00,,,,,,,,unknown
ac70e854cd52c5009f3ec79369891721219099c576fd5ef1a09162ef93a86240,2023,"Triple-S Advantage, Inc.","https://docs.pr.gov/files/OCS/regulados/Informes%20Anuales/2023/Triple-S%20Advantage,%20Inc..pdf",https://www.ocs.pr.gov/regulados/informes-anuales,2026-09-12T08:31:25+00:00,,,,,,,,unknown
6852aaaf9e7df4d7fd70c427eb4fab58df568a682403a9b6ef1e2965b47faed7,2023,Tower Bonding and Surety Company,https://docs.pr.gov/files/OCS/regulados/Informes%20Anuales/2023/Tower%20Bonding%20and%20Surety%20Company.pdf,https://www.ocs.pr.gov/regulados/informes-anuales,2026-09-12T08:31:25+00:00,,,,,,,,unknown
77fe283c1fd0bad8133f3431df39af915e4721aad8e2b8a0dc94015f90dd13af,2023,SIMED,https://docs.pr.gov/files/OCS/regulados/Informes%20Anuales/2023/SIMED.pdf,https://www.ocs.pr.gov/regulados/informes-anuales,2026-09-12T08:31:25+00:00,,,,,,,,unknown
b3c9735fe6120e5b9a480321c3e6f5035f2dd729e053ffad25e2f8765251fea9,2023,"Ryder Health Plan, Inc.","https://docs.pr.gov/files/OCS/regulados/Informes%20Anuales/2023/Ryder%20Health%20Plan,%20Inc..pdf",https://www.ocs.pr.gov/regulados/informes-anuales,2026-09-12T08:31:25+00:00,,,,,,,,unknown
4552c1056b452738b99cb61cf3ebd59672e05968f998b3c7fc64093c44b0fe45,2023,"Popular Re, Inc.","https://docs.pr.gov/files/OCS/regulados/Informes%20Anuales/2023/Popular%20Re,%20Inc..pdf",https://www.ocs.pr.gov/regulados/informes-anuales,2026-09-12T08:31:25+00:00,,,,,,,,unknown
69d1cb2480c90a35b7ccff7e63192ccf54f38dee8ca50109d5a2d64c29945021,2023,Puerto Rico Medical Defense Insurance Company,https://docs.pr.gov/files/OCS/regulados/Informes%20Anuales/2023/Puerto%20Rico%20Medical%20Defense%20Insurance%20Company.pdf,https://www.ocs.pr.gov/regulados/informes-anuales,2026-09-12T08:31:25+00:00,,,,,,,,unknown
7425d3e2e7b290ac9a2703069c8e950e4348614739c4da1ab6a207cc279b4906,2023,Popular Life Re,https://docs.pr.gov/files/OCS/regulados/Informes%20Anuales/2023/Popular%20Life%20Re.PDF,https://www.ocs.pr.gov/regulados/informes-anuales,2026-09-12T08:31:25+00:00,,,,,,,,unknown
d883a021186fbf7948eb2db1d5da50166fe5d6c0bba0e693d676cd36df5d0db0,2023,Premier Insurance Company,https://docs.pr.gov/files/OCS/regulados/Informes%20Anuales/2023/Premier%20Insurance%20Company.pdf,https://www.ocs.pr.gov/regulados/informes-anuales,2026-09-12T08:31:25+00:00,,,,,,,,unknown
0d774f16215cf057d65c197c59a48642d2f2c384b0ef35f8b508dd7373d01355,2023,Óptima Seguros,https://docs.pr.gov/files/OCS/regulados/Informes%20Anuales/2023/%C3%93ptima%20Seguros.pdf,https://www.ocs.pr.gov/regulados/informes-anuales,2026-09-12T08:31:25+00:00,,,,,,,,unknown
da4d2d2b5ff8a78cb8eea46563e108a1707a1367cdee03a3b8029774f12391d9,2023,"Plan Médico Servicios de Salud Bella Vista, Inc.","https://docs.pr.gov/files/OCS/regulados/Informes%20Anuales/2023/Plan%20de%20Salud%20Bella%20Vista,%20Inc..pdf",https://www.ocs.pr.gov/regulados/informes-anuales,2026-09-12T08:31:25+00:00,,,,,,,,unknown
9143c030053199028d695fdc22327d70886187a1116def10e0e3c043bde1307c,2023,One Alliance Insurance Corporation,https://docs.pr.gov/files/OCS/regulados/Informes%20Anuales/2023/One%20Alliance%20Insurance%20Corporation.pdf,https://www.ocs.pr.gov/regulados/informes-anuales,2026-09-12T08:31:25+00:00,,,,,,,,unknown
c729f631d80d4e6ce9c63fcff81105e938b37fe3b47ea3abe6b90a46f9b40c6d,2023,"Plan de Salud Menonita, Inc.","https://docs.pr.gov/files/OCS/regulados/Informes%20Anuales/2023/Plan%20de%20Salud%20Menonita,%20Inc..pdf",https://www.ocs.pr.gov/regulados/informes-anuales,2026-09-12T08:31:25+00:00,,,,,,,,unknown
91ee7742fec8f7d5106dc8d9480a5ec9966929fb4ed83c38f860ab7b811d1c5b,2023,"Point Guard Insurance Company, Inc.","https://docs.pr.gov/files/OCS/regulados/Informes%20Anuales/2023/Point%20Guard%20Insurance%20Company,%20Inc..pdf",https://www.ocs.pr.gov/regulados/informes-anuales,2026-09-12T08:31:25+00:00,,,,,,,,unknown
f9d9392b3b46fff7cf5d3974fb9498fbd385da41f124336444816af10c0703ca,2023,Multinational Life Insurance Company,https://docs.pr.gov/files/OCS/regulados/Informes%20Anuales/2023/Multinational%20Life%20Insurance%20Company.pdf,https://www.ocs.pr.gov/regulados/informes-anuales,2026-09-12T08:31:25+00:00,,,,,,,,unknown
edc52aa1f93d51e234b09b96dc9f99366b82708e36b27079b2f892209d4531a3,2023,"Molina Healthcare of Puerto Rico, Inc.","https://docs.pr.gov/files/OCS/regulados/Informes%20Anuales/2023/Molina%20Healthcare%20of%20Puerto%20Rico,%20Inc..pdf",https://www.ocs.pr.gov/regulados/informes-anuales,2026-09-12T08:31:25+00:00,,,,,,,,unknown
53bbe64bd15d5e481f47955cb219b13fdd3b2429a6bf80bfbf58632b70d81d90,2023,"MMM Multi Health, LLC","https://docs.pr.gov/files/OCS/regulados/Informes%20Anuales/2023/MMM%20Multi%20Health,%20Inc..pdf",https://www.ocs.pr.gov/regulados/informes-anuales,2026-09-12T08:31:25+00:00,,,,,,,,unknown
d7174d63f2d7e982cc9e64cfd4fa5e131fd282c4c3cc0b974c2c89fa2903b913,2023,Multinational Insurance Company,https://docs.pr.gov/files/OCS/regulados/Informes%20Anuales/2023/Multinational%20Insurance%20Company.pdf,https://www.ocs.pr.gov/regulados/informes-anuales,2026-09-12T08:31:25+00:00,,,,,,,,unknown
187fd8835d1b1a4c538c32c25ccffab8defe540fba3382ea900c40b39177415b,2023,MCS Life Insurance Company,https://docs.pr.gov/files/OCS/regulados/Informes%20Anuales/2023/MCS%20LIFE%20Insurance%20%20Company.pdf,https://www.ocs.pr.gov/regulados/informes-anuales,2026-09-12T08:31:25+00:00,,,,,,,,unknown
a098ae537511f14e0ce096592f631a280b5f345c030a8abdb93107bbe8b3bf12,2023,"MMM Healthcare, LLC.","https://docs.pr.gov/files/OCS/regulados/Informes%20Anuales/2023/MMM%20Healthcare,%20LLC.pdf",https://www.ocs.pr.gov/regulados/informes-anuales,2026-09-12T08:31:25+00:00,,,,,,,,unknown
9ea3fe2f536d29500df4aaec74ec5c9910899060eba9fa4cee352044fc479574,2023,"MCS Health Management Options, Inc.","https://docs.pr.gov/files/OCS/regulados/Informes%20Anuales/2023/MCS%20Health%20Management%20Options,%20Inc..pdf",https://www.ocs.pr.gov/regulados/informes-anuales,2026-09-12T08:31:25+00:00,,,,,,,,unknown
3335186953b5b10177d334e68a3eb077003ffb7454cfa928b585e378f9852899,2023,"MCS Advantage, Inc.","https://docs.pr.gov/files/OCS/regulados/Informes%20Anuales/2023/MCS%20Advantage,%20Inc..pdf",https://www.ocs.pr.gov/regulados/informes-anuales,2026-09-12T08:31:25+00:00,,,,,,,,unknown
412387529e8e563674ce61959fe9b7a3601efaf2fde45c2e0cc378cf23c1e6df,2023,MAPFRE Life Insurance Company of Puerto Rico,https://docs.pr.gov/files/OCS/regulados/Informes%20Anuales/2023/MAPFRE%20Life%20Insurance%20Company.pdf,https://www.ocs.pr.gov/regulados/informes-anuales,2026-09-12T08:31:25+00:00,,,,,,,,unknown
e3247d395d13146ebb035328141706af394096eb62026e8b060ae3d70a7918f6,2023,MAPFRE PRAICO Insurance Company,https://docs.pr.gov/files/OCS/regulados/Informes%20Anuales/2023/MAPFRE%20PRAICO%20Insurance%20Company.pdf,https://www.ocs.pr.gov/regulados/informes-anuales,2026-09-12T08:31:25+00:00,,,,,,,,unknown
76802496115cdf1e2a1e6b53c72f37d7b2af4668f23103b19609140b2c11208f,2023,MAPFRE Pan American Insurance Company,https://docs.pr.gov/files/OCS/regulados/Informes%20Anuales/2023/MAPFRE%20Pan%20American%20Insurance%20Company.pdf,https://www.ocs.pr.gov/regulados/informes-anuales,2026-09-12T08:31:25+00:00,,,,,,,,unknown
5e36086ee4f7a5615d323e22360a4e3f0f8c35934f5c3175840a3e80695f5a6a,2023,"Humana Health Plans of Puerto Rico, Inc.","https://docs.pr.gov/files/OCS/regulados/Informes%20Anuales/2023/Humana%20Health%20Plans%20of%20PR,%20Inc..pdf",https://www.ocs.pr.gov/regulados/informes-anuales,2026-09-12T08:31:25+00:00,,,,,,,,unknown
cf6ab85445f45e938ea287e0eabfca213516fdc7305217c0b272ab56fede72c5,2023,"Humana Insurance of Puerto Rico, Inc.","https://docs.pr.gov/files/OCS/regulados/Informes%20Anuales/2023/Humana%20Insurance%20of%20Puerto%20Rico,%20Inc..pdf",https://www.ocs.pr.gov/regulados/informes-anuales,2026-09-12T08:31:25+00:00,,,,,,,,unknown
3f8115c7dc1fe2e98e4149399409d2f58fe870f3413cd49cb1f235d246e7f74a,2023,"First Medical Health Plan, Inc.",https://docs.pr.gov/files/OCS/regulados/Informes%20Anuales/2023/First%20Medical%20Health%20Plan%20Inc_%20(1).pdf,https://www.ocs.pr.gov/regulados/informes-anuales,2026-09-12T08:31:25+00:00,,,,,,,,unknown
350c4000a55f4f749102e3e5b2d70c6f9854e453370a370a47146a2c4158d883,2023,Cooperativa de Seguros Múltiples de PR,https://docs.pr.gov/files/OCS/regulados/Informes%20Anuales/2023/Cooperativa%20de%20Seguros%20M%C3%BAltiples%20de%20PR.pdf,https://www.ocs.pr.gov/regulados/informes-anuales,2026-09-12T08:31:25+00:00,,,,,,,,unknown
036fdc326c16cf7bdca01bf9f8537c5dcb8e566c272f687c666cb90a3411e271,2023,"Delta Dental of P.R., Inc.","https://docs.pr.gov/files/OCS/regulados/Informes%20Anuales/2023/Delta%20Dental%20of%20Puerto%20Rico,%20Inc.pdf",https://www.ocs.pr.gov/regulados/informes-anuales,2026-09-12T08:31:25+00:00,,,,,,,,unknown
4cc0a5ec8f52cbb0eb6bfe76a8eed5b1b1a4b2ec1543df6b5ad1fefb9bc9ba8c,2023,"Covernet Insurance Company, Inc.","https://docs.pr.gov/files/OCS/regulados/Informes%20Anuales/2023/Covernet%20Insurance%20Company,%20Inc..pdf",https://www.ocs.pr.gov/regulados/informes-anuales,2026-09-12T08:31:25+00:00,,,,,,,,unknown
9f4e1fd1d61175747eca51ffe05411da277d8d00eb898053baf6e9cf79dee37c,2023,Chubb Insurance Company of Puerto Rico,https://docs.pr.gov/files/OCS/regulados/Informes%20Anuales/2023/Chubb%20Insusurance%20Company%20of%20Puerto%20Rico.pdf,https://www.ocs.pr.gov/regulados/informes-anuales,2026-09-12T08:31:25+00:00,,,,,,,,unknown
6cf6a5d775ae0bbf4853120d2b4ed2e145c7c952c67c0eba4fccfbd8970468dd,2023,"Cooperativa de Seguros de Vida de PR, COSVI",https://docs.pr.gov/files/OCS/regulados/Informes%20Anuales/2023/Cooperativa%20de%20Seguros%20de%20Vida%20de%20PR.pdf,https://www.ocs.pr.gov/regulados/informes-anuales,2026-09-12T08:31:25+00:00,,,,,,,,unknown
20c069d103a57c00040bb589eb46e3d1e19065b31d8ea08f5ce16d5502e1041f,2023,AIG Insurance Company - Puerto Rico,https://docs.pr.gov/files/OCS/regulados/Informes%20Anuales/2023/AIG%20Insurance%20Company%20Puerto%20Rico.pdf,https://www.ocs.pr.gov/regulados/informes-anuales,2026-09-12T08:31:25+00:00,,,,,,,,unknown
7604fcf6c84e41bce6ad856232c70becc31651bd6603e8bf4d3a8c102c7f3bec,2023,Caribbean American Property Insurance Company,https://docs.pr.gov/files/OCS/regulados/Informes%20Anuales/2023/Caribbean%20American%20Property%20Insurance%20Company.pdf,https://www.ocs.pr.gov/regulados/informes-anuales,2026-09-12T08:31:25+00:00,,,,,,,,unknown
fac5b6a661ef0e6e00e59375c17899434d332a4b178cd01a3c59611a6f9d1b50,2023,Caribbean American Life Assurance Company,https://docs.pr.gov/files/OCS/regulados/Informes%20Anuales/2023/Caribbean%20American%20Life%20Assurance%20Company.pdf,https://www.ocs.pr.gov/regulados/informes-anuales,2026-09-12T08:31:25+00:00,,,,,,,,unknown
26034b1fd94d334ef0d74ae236144351acde5ab4fe7814c729f24183252941bf,2023,Asociación de Suscripción Conjunta del Seguro de Responsabilidad Obligatorio,https://docs.pr.gov/files/OCS/regulados/Informes%20Anuales/2023/Asociaci%C3%B3n%20de%20%20Suscripci%C3%B3n%20Conjunta%20del%20Seguro%20de%20Responsabilidad%20Obligatorio.pdf,https://www.ocs.pr.gov/regulados/informes-anuales,2026-09-12T08:31:25+00:00,,,,,,,,unknown
6f4922cadb4c69e999c2000a31e2dde8c0a6ca870b99a752b4a673466eca55f2,2023,"Auxilio Salud Plus, Inc.","https://docs.pr.gov/files/OCS/regulados/Informes%20Anuales/2023/Auxilio%20Salud%20Plus,%20Inc..pdf",https://www.ocs.pr.gov/regulados/informes-anuales,2026-09-12T08:31:25+00:00,,,,,,,,unknown
5cb1c48ed77986ce07e4630d4a48d59e66f5aea526daff373009fd83a878f9a0,2023,Antilles Insurance Company,https://docs.pr.gov/files/OCS/regulados/Informes%20Anuales/2023/Antilles%20Insurance%20Company.pdf,https://www.ocs.pr.gov/regulados/informes-anuales,2026-09-12T08:31:25+00:00,,,,,,,,unknown
bcd2d64c31697504ba49edb9d40ed42607aa7b28b22511d66379e4fe0d455102,2010,CARIBBEAN AMERICAN LIFE ASSURANCE COMPANY,https://docs.pr.gov/files/OCS/regulados/Informes%20Anuales/2010/CARIBBEAN%20AMERICAN%20LIFE%20ASSURANCE%20COMPANY.pdf,https://www.ocs.pr.gov/regulados/informes-anuales,2026-09-12T08:31:25+00:00,,,,,,,,unknown
329387e42df0851a1bc328c9efcefa8492de13485bc9c00b969ff0d3a2dfec2a,2010,CHARTIS INSURANCE COMPANY PUERTO RICO,https://docs.pr.gov/files/OCS/regulados/Informes%20Anuales/2010/CHARTIS%20INSURANCE%20COMPANY%20PUERTO%20RICO.pdf,https://www.ocs.pr.gov/regulados/informes-anuales,2026-09-12T08:31:25+00:00,,,,,,,,unknown
c70ce00f45f1b887f42ccae8099e806a27b295670d4edcc1fb89e48cfb103830,2010,MENNONITE GENERAL HOSPITAL HEALTH PLAN,https://docs.pr.gov/files/OCS/regulados/Informes%20Anuales/2010/MENNONITE%20GENERAL%20HOSPITAL%20HEALTH%20PLAN.pdf,https://www.ocs.pr.gov/regulados/informes-anuales,2026-09-12T08:31:25+00:00,,,,,,,,unknown
49524af9ff8d965869d25ef2b4f8558733b3f0ad8a6a1c543eae55ed7c1e8a3d,2010,OPTIMA INSURANCE COMPANY,https://docs.pr.gov/files/OCS/regulados/Informes%20Anuales/2010/OPTIMA%20INSURANCE%20COMPANY.pdf,https://www.ocs.pr.gov/regulados/informes-anuales,2026-09-12T08:31:25+00:00,,,,,,,,unknown
60854c06fc30cc736bd62f09143ee116772815635716299591549608ad5b18e1,2022,AIG Insurance Company-Puerto Rico,https://docs.pr.gov/files/OCS/regulados/Informes%20Anuales/2022/AIG%20Insurance%20Company-Puerto%20Rico%20(1).pdf,https://www.ocs.pr.gov/regulados/informes-anuales,2026-09-12T08:31:25+00:00,,,,,,,,unknown
4bc23b52ec9b2689e333c8085dded83ac473d7bcc6786a2239aad0cb0a1a5298,2022,Antilles Insurance Company,https://docs.pr.gov/files/OCS/regulados/Informes%20Anuales/2022/Antilles%20Insurance%20Company.pdf,https://www.ocs.pr.gov/regulados/informes-anuales,2026-09-12T08:31:25+00:00,,,,,,,,unknown
9fd99475d16e5852c7a7ab4906f3b93af2ced996491cdc06bba460357d8c792e,2022,Asociación de Suscripción Conjunta del Seguro de Responsabilidad Obligatorio,https://docs.pr.gov/files/OCS/regulados/Informes%20Anuales/2022/Asociacio%CC%81n%20de%20Suscripcio%CC%81n%20Conjunta%20del%20Seguro%20de%20Responsabilidad%20Obligatorio.pdf,https://www.ocs.pr.gov/regulados/informes-anuales,2026-09-12T08:31:25+00:00,,,,,,,,unknown
d3d26e31ca0957102248c281b0c4428e75a638ee874a3588b3fe7e57d011b398,2022,"Auxilio Salud Plus, Inc.","https://docs.pr.gov/files/OCS/regulados/Informes%20Anuales/2022/Auxilio%20Salud%20Plus,%20Inc..pdf",https://www.ocs.pr.gov/regulados/informes-anuales,2026-09-12T08:31:25+00:00,,,,,,,,unknown
ccc172bf61e1753082f8c7ae8385580c06aa5c59539dfadeae05ab6dee72d52a,2022,Caribbean American Life Assurance Company,https://docs.pr.gov/files/OCS/regulados/Informes%20Anuales/2022/Caribbean%20American%20Life%20Assurance%20Company.pdf,https://www.ocs.pr.gov/regulados/informes-anuales,2026-09-12T08:31:25+00:00,,,,,,,,unknown
af72d3de4b327c91500882ba26cb932526571f37f1236c099d53e296c2f107b9,2022,Caribbean American Property Insurance Company,https://docs.pr.gov/files/OCS/regulados/Informes%20Anuales/2022/Caribbean%20American%20Property%20Insurance%20Company.pdf,https://www.ocs.pr.gov/regulados/informes-anuales,2026-09-12T08:31:25+00:00,,,,,,,,unknown
171228455bfc2d758abefd39dcbed3af190909fbba962b60009922482dff547d,2022,Chubb Insurance Company of Puerto Rico,https://docs.pr.gov/files/OCS/regulados/Informes%20Anuales/2022/Chubb%20Insurance%20Company%20of%20Puerto%20Rico.pdf,https://www.ocs.pr.gov/regulados/informes-anuales,2026-09-12T08:31:25+00:00,,,,,,,,unknown
d7b11be15c8c322894b75c2ff44000e60a1e23943aa056f5616f71dbadbc157a,2022,Cooperativa de Seguros de Vida (COSVI),https://docs.pr.gov/files/OCS/regulados/Informes%20Anuales/2022/Cooperativa%20de%20Seguros%20de%20Vida%20(COSVI).pdf,https://www.ocs.pr.gov/regulados/informes-anuales,2026-09-12T08:31:25+00:00,,,,,,,,unknown
1bfb48db85643242168fc8aec055c770d91880e55346b16721be7c52675a0857,2022,Cooperativa de Seguros Múltiples de Puerto Rico,https://docs.pr.gov/files/OCS/regulados/Informes%20Anuales/2022/Cooperativa%20de%20Seguros%20Mu%CC%81ltiples%20de%20Puerto%20Rico.pdf,https://www.ocs.pr.gov/regulados/informes-anuales,2026-09-12T08:31:25+00:00,,,,,,,,unknown
249976335e1821f833de1dd4f25beb98c4af09a1ef1d207c28c4d02acb77e999,2022,"Covernet Insurance Company, Inc.","https://docs.pr.gov/files/OCS/regulados/Informes%20Anuales/2022/Covernet%20Insurance%20Company,%20Inc..pdf",https://www.ocs.pr.gov/regulados/informes-anuales,2026-09-12T08:31:25+00:00,,,,,,,,unknown
7532e0ac9516166f0bfccb2f0d63d531a809e3211d16859b360c128015d2d1a3,2022,"Delta Dental of PR, Inc","https://docs.pr.gov/files/OCS/regulados/Informes%20Anuales/2022/Delta%20Dental%20of%20PR,%20Inc.pdf",https://www.ocs.pr.gov/regulados/informes-anuales,2026-09-12T08:31:25+00:00,,,,,,,,unknown
bf03c9f5779d842fe8adb38e8b4d1aebb138e58eee535a077a556be8f90f70d2,2022,"First Medical Health Plan, Inc.","https://docs.pr.gov/files/OCS/regulados/Informes%20Anuales/2022/First%20Medical%20Health%20Plan,%20Inc..pdf",https://www.ocs.pr.gov/regulados/informes-anuales,2026-09-12T08:31:25+00:00,,,,,,,,unknown
6d1bd614be849049462bbc2ba1020dab9d67bd15570f737f252e470aa08510fc,2022,"Humana Health Plans of Puerto Rico, Inc.","https://docs.pr.gov/files/OCS/regulados/Informes%20Anuales/2022/Humana%20Health%20Plans%20of%20Puerto%20%20Rico,%20Inc..pdf",https://www.ocs.pr.gov/regulados/informes-anuales,2026-09-12T08:31:25+00:00,,,,,,,,unknown
fff540ff7a7476d63ef8bb3f56a8fb33ecc97b31d841725536b18e521e647a30,2022,"Humana Insurance of Puerto Rico, Inc.","https://docs.pr.gov/files/OCS/regulados/Informes%20Anuales/2022/Humana%20Insurance%20of%20Puerto%20Rico,%20Inc..pdf",https://www.ocs.pr.gov/regulados/informes-anuales,2026-09-12T08:31:25+00:00,,,,,,,,unknown
184d0a32d41aadb00352e7f411263f7d82ea555ab55167e5349bcf0eb60a0edf,2022,MAPFRE Life Insurance Company of Puerto Rico,https://docs.pr.gov/files/OCS/regulados/Informes%20Anuales/2022/MAPFRE%20Life%20Insurance%20Company%20of%20Puerto%20Rico.pdf,https://www.ocs.pr.gov/regulados/informes-anuales,2026-09-12T08:31:25+00:00,,,,,,,,unknown
335a0e168515edaff8848f8bdfd3eff7e4e6b528f8f552e4bb6f31b4fe852b41,2022,MAPFRE Pan American Insurance Company,https://docs.pr.gov/files/OCS/regulados/Informes%20Anuales/2022/MAPFRE%20Pan%20American%20Insurance%20Company.pdf,https://www.ocs.pr.gov/regulados/informes-anuales,2026-09-12T08:31:25+00:00,,,,,,,,unknown
333617a088f0e9bf6d42f7f5c646fd5b34ec0f934c3bfcdf1d251d011549462d,2022,MAPFRE PRAICO Insurance Company,https://docs.pr.gov/files/OCS/regulados/Informes%20Anuales/2022/MAPFRE%20PRAICO%20Insurance%20Company.pdf,https://www.ocs.pr.gov/regulados/informes-anuales,2026-09-12T08:31:25+00:00,,,,,,,,unknown
b0e19d7c508bdc44853aeb9ea8a86278901d8a72e9071649d7adfc1d8fa5945e,2022,"MCS Advantage, Inc.","https://docs.pr.gov/files/OCS/regulados/Informes%20Anuales/2022/MCS%20Advantage,%20Inc..pdf",https://www.ocs.pr.gov/regulados/informes-anuales,2026-09-12T08:31:25+00:00,,,,,,,,unknown
9392f73b5e5c1d48d101737c5c5ba547eabf8f94a20f438354c6beba8ef9c474,2022,"MCS Health Management Options, Inc.","https://docs.pr.gov/files/OCS/regulados/Informes%20Anuales/2022/MCS%20Health%20Management%20Options,%20Inc..pdf",https://www.ocs.pr.gov/regulados/informes-anuales,2026-09-12T08:31:25+00:00,,,,,,,,unknown
d24a22b1b3228521fab235f379ac0908309c5ee2152832bfde0e512ce51bdafc,2022,MCS Life Insurance Company,https://docs.pr.gov/files/OCS/regulados/Informes%20Anuales/2022/MCS%20Life%20Insurance%20Company.pdf,https://www.ocs.pr.gov/regulados/informes-anuales,2026-09-12T08:31:25+00:00,,,,,,,,unknown
60f4650ad9dc9bf883829f5ac8a9099542cc3d192fd5fbd70d964cf9fd2ab3e6,2022,"MMM Healthcare, LLC","https://docs.pr.gov/files/OCS/regulados/Informes%20Anuales/2022/MMM%20Healthcare,%20LLC.pdf",https://www.ocs.pr.gov/regulados/informes-anuales,2026-09-12T08:31:25+00:00,,,,,,,,unknown
6e062adcb2a540cf479fd2050e99e5b54c438f5ebe43fb44ac3b7306c5d7b9d7,2022,"MMM Multi Health, LLC","https://docs.pr.gov/files/OCS/regulados/Informes%20Anuales/2022/MMM%20Multi%20Health,%20LLC.pdf",https://www.ocs.pr.gov/regulados/informes-anuales,2026-09-12T08:31:25+00:00,,,,,,,,unknown
a58dfb3063ee2b415ea1127ced9e10a732856ae7f556ff5ca563c302612d9bda,2022,"Molina Healthcare of Puerto Rico, Inc.","https://docs.pr.gov/files/OCS/regulados/Informes%20Anuales/2022/Molina%20Healthcare%20of%20Puerto%20%20Rico,%20Inc..pdf",https://www.ocs.pr.gov/regulados/informes-anuales,2026-09-12T08:31:25+00:00,,,,,,,,unknown
493c1d1146718b931111361382db81d4c3ebf85d236d9e8a2d8e0d102583820b,2022,Multinational Insurance Company,https://docs.pr.gov/files/OCS/regulados/Informes%20Anuales/2022/Multinational%20Insurance%20Company.pdf,https://www.ocs.pr.gov/regulados/informes-anuales,2026-09-12T08:31:25+00:00,,,,,,,,unknown
84d8cd209497abe43bf1835c7e230f36a041b3e41fe0ebbbbb7f294406a3b406,2022,Multinational Life Insurance Company,https://docs.pr.gov/files/OCS/regulados/Informes%20Anuales/2022/Multinational%20Life%20Insurance%20Company.pdf,https://www.ocs.pr.gov/regulados/informes-anuales,2026-09-12T08:31:25+00:00,,,,,,,,unknown
11bdb172b71fe148e7aad424478eb31d71b628bf3091d39151232418f5809ff7,2022,One Alliance Insurance Corporation,https://docs.pr.gov/files/OCS/regulados/Informes%20Anuales/2022/One%20Alliance%20Insurance%20Corporation.pdf,https://www.ocs.pr.gov/regulados/informes-anuales,2026-09-12T08:31:25+00:00,,,,,,,,unknown
f5839e9aeee8523ab044ba829bd341be6c039a21bfd0de58089c8f3feb8a7b94,2022,Óptima Seguros,https://docs.pr.gov/files/OCS/regulados/Informes%20Anuales/2022/O%CC%81ptima%20Seguros.pdf,https://www.ocs.pr.gov/regulados/informes-anuales,2026-09-12T08:31:25+00:00,,,,,,,,unknown
0d9f18895f5cb8c85a5b068be5123a955264f38e84dcf729f35557dfb91951a0,2022,"Plan de Salud Menonita, Inc.","https://docs.pr.gov/files/OCS/regulados/Informes%20Anuales/2022/Plan%20de%20Salud%20Menonita,%20Inc..pdf",https://www.ocs.pr.gov/regulados/informes-anuales,2026-09-12T08:31:25+00:00,,,,,,,,unknown
7bc81d17393f602b491d9bcf155661da6a25f710bbade06dd90d1e3540da5f7a,2022,"Plan Médico Servicios de Salud Bella Vista, Inc.","https://docs.pr.gov/files/OCS/regulados/Informes%20Anuales/2022/Plan%20Me%CC%81dico%20Servicios%20de%20Salud%20Bella%20Vista,%20Inc..pdf",https://www.ocs.pr.gov/regulados/informes-anuales,2026-09-12T08:31:25+00:00,,,,,,,,unknown
c3437b8a63889631532303cdc91c6b3b3d1c4d8fdc0f7ee4cbdcd048efa61102,2022,"PMC Medicare Choice, LLC","https://docs.pr.gov/files/OCS/regulados/Informes%20Anuales/2022/PMC%20Medicare%20Choice,%20LLC.pdf",https://www.ocs.pr.gov/regulados/informes-anuales,2026-09-12T08:31:25+00:00,,,,,,,,unknown
98bb7375b0312b642556466cc9618f9588877e881b4bfc8f79e7864d2d132a34,2022,"Point Guard Insurance Company, Inc,","https://docs.pr.gov/files/OCS/regulados/Informes%20Anuales/2022/Point%20Guard%20Insurance%20Company,%20Inc,.pdf",https://www.ocs.pr.gov/regulados/informes-anuales,2026-09-12T08:31:25+00:00,,,,,,,,unknown
c2a3b374b51628c56413c91a4b66990de5e302a2bb2d5ddb17d59ca2996fa8eb,2022,Popular Life Re,https://docs.pr.gov/files/OCS/regulados/Informes%20Anuales/2022/Popular%20Life%20Re.pdf,https://www.ocs.pr.gov/regulados/informes-anuales,2026-09-12T08:31:25+00:00,,,,,,,,unknown
2d0648b2ca39202d514501b9b4d41e4fe3b3669160c186a6aa3b7513a11741df,2022,"Popular Re, Inc,","https://docs.pr.gov/files/OCS/regulados/Informes%20Anuales/2022/Popular%20Re,%20Inc,.pdf",https://www.ocs.pr.gov/regulados/informes-anuales,2026-09-12T08:31:25+00:00,,,,,,,,unknown
4fff853c73348f6f6e9290783b751b7d18d632072af0ab85913ea47566b46ab5,2022,Premier Insurance Company,https://docs.pr.gov/files/OCS/regulados/Informes%20Anuales/2022/Premier%20Insurance%20Company.pdf,https://www.ocs.pr.gov/regulados/informes-anuales,2026-09-12T08:31:25+00:00,,,,,,,,unknown
f9b4d9f4e68244a0223b7aebfd8e3a2804b44eafef713fb13b08da8ff98bf9bb,2022,Puerto Rico Medical Defense Insurance Company,https://docs.pr.gov/files/OCS/regulados/Informes%20Anuales/2022/Puerto%20Rico%20Medical%20Defense%20Insurance%20Company.pdf,https://www.ocs.pr.gov/regulados/informes-anuales,2026-09-12T08:31:25+00:00,,,,,,,,unknown
bc595781688c90189f416b1acfed8cd774dfcc3d75e3e5fdc88efcfe9b147606,2022,"Ryder Health Plan, Inc.","https://docs.pr.gov/files/OCS/regulados/Informes%20Anuales/2022/Ryder%20Health%20Plan,%20Inc..pdf",https://www.ocs.pr.gov/regulados/informes-anuales,2026-09-12T08:31:25+00:00,,,,,,,,unknown
5fb0e8b2d649e6940e6a1625139c4fc314ac3ceaf3a555d216c2ce8abdde42f4,2022,SIMED,https://docs.pr.gov/files/OCS/regulados/Informes%20Anuales/2022/SIMED.pdf,https://www.ocs.pr.gov/regulados/informes-anuales,2026-09-12T08:31:25+00:00,,,,,,,,unknown
aff889aa5ee39c31e1762b0150227d5e83a90401a40ef2c7019f5e35674a0461,2022,"Tower Bonding & Surety Company, Inc.","https://docs.pr.gov/files/OCS/regulados/Informes%20Anuales/2022/Tower%20Bonding%20%26%20Surety%20Company,%20Inc..pdf",https://www.ocs.pr.gov/regulados/informes-anuales,2026-09-12T08:31:25+00:00,,,,,,,,unknown
ca00492ad6043063376818ddb487cc9fea1094d8e2a3b3050953e2472bb7f631,2022,Trans-Oceanic Life Insurance Company,https://docs.pr.gov/files/OCS/regulados/Informes%20Anuales/2022/Trans-Oceanic%20Life%20Insurance%20Company.pdf,https://www.ocs.pr.gov/regulados/informes-anuales,2026-09-12T08:31:25+00:00,,,,,,,,unknown
d4b5612386ea5b36bb99595aeb5ab4eeaa9c7f4d4408df04d4ba4cf861f23ba7,2022,"Triple-S Advantage, Inc.","https://docs.pr.gov/files/OCS/regulados/Informes%20Anuales/2022/Triple-S%20Advantage,%20Inc..pdf",https://www.ocs.pr.gov/regulados/informes-anuales,2026-09-12T08:31:25+00:00,,,,,,,,unknown
5c9bf292e29dc55ade708be938504e2fbe6a50623926db44329ef6e290ecfd20,2022,"Triple-S Propiedad, Inc.","https://docs.pr.gov/files/OCS/regulados/Informes%20Anuales/2022/Triple-S%20Propiedad,%20Inc..pdf",https://www.ocs.pr.gov/regulados/informes-anuales,2026-09-12T08:31:25+00:00,,,,,,,,unknown
85ec2f51b5385e716dc0368fee2253d2392b0e6a07007c4a77119c18d191219e,2022,"Triple-S Salud, Inc.","https://docs.pr.gov/files/OCS/regulados/Informes%20Anuales/2022/Triple-S%20Salud,%20Inc..pdf",https://www.ocs.pr.gov/regulados/informes-anuales,2026-09-12T08:31:25+00:00,,,,,,,,unknown
50755dec6a70fda975b1937faaa31c89d2de2ff456f625f70fe5bdaa7638174b,2022,"Triple-S Vida, Inc.","https://docs.pr.gov/files/OCS/regulados/Informes%20Anuales/2022/Triple-S%20Vida,%20Inc..pdf",https://www.ocs.pr.gov/regulados/informes-anuales,2026-09-12T08:31:25+00:00,,,,,,,,unknown
38c35cfdae2cfaf90ac04cb55ca7af8054a817f8c8848051ef0f3d6dfd04fea0,2022,United Surety & Indemnity Company,https://docs.pr.gov/files/OCS/regulados/Informes%20Anuales/2022/United%20Surety%20%26%20Indemnity%20Company.pdf,https://www.ocs.pr.gov/regulados/informes-anuales,2026-09-12T08:31:25+00:00,,,,,,,,unknown
38e1fffd8eeed90dc1bdf2a132a445f34a28cbc2da3bb4a7f2dd004ff21e0ca9,2022,Universal Insurance Company,https://docs.pr.gov/files/OCS/regulados/Informes%20Anuales/2022/Universal%20Insurance%20Company.pdf,https://www.ocs.pr.gov/regulados/informes-anuales,2026-09-12T08:31:25+00:00,,,,,,,,unknown
4ebfcb9c7202a95eea33772f9a8bfc148fc6b8383a5eecba8a64a41a1f58214c,2022,Universal Life Insurance Company,https://docs.pr.gov/files/OCS/regulados/Informes%20Anuales/2022/Universal%20Life%20Insurance%20Company.pdf,https://www.ocs.pr.gov/regulados/informes-anuales,2026-09-12T08:31:25+00:00,,,,,,,,unknown
ac6cfed7446d9506e6c3be320559290eda7c2929fadc87bd0daa79a949c37c27,2021,AIG Insurance Company-Puerto Rico,https://docs.pr.gov/files/OCS/regulados/Informes%20Anuales/2021/AIG%20Insurance%20Company-Puerto%20Rico.pdf,https://www.ocs.pr.gov/regulados/informes-anuales,2026-09-12T08:31:25+00:00,,,,,,,,unknown
17b903740f1bf276865b3e5608df9b1af2e41b72b6cc2158d9af21dbd62d76c4,2021,Antilles Insurance Company,https://docs.pr.gov/files/OCS/regulados/Informes%20Anuales/2021/Antilles%20Insurance%20Company.pdf,https://www.ocs.pr.gov/regulados/informes-anuales,2026-09-12T08:31:25+00:00,,,,,,,,unknown
263b26797f8e94dc24108d8bce89b8ef2fbfb2f93f32e0e3ebb4e4eccd7f1d4d,2021,Asociación de Suscripción Conjunta del Seguro de Responsabilidad Obligatorio,https://docs.pr.gov/files/OCS/regulados/Informes%20Anuales/2021/Asociacio%CC%81n%20de%20Suscripcio%CC%81n%20Conjunta%20del%20Seguro%20de%20Responsabilidad%20Obligatorio.pdf,https://www.ocs.pr.gov/regulados/informes-anuales,2026-09-12T08:31:25+00:00,,,,,,,,unknown
873550fc8f03ee14cd94ccdc2624d469f2e99ebf0b49885691bef7e1111630ca,2021,Caribbean American Property Insurance Company,https://docs.pr.gov/files/OCS/regulados/Informes%20Anuales/2021/Caribbean%20American%20Property%20Insurance%20Company.pdf,https://www.ocs.pr.gov/regulados/informes-anuales,2026-09-12T08:31:25+00:00,,,,,,,,unknown
ff68a8404ae545f93e281262633619a1d1634c824208a9b17bfc2a2cc08133e8,2021,Caribbean Life Assurance Company,https://docs.pr.gov/files/OCS/regulados/Informes%20Anuales/2021/Caribbean%20Life%20Assurance%20Company.pdf,https://www.ocs.pr.gov/regulados/informes-anuales,2026-09-12T08:31:25+00:00,,,,,,,,unknown
ba2563860fdd051f32ac384f6336ded416fea78fb5e08af45832d24ca48a0a22,2021,Chubb Insurance Company of Puerto Rico,https://docs.pr.gov/files/OCS/regulados/Informes%20Anuales/2021/Chubb%20Insurance%20Company%20of%20Puerto%20Rico.pdf,https://www.ocs.pr.gov/regulados/informes-anuales,2026-09-12T08:31:25+00:00,,,,,,,,unknown
2d7107d2d9c432d7716b743a2de6e934ed9cbe80fd75ae7eef2c647bf46464da,2021,Cooperativa de Seguros de Vida de Puerto Rico,https://docs.pr.gov/files/OCS/regulados/Informes%20Anuales/2021/Cooperativa%20de%20Seguros%20de%20Vida%20de%20Puerto%20Rico.pdf,https://www.ocs.pr.gov/regulados/informes-anuales,2026-09-12T08:31:25+00:00,,,,,,,,unknown
ff789faafe4c9ebf90d8281f779680310bd3476aef76e60c13d44ceee95e5195,2021,Cooperativa de Seguros Múltiples de PR,https://docs.pr.gov/files/OCS/regulados/Informes%20Anuales/2021/Cooperativa%20de%20Seguros%20Mu%CC%81ltiples%20de%20PR.pdf,https://www.ocs.pr.gov/regulados/informes-anuales,2026-09-12T08:31:25+00:00,,,,,,,,unknown
c1029d225c01cb5b396bee1512a3d0529c64fe5c76c57dc441fe093175becec0,2021,"Covernet Insurance Company, Inc.","https://docs.pr.gov/files/OCS/regulados/Informes%20Anuales/2021/Covernet%20Insurance%20Company,%20Inc..pdf",https://www.ocs.pr.gov/regulados/informes-anuales,2026-09-12T08:31:25+00:00,,,,,,,,unknown
76c953ce11b5e3d0694205a3c9dd75787c0722189275279d6ef2d55f66d9a801,2021,"Delta Dental of Puerto Rico, Inc.","https://docs.pr.gov/files/OCS/regulados/Informes%20Anuales/2021/Delta%20Dental%20of%20Puerto%20Rico,%20Inc..pdf",https://www.ocs.pr.gov/regulados/informes-anuales,2026-09-12T08:31:25+00:00,,,,,,,,unknown
36108c40e8fe98b7a2ab3dec8a10733adb47e9b46eb2b4499a7680680f4759fe,2021,"First Medical Health Plan, Inc.","https://docs.pr.gov/files/OCS/regulados/Informes%20Anuales/2021/First%20Medical%20Health%20Plan,%20Inc..pdf",https://www.ocs.pr.gov/regulados/informes-anuales,2026-09-12T08:31:25+00:00,,,,,,,,unknown
f29419aa2e27b3cb04a1fb4f5897b302ec4ec2a459d9e7261d86982274505eb9,2021,"Humana Health Plans of Puerto Rico, Inc.","https://docs.pr.gov/files/OCS/regulados/Informes%20Anuales/2021/Humana%20Health%20Plans%20of%20Puerto%20Rico,%20Inc..pdf",https://www.ocs.pr.gov/regulados/informes-anuales,2026-09-12T08:31:25+00:00,,,,,,,,unknown
8d47dc5d6734a711f3a02027ede159ef05c350ac6b259b3cc360498fe7c6cfb9,2021,"Humana Insurance of Puerto Rico, Inc.","https://docs.pr.gov/files/OCS/regulados/Informes%20Anuales/2021/Humana%20Insurance%20of%20Puerto%20Rico,%20Inc..pdf",https://www.ocs.pr.gov/regulados/informes-anuales,2026-09-12T08:31:25+00:00,,,,,,,,unknown
1264f4d47bcd7815972dcc2d777f820df87ec19d7e2cebc60805e0873c420f17,2021,MAPFRE Life Insurance Company of Puerto Rico,https://docs.pr.gov/files/OCS/regulados/Informes%20Anuales/2021/MAPFRE%20Life%20Insurance%20Company%20of%20Puerto%20Rico.pdf,https://www.ocs.pr.gov/regulados/informes-anuales,2026-09-12T08:31:25+00:00,,,,,,,,unknown
1dded1c77af0e1da2665c245de6e72519a7326f491a27b873f234d0d8a99aee9,2021,MAPFRE Pan American Insurance Company,https://docs.pr.gov/files/OCS/regulados/Informes%20Anuales/2021/MAPFRE%20Pan%20American%20Insurance%20Company.pdf,https://www.ocs.pr.gov/regulados/informes-anuales,2026-09-12T08:31:25+00:00,,,,,,,,unknown
deae77a12a7554585c41b18a6e47a2bd53a80e0433602a4b188d27086323581d,2021,MAPFRE PRAICO Insurance Company,https://docs.pr.gov/files/OCS/regulados/Informes%20Anuales/2021/MAPFRE%20PRAICO%20Insurance%20Company.pdf,https://www.ocs.pr.gov/regulados/informes-anuales,2026-09-12T08:31:25+00:00,,,,,,,,unknown
8f6eae841dd520346ba7aaa019d815fe48d541f37ff4386334eb445721f8199c,2021,"MCS Advantage, Inc.","https://docs.pr.gov/files/OCS/regulados/Informes%20Anuales/2021/MCS%20Advantage,%20Inc..pdf",https://www.ocs.pr.gov/regulados/informes-anuales,2026-09-12T08:31:25+00:00,,,,,,,,unknown
4aae92141c21e4ed77c21be21cb5c9a882db5f1d3ac95742f9f4c7a59e9bf57a,2021,"MCS Health Management Options, Inc.","https://docs.pr.gov/files/OCS/regulados/Informes%20Anuales/2021/MCS%20Health%20Management%20Options,%20Inc..pdf",https://www.ocs.pr.gov/regulados/informes-anuales,2026-09-12T08:31:25+00:00,,,,,,,,unknown
42e9125c5c9dff54af5d2fe072bc1187eb521eab6c02cd00a7c2b6b40f58b1ee,2021,MCS Life Insurance Company,https://docs.pr.gov/files/OCS/regulados/Informes%20Anuales/2021/MCS%20Life%20Insurance%20Company.pdf,https://www.ocs.pr.gov/regulados/informes-anuales,2026-09-12T08:31:25+00:00,,,,,,,,unknown
d1c1c5d2efdf6ad7593f4bdc0d93c89f9624552c88818a562f73c9d1f6e693ed,2021,"MMM Healthcare, LLC","https://docs.pr.gov/files/OCS/regulados/Informes%20Anuales/2021/MMM%20Healthcare,%20LLC.pdf",https://www.ocs.pr.gov/regulados/informes-anuales,2026-09-12T08:31:25+00:00,,,,,,,,unknown
b05fc86f8f096f5a1bff84177897c07b06a6324b9029473b9a97b5cf4df643fc,2021,"MMM Multi Health, LLC","https://docs.pr.gov/files/OCS/regulados/Informes%20Anuales/2021/MMM%20Multi%20Health,%20LLC.pdf",https://www.ocs.pr.gov/regulados/informes-anuales,2026-09-12T08:31:25+00:00,,,,,,,,unknown
22104ca541e6d90f6f28302b22eb286eee89ac5e8c3a8180d59333fe14eaf453,2021,"Molina Healthcare of Puerto Rico, Inc.","https://docs.pr.gov/files/OCS/regulados/Informes%20Anuales/2021/Molina%20Healthcare%20of%20Puerto%20Rico,%20Inc..pdf",https://www.ocs.pr.gov/regulados/informes-anuales,2026-09-12T08:31:25+00:00,,,,,,,,unknown
f382549c6251bc2599105db0c2742cb97048f84d5d5a03ec615d8eb795a74a96,2021,Multinational Insurance Company,https://docs.pr.gov/files/OCS/regulados/Informes%20Anuales/2021/Multinational%20Insurance%20Company.pdf,https://www.ocs.pr.gov/regulados/informes-anuales,2026-09-12T08:31:25+00:00,,,,,,,,unknown
692af192e54df3cdb7061767487ed55c033405614138548770cb4fbf11663fe8,2021,Multinational Life Insurance Company,https://docs.pr.gov/files/OCS/regulados/Informes%20Anuales/2021/Multinational%20Life%20Insurance%20Company.pdf,https://www.ocs.pr.gov/regulados/informes-anuales,2026-09-12T08:31:25+00:00,,,,,,,,unknown
062650b0e18af0db803158f1fc3488841d4ec742c1bdb974a175fc2a3262de11,2021,One Alliance Insurance Corporation,https://docs.pr.gov/files/OCS/regulados/Informes%20Anuales/2021/One%20Alliance%20Insurance%20Corporation.pdf,https://www.ocs.pr.gov/regulados/informes-anuales,2026-09-12T08:31:25+00:00,,,,,,,,unknown
39a025a1acaf2e38f38aa65de323bf55f1ea574b58d563f9dfcaebbc50ac6b62,2021,Óptima Seguros,https://docs.pr.gov/files/OCS/regulados/Informes%20Anuales/2021/O%CC%81ptima%20Seguros.pdf,https://www.ocs.pr.gov/regulados/informes-anuales,2026-09-12T08:31:25+00:00,,,,,,,,unknown
e756729e3d49a86dd48ebd1bf6cca40becdb28e95da51797ff0dbc4f46b946c6,2021,Pan American Life Insurance Company of Puerto Rico,https://docs.pr.gov/files/OCS/regulados/Informes%20Anuales/2021/Pan%20American%20Life%20Insurance%20Company%20of%20Puerto%20Rico.pdf,https://www.ocs.pr.gov/regulados/informes-anuales,2026-09-12T08:31:25+00:00,,,,,,,,unknown
dd3d9a1e5b8bfd7122e8e2780ff5322d68108547a00f5a27104e92da00962c19,2021,"Plan de Salud Menonita, Inc.","https://docs.pr.gov/files/OCS/regulados/Informes%20Anuales/2021/Plan%20de%20Salud%20Menonita,%20Inc..pdf",https://www.ocs.pr.gov/regulados/informes-anuales,2026-09-12T08:31:25+00:00,,,,,,,,unknown
d32f78626241f66d01b5452a64e95c722cb892e79f3db0a82e041e292f7b8b9b,2021,"Plan Médico Servicios de Salud Bella Vista, Inc.","https://docs.pr.gov/files/OCS/regulados/Informes%20Anuales/2021/Plan%20Me%CC%81dico%20Servicios%20de%20Salud%20Bella%20Vista,%20Inc..pdf",https://www.ocs.pr.gov/regulados/informes-anuales,2026-09-12T08:31:25+00:00,,,,,,,,unknown
8e95b064ebbac52c9487acefb32f6d405c69fe2bfc7c65fc9f875e32c8b62d5d,2021,"PMC Medicare Choice, LLC","https://docs.pr.gov/files/OCS/regulados/Informes%20Anuales/2021/PMC%20Medicare%20Choice,%20LLC.pdf",https://www.ocs.pr.gov/regulados/informes-anuales,2026-09-12T08:31:25+00:00,,,,,,,,unknown
339de5acaf61846819341174eddb3d8d2a2179a2c6e8c4a976fefe24e969dad7,2021,"Point Guard Insurance Company, Inc.","https://docs.pr.gov/files/OCS/regulados/Informes%20Anuales/2021/Point%20Guard%20Insurance%20Company,%20Inc..pdf",https://www.ocs.pr.gov/regulados/informes-anuales,2026-09-12T08:31:25+00:00,,,,,,,,unknown
8683630e1a8b3762a3fd903325bf9b89748a5ceb50e11c191aca7ce8632cec99,2021,Popular Life Re,https://docs.pr.gov/files/OCS/regulados/Informes%20Anuales/2021/Popular%20Life%20Re.pdf,https://www.ocs.pr.gov/regulados/informes-anuales,2026-09-12T08:31:25+00:00,,,,,,,,unknown
547fe08cb11083fe693a672e3eb2728561ddb2be7ff0a20867178e61d4123f0f,2021,Premier Insurance Company,https://docs.pr.gov/files/OCS/regulados/Informes%20Anuales/2021/Premier%20Insurance%20Company.pdf,https://www.ocs.pr.gov/regulados/informes-anuales,2026-09-12T08:31:25+00:00,,,,,,,,unknown
d1111e17da4347d3d615b99540196b8865450fc28d24f7b19396f5d42405adfd,2021,Puerto Rico Medical Defense Insurance Company,https://docs.pr.gov/files/OCS/regulados/Informes%20Anuales/2021/Puerto%20Rico%20Medical%20Defense%20Insurance%20Company.pdf,https://www.ocs.pr.gov/regulados/informes-anuales,2026-09-12T08:31:25+00:00,,,,,,,,unknown
29f7f53af987cbde96af6e9b6462f389096c82cd2fa0ad14b4b01dc4c672861b,2021,"Ryder Health Plan, Inc.","https://docs.pr.gov/files/OCS/regulados/Informes%20Anuales/2021/Ryder%20Health%20Plan,%20Inc..pdf",https://www.ocs.pr.gov/regulados/informes-anuales,2026-09-12T08:31:25+00:00,,,,,,,,unknown
61d763089c4bc885c1fa6a94b0a351b65b73596dcdcbb96d7c41ea661f372ab6,2021,SIMED,https://docs.pr.gov/files/OCS/regulados/Informes%20Anuales/2021/SIMED.pdf,https://www.ocs.pr.gov/regulados/informes-anuales,2026-09-12T08:31:25+00:00,,,,,,,,unknown
310838ba0175547aca29b68d268cc17ea234165ae93741c088fa73e8516db2c3,2021,Tower Bonding and Surety Company,https://docs.pr.gov/files/OCS/regulados/Informes%20Anuales/2021/Tower%20Bonding%20and%20Surety%20Company.pdf,https://www.ocs.pr.gov/regulados/informes-anuales,2026-09-12T08:31:25+00:00,,,,,,,,unknown
49bb730eb34c89211912b0c5f4649f7defd5ea4a7d74ab37cb9f7b253ff4602f,2021,Trans-Oceanic Life Insurance Company,https://docs.pr.gov/files/OCS/regulados/Informes%20Anuales/2021/Trans-Oceanic%20Life%20Insurance%20Company.pdf,https://www.ocs.pr.gov/regulados/informes-anuales,2026-09-12T08:31:25+00:00,,,,,,,,unknown
56f7c66cf04f254e79b0a3449787ec14e923aa374c654f72417765cf5d6e125c,2021,"Triple-S Advantage, Inc.","https://docs.pr.gov/files/OCS/regulados/Informes%20Anuales/2021/Triple-S%20Advantage,%20Inc..pdf",https://www.ocs.pr.gov/regulados/informes-anuales,2026-09-12T08:31:25+00:00,,,,,,,,unknown
f274084890f20af55446bc012dbd875c66d2defc79cf64705f02fdfcf91185c1,2021,"Triple-S Propiedad, Inc.","https://docs.pr.gov/files/OCS/regulados/Informes%20Anuales/2021/Triple-S%20Propiedad,%20Inc..pdf",https://www.ocs.pr.gov/regulados/informes-anuales,2026-09-12T08:31:25+00:00,,,,,,,,unknown
bb60182672b0043f05345dbdcd7b18b0171b819ef80b334c314aff7063d817e8,2021,"Triple-S Salud, Inc.","https://docs.pr.gov/files/OCS/regulados/Informes%20Anuales/2021/Triple-S%20Salud,%20Inc..pdf",https://www.ocs.pr.gov/regulados/informes-anuales,2026-09-12T08:31:25+00:00,,,,,,,,unknown
c456f628d282bd58ce665d9dbb78c3c4793126f8f85a96e16c06c4052bee4c47,2021,"Triple-S Vida, Inc.","https://docs.pr.gov/files/OCS/regulados/Informes%20Anuales/2021/Triple-S%20Vida,%20Inc..pdf",https://www.ocs.pr.gov/regulados/informes-anuales,2026-09-12T08:31:25+00:00,,,,,,,,unknown
7c1ac199f5101cca74f04e24e6001ac9c9b40693b362369f18f15b23b2cb6c89,2021,United Surety and Indemnity Company,https://docs.pr.gov/files/OCS/regulados/Informes%20Anuales/2021/United%20Surety%20and%20Indemnity%20Company.pdf,https://www.ocs.pr.gov/regulados/informes-anuales,2026-09-12T08:31:25+00:00,,,,,,,,unknown
6d92f5be01273f50687e4a5e999c6bce838cd1bdd0c40d1f1c725d2b5f8d01f5,2021,Universal Insurance Company,https://docs.pr.gov/files/OCS/regulados/Informes%20Anuales/2021/Universal%20Insurance%20Company.pdf,https://www.ocs.pr.gov/regulados/informes-anuales,2026-09-12T08:31:25+00:00,,,,,,,,unknown
76ce34c789150b4c9e9a10abea0317d4360cfe38015e54e51b480ce52dd9b131,2021,Universal Life Insurance Company,https://docs.pr.gov/files/OCS/regulados/Informes%20Anuales/2021/Universal%20Life%20Insurance%20Company.pdf,https://www.ocs.pr.gov/regulados/informes-anuales,2026-09-12T08:31:25+00:00,,,,,,,,unknown
a4bf472d1ca4ca21fd10e313dfcfeae0ab6f1afeafb4f8af87c86b8c2eaa406e,2021,USIC Life Insurance Company,https://docs.pr.gov/files/OCS/regulados/Informes%20Anuales/2021/USIC%20Life%20Insurance%20Company.pdf,https://www.ocs.pr.gov/regulados/informes-anuales,2026-09-12T08:31:25+00:00,,,,,,,,unknown
bbd04ef8496fa25cecc15f14d8b9ad2722f8ab3b413c204eba33b060c7ec6db6,2020,AIG Insurance Company-Puerto Rico,https://docs.pr.gov/files/OCS/regulados/Informes%20Anuales/2020/AIG%20Insurance%20Company-Puerto%20Rico%20(1).pdf,https://www.ocs.pr.gov/regulados/informes-anuales,2026-09-12T08:31:25+00:00,,,,,,,,unknown
140fa14366678ea29be951131b55622eda1463d6e20870358523cdf395c8b940,2020,Antilles Insurance Company,https://docs.pr.gov/files/OCS/regulados/Informes%20Anuales/2020/Antilles%20Insurance%20Company.pdf,https://www.ocs.pr.gov/regulados/informes-anuales,2026-09-12T08:31:25+00:00,,,,,,,,unknown
c32b47cded14d82fc549ad87da20a2c6713c40596343f6e4549ff150db153aef,2020,Asociación de Suscripción Conjunta del Seguro de Responsabilidad Obligatorio,https://docs.pr.gov/files/OCS/regulados/Informes%20Anuales/2020/Asociacio%CC%81n%20de%20Suscripcio%CC%81n%20Conjunta%20del%20Seguro%20de%20Responsabilidad%20Obligatorio.pdf,https://www.ocs.pr.gov/regulados/informes-anuales,2026-09-12T08:31:25+00:00,,,,,,,,unknown
d9bc4a62222475c64b469a103b20f071756ec343f8df828bd246729fb731b8b5,2020,Caribbean American Life Assurance Company,https://docs.pr.gov/files/OCS/regulados/Informes%20Anuales/2020/Caribbean%20American%20Life%20Assurance%20Company.pdf,https://www.ocs.pr.gov/regulados/informes-anuales,2026-09-12T08:31:25+00:00,,,,,,,,unknown
b7112a88350f04bd13f3d9b004aaa05fa49db34e784f8a216b7c1519b5aa6c3c,2020,Caribbean American Property Insurance Company,https://docs.pr.gov/files/OCS/regulados/Informes%20Anuales/2020/Caribbean%20American%20Property%20Insurance%20Company.pdf,https://www.ocs.pr.gov/regulados/informes-anuales,2026-09-12T08:31:25+00:00,,,,,,,,unknown
93ea3576eceb7ae7fa7e003dc590bb6cafcd74eb6aecb996894d9927b1433e9e,2020,Chubb Insurance Company of Puerto Rico,https://docs.pr.gov/files/OCS/regulados/Informes%20Anuales/2020/Chubb%20Insurance%20Company%20of%20Puerto%20Rico.pdf,https://www.ocs.pr.gov/regulados/informes-anuales,2026-09-12T08:31:25+00:00,,,,,,,,unknown
d0f1f368c6ec4fb1ff29e58aab1f9f0c322d86365cc4ed846a88e01a394b3194,2020,"Cooperativa de Seguros de Vida de PR, COSVI","https://docs.pr.gov/files/OCS/regulados/Informes%20Anuales/2020/Cooperativa%20de%20Seguros%20de%20Vida%20de%20PR,%20COSVI.pdf",https://www.ocs.pr.gov/regulados/informes-anuales,2026-09-12T08:31:25+00:00,,,,,,,,unknown
0ad7c4e177ef89b4b92603e5004022d24aa6bd60c45265219c2bb146ba6b1920,2020,Cooperativa de Seguros Múltiples de PR,https://docs.pr.gov/files/OCS/regulados/Informes%20Anuales/2020/Cooperativa%20de%20Seguros%20Mu%CC%81ltiples%20de%20PR.pdf,https://www.ocs.pr.gov/regulados/informes-anuales,2026-09-12T08:31:25+00:00,,,,,,,,unknown
86e12d4032bb7784d4315bd62fc5c021f3cac5a9b7c38a93079e95d6bf7284c2,2020,Covernet Insurance Company,https://docs.pr.gov/files/OCS/regulados/Informes%20Anuales/2020/Covernet%20Insurance%20Company.pdf,https://www.ocs.pr.gov/regulados/informes-anuales,2026-09-12T08:31:25+00:00,,,,,,,,unknown
8eb10dc68eb9296383c3cd53c7c1ca306b7d2b7aaea67c7f7b80cc6770af5140,2020,"Delta Dental of PR, Inc.","https://docs.pr.gov/files/OCS/regulados/Informes%20Anuales/2020/Delta%20Dental%20of%20PR,%20Inc..pdf",https://www.ocs.pr.gov/regulados/informes-anuales,2026-09-12T08:31:25+00:00,,,,,,,,unknown
901d651c067ed39f614e81425acbf9e7638ff1b2acc943ec5634fa81577d12ba,2020,"First Medical Health Plan, Inc.","https://docs.pr.gov/files/OCS/regulados/Informes%20Anuales/2020/First%20Medical%20Health%20Plan,%20Inc..pdf",https://www.ocs.pr.gov/regulados/informes-anuales,2026-09-12T08:31:25+00:00,,,,,,,,unknown
1a9de91a2c9699235d894aab821d6a5d24b99994cae9fe26e1cd58b15fe9d537,2020,"Humana Health Plans of Puerto Rico, Inc.","https://docs.pr.gov/files/OCS/regulados/Informes%20Anuales/2020/Humana%20Health%20Plans%20of%20Puerto%20Rico,%20Inc..pdf",https://www.ocs.pr.gov/regulados/informes-anuales,2026-09-12T08:31:25+00:00,,,,,,,,unknown
c0d017c1ada58b66499ac9e570569c7915506825ce7de98edc4b144c4d3cca60,2020,"Humana Insurance of Puerto Rico, Inc.","https://docs.pr.gov/files/OCS/regulados/Informes%20Anuales/2020/Humana%20Insurance%20of%20Puerto%20Rico,%20Inc..pdf",https://www.ocs.pr.gov/regulados/informes-anuales,2026-09-12T08:31:25+00:00,,,,,,,,unknown
ca800c6c869bc5e947ad58acfcd2f9509aaf28f66036550062c8b43ef0977209,2020,MAPFRE Pan American Insurance Company,https://docs.pr.gov/files/OCS/regulados/Informes%20Anuales/2020/MAPFRE%20Pan%20American%20Insurance%20Company.pdf,https://www.ocs.pr.gov/regulados/informes-anuales,2026-09-12T08:31:25+00:00,,,,,,,,unknown
c2cc96fae15a71eb43a736728f71a9cf748eb55d3b61153121f8e1b4a203040e,2020,MAPFRE PRAICO Insurance Company,https://docs.pr.gov/files/OCS/regulados/Informes%20Anuales/2020/MAPFRE%20PRAICO%20Insurance%20Company.pdf,https://www.ocs.pr.gov/regulados/informes-anuales,2026-09-12T08:31:25+00:00,,,,,,,,unknown
8773084715282b84418ec61e409c216d9c58b933b4405a1ec1df4fc9bc5788c5,2020,"MCS Advantage, Inc.","https://docs.pr.gov/files/OCS/regulados/Informes%20Anuales/2020/MCS%20Advantage,%20Inc..pdf",https://www.ocs.pr.gov/regulados/informes-anuales,2026-09-12T08:31:25+00:00,,,,,,,,unknown
efa73efebc006fd02e01c79526544d2b937867870e7b9c06129698be995174da,2020,"MCS Health Management Options, Inc.","https://docs.pr.gov/files/OCS/regulados/Informes%20Anuales/2020/MCS%20Health%20Management%20Options,%20Inc..pdf",https://www.ocs.pr.gov/regulados/informes-anuales,2026-09-12T08:31:25+00:00,,,,,,,,unknown
e71c32129e5caf3b5648b343a102297fbec54002bc62faad3de967058934ab88,2020,MCS Life Insurance Company,https://docs.pr.gov/files/OCS/regulados/Informes%20Anuales/2020/MCS%20Life%20Insurance%20Company.pdf,https://www.ocs.pr.gov/regulados/informes-anuales,2026-09-12T08:31:25+00:00,,,,,,,,unknown
4ff256b6f00cec76bea8feed7bcb876de3a49476f56641791ab563ea7e8c1fca,2020,"MMM Healthcare, LLC","https://docs.pr.gov/files/OCS/regulados/Informes%20Anuales/2020/MMM%20Healthcare,%20LLC.pdf",https://www.ocs.pr.gov/regulados/informes-anuales,2026-09-12T08:31:25+00:00,,,,,,,,unknown
6f5f431836f74a098153b6d5cddec2f7b780c1f6a4316356eb143f802f92add3,2020,"MMM Multi Health, LLC","https://docs.pr.gov/files/OCS/regulados/Informes%20Anuales/2020/MMM%20Multi%20Health,%20LLC.pdf",https://www.ocs.pr.gov/regulados/informes-anuales,2026-09-12T08:31:25+00:00,,,,,,,,unknown
9b2d80b68765c5c92312a7209e61d8a2e5ecf175ad7c2c208074c2288ab82c9f,2020,"Molina Heathcare of Puerto Rico, Inc.","https://docs.pr.gov/files/OCS/regulados/Informes%20Anuales/2020/Molina%20Heathcare%20of%20Puerto%20Rico,%20Inc..pdf",https://www.ocs.pr.gov/regulados/informes-anuales,2026-09-12T08:31:25+00:00,,,,,,,,unknown
1b229c820ea912f0079d3e522a499dcdb3d0fccddf9862b5fd51af6b58c4a82d,2020,Multinational Insurance Comapany,https://docs.pr.gov/files/OCS/regulados/Informes%20Anuales/2020/Multinational%20Insurance%20Comapany.pdf,https://www.ocs.pr.gov/regulados/informes-anuales,2026-09-12T08:31:25+00:00,,,,,,,,unknown
d92410e0f561bdff0edc3f0ee61bc4c76d4c48c5bea8f5fcb2ea30dbe9cb8675,2020,Multinational Life Insurance Company,https://docs.pr.gov/files/OCS/regulados/Informes%20Anuales/2020/Multinational%20Life%20Insurance%20Company.pdf,https://www.ocs.pr.gov/regulados/informes-anuales,2026-09-12T08:31:25+00:00,,,,,,,,unknown
42139812e445c4aaab09d83be33186652595647c0e1c350470fcda7d2b1c81c4,2020,One Alliance Insurance Corporation,https://docs.pr.gov/files/OCS/regulados/Informes%20Anuales/2020/One%20Alliance%20Insurance%20Corporation.pdf,https://www.ocs.pr.gov/regulados/informes-anuales,2026-09-12T08:31:25+00:00,,,,,,,,unknown
29092b99bdb9122720120d99d6545ca0b0fd89aba4c16015856f6711afbb2fb4,2020,Óptima Seguros,https://docs.pr.gov/files/OCS/regulados/Informes%20Anuales/2020/O%CC%81ptima%20Seguros.pdf,https://www.ocs.pr.gov/regulados/informes-anuales,2026-09-12T08:31:25+00:00,,,,,,,,unknown
79262581c390e21659aae42302dbd0a44575f1b4877552f61ddd861eb4d0035f,2020,Pan American Life Insurance Company of Puerto Rico,https://docs.pr.gov/files/OCS/regulados/Informes%20Anuales/2020/Pan%20American%20Life%20Insurance%20Company%20of%20Puerto%20Rico.pdf,https://www.ocs.pr.gov/regulados/informes-anuales,2026-09-12T08:31:25+00:00,,,,,,,,unknown
f1200ede5f19de162b204691ae9a42269a167a173adbcd8e8a6213dfe9b29cb2,2020,"Plan de Salud Menonita, Inc.","https://docs.pr.gov/files/OCS/regulados/Informes%20Anuales/2020/Plan%20de%20Salud%20Menonita,%20Inc..pdf",https://www.ocs.pr.gov/regulados/informes-anuales,2026-09-12T08:31:25+00:00,,,,,,,,unknown
9f8a50449e0373228002b9cb3b8b5e81250d5c2100e8b67261a14b1e6635b73f,2020,Plan Médico Servicios de Salud Bella Vista,https://docs.pr.gov/files/OCS/regulados/Informes%20Anuales/2020/Plan%20Me%CC%81dico%20Servicios%20de%20Salud%20Bella%20Vista.pdf,https://www.ocs.pr.gov/regulados/informes-anuales,2026-09-12T08:31:25+00:00,,,,,,,,unknown
aa32fc90f08caf8cc83e5f8d55ed1e0bf96d382bfd485eb0abd8e1107c2b1206,2020,"PMC Medicare Choice, LLC.","https://docs.pr.gov/files/OCS/regulados/Informes%20Anuales/2020/PMC%20Medicare%20Choice,%20LLC..pdf",https://www.ocs.pr.gov/regulados/informes-anuales,2026-09-12T08:31:25+00:00,,,,,,,,unknown
35663f37954cb93f7f37f03acdcfb7d000ccccd8b7ac834082cb5c43bb76341c,2020,Point Guard Insurance Company,https://docs.pr.gov/files/OCS/regulados/Informes%20Anuales/2020/Point%20Guard%20Insurance%20Company.pdf,https://www.ocs.pr.gov/regulados/informes-anuales,2026-09-12T08:31:25+00:00,,,,,,,,unknown
8e59e50aac7506c08f1dc470e948a3052acad7e9ecd6f3bb5bdbfa1bc20261d4,2020,Popular Life Re,https://docs.pr.gov/files/OCS/regulados/Informes%20Anuales/2020/Popular%20Life%20Re%20(1).pdf,https://www.ocs.pr.gov/regulados/informes-anuales,2026-09-12T08:31:25+00:00,,,,,,,,unknown
b9539605d28861d1652e453aeb3d5b1780cd92e333ee85436dcd3a23d1b17e12,2020,Premier Insurance Company,https://docs.pr.gov/files/OCS/regulados/Informes%20Anuales/2020/Premier%20Insurance%20Company.pdf,https://www.ocs.pr.gov/regulados/informes-anuales,2026-09-12T08:31:25+00:00,,,,,,,,unknown
181eff521da6f9600374eaff228a99e6a9e8acd0332198d3aac557d86e705e68,2020,Puerto Rico Medical Defense Insurance Company,https://docs.pr.gov/files/OCS/regulados/Informes%20Anuales/2020/Puerto%20Rico%20Medical%20Defense%20Insurance%20Company.pdf,https://www.ocs.pr.gov/regulados/informes-anuales,2026-09-12T08:31:25+00:00,,,,,,,,unknown
16c643856c0bbc59fe6be57d59fe24fda632e493df255f2486699442af236819,2020,"Ryder Health Plan, Inc.","https://docs.pr.gov/files/OCS/regulados/Informes%20Anuales/2020/Ryder%20Health%20Plan,%20Inc..pdf",https://www.ocs.pr.gov/regulados/informes-anuales,2026-09-12T08:31:25+00:00,,,,,,,,unknown
445b0617ecb916acc256eb11bc4624b189dfb8718a42cd515fcbe470c9bd8f6e,2020,SIMED,https://docs.pr.gov/files/OCS/regulados/Informes%20Anuales/2020/SIMED.pdf,https://www.ocs.pr.gov/regulados/informes-anuales,2026-09-12T08:31:25+00:00,,,,,,,,unknown
7190d6aa4aa896b16a0831a2519f0e2f851f8056153749a69f5c44060ada3f95,2020,Tower Bonding & Surety Company,https://docs.pr.gov/files/OCS/regulados/Informes%20Anuales/2020/Tower%20Bonding%20%26%20Surety%20Company.pdf,https://www.ocs.pr.gov/regulados/informes-anuales,2026-09-12T08:31:25+00:00,,,,,,,,unknown
d2778b3426f04cf67814ff63888ca2cc2afe3c34ac809da69d832c5089a0a7b6,2020,Trans-Oceanic Life Insurance Company,https://docs.pr.gov/files/OCS/regulados/Informes%20Anuales/2020/Trans-Oceanic%20Life%20Insurance%20Company.pdf,https://www.ocs.pr.gov/regulados/informes-anuales,2026-09-12T08:31:25+00:00,,,,,,,,unknown
a20a3d35cc58ab34bb14d011c9c53bbf204655fb2f6670852684c679e980f7c9,2020,"Triple-S Advantage, Inc.","https://docs.pr.gov/files/OCS/regulados/Informes%20Anuales/2020/Triple-S%20Advantage,%20Inc..pdf",https://www.ocs.pr.gov/regulados/informes-anuales,2026-09-12T08:31:25+00:00,,,,,,,,unknown
b3f83e2764ac55040e5419fdfd548a9c9333238e6324d499c1840e396bcb4bcb,2020,Triple-S Propiedad,https://docs.pr.gov/files/OCS/regulados/Informes%20Anuales/2020/Triple-S%20Propiedad.pdf,https://www.ocs.pr.gov/regulados/informes-anuales,2026-09-12T08:31:25+00:00,,,,,,,,unknown
cb7e4d93ed5e502d8767e846f45755934f31c4528d2776d5a4eab9ecfd81e7df,2020,"Triple-S Salud, Inc.","https://docs.pr.gov/files/OCS/regulados/Informes%20Anuales/2020/Triple-S%20Salud,%20Inc..pdf",https://www.ocs.pr.gov/regulados/informes-anuales,2026-09-12T08:31:25+00:00,,,,,,,,unknown
31313849cba7a5cde1cf637d7dea2abb0112ae52da195aab5dc470bc5fdfa76e,2020,Triple-S Vida Inc.,https://docs.pr.gov/files/OCS/regulados/Informes%20Anuales/2020/Triple-S%20Vida%20Inc..pdf,https://www.ocs.pr.gov/regulados/informes-anuales,2026-09-12T08:31:25+00:00,,,,,,,,unknown
27ff5316a14c002821416539768d39f0e5c2976b2928d1bf156e277d79b2c575,2020,United Surety & Indemnity Company,https://docs.pr.gov/files/OCS/regulados/Informes%20Anuales/2020/United%20Surety%20%26%20Indemnity%20Company.pdf,https://www.ocs.pr.gov/regulados/informes-anuales,2026-09-12T08:31:25+00:00,,,,,,,,unknown
3141536be3fc655777fad051d75e474d4310af3d44c13d392d8796caab321ccf,2020,Universal Insurance Company,https://docs.pr.gov/files/OCS/regulados/Informes%20Anuales/2020/Universal%20Insurance%20Company.pdf,https://www.ocs.pr.gov/regulados/informes-anuales,2026-09-12T08:31:25+00:00,,,,,,,,unknown
57ad76fb1590059c377758a47911f8e8d66ff4995e13b81f5ef3ec650d833ecf,2020,Universal Life Insurance Company,https://docs.pr.gov/files/OCS/regulados/Informes%20Anuales/2020/Universal%20Life%20Insurance%20Company.pdf,https://www.ocs.pr.gov/regulados/informes-anuales,2026-09-12T08:31:25+00:00,,,,,,,,unknown
b4c1d8cacc44e2c9e68c15cd7b7581c98c6a5083e0f4d08e6a78847fc483cf9e,2020,USIC Life Insurance Company,https://docs.pr.gov/files/OCS/regulados/Informes%20Anuales/2020/USIC%20Life%20Insurance%20Company.pdf,https://www.ocs.pr.gov/regulados/informes-anuales,2026-09-12T08:31:25+00:00,,,,,,,,unknown
c7423a5d8bbc01cffd97a2502df10890040f2d1d007943b22090bd654cdb9db8,2019,AIG Insurance Company-Puerto Rico,https://docs.pr.gov/files/OCS/regulados/Informes%20Anuales/2019/AIG%20Insurance%20Company-Puerto%20Rico.pdf,https://www.ocs.pr.gov/regulados/informes-anuales,2026-09-12T08:31:25+00:00,,,,,,,,unknown
2c509f04582c11560ecc0c87c4474261f084591e3b404f0a1eaff64916337b11,2019,Antilles Insurance Company,https://docs.pr.gov/files/OCS/regulados/Informes%20Anuales/2019/Antilles%20Insurance%20Company.pdf,https://www.ocs.pr.gov/regulados/informes-anuales,2026-09-12T08:31:25+00:00,,,,,,,,unknown
19e684118e23d45467e5d73d947bcece967a27f3f9f39c53403e84ac5042652d,2019,Asociacion de Suscripcion Conjunta del Seguro de Responsabilidad Obligatorio,https://docs.pr.gov/files/OCS/regulados/Informes%20Anuales/2019/Asociacion%20de%20Suscripcion%20Conjunta%20del%20Seguro%20de%20Responsabilidad%20Obligatorio.pdf,https://www.ocs.pr.gov/regulados/informes-anuales,2026-09-12T08:31:25+00:00,,,,,,,,unknown
2f7a0df7d6b70f9f1d0d11b98a7a21af19649bb766f9193963d761ca1fc0ff1a,2019,Caribbean American Life Assurance Company,https://docs.pr.gov/files/OCS/regulados/Informes%20Anuales/2019/Caribbean%20American%20Life%20Assurance%20Company.pdf,https://www.ocs.pr.gov/regulados/informes-anuales,2026-09-12T08:31:25+00:00,,,,,,,,unknown
4ce5385bf9f925af72a6388d75e38341567f37fee001e758ce429e1233c54e5f,2019,Caribbean American Property Insurance Company,https://docs.pr.gov/files/OCS/regulados/Informes%20Anuales/2019/Caribbean%20American%20Property%20Insurance%20Company.pdf,https://www.ocs.pr.gov/regulados/informes-anuales,2026-09-12T08:31:25+00:00,,,,,,,,unknown
05b875faca471d12d648b99d6c603b825e5b86efe446f7897a41d71590bb5f5a,2019,Chubb Insurance Company of Puerto Rico,https://docs.pr.gov/files/OCS/regulados/Informes%20Anuales/2019/Chubb%20Insurance%20Company%20of%20Puerto%20Rico.pdf,https://www.ocs.pr.gov/regulados/informes-anuales,2026-09-12T08:31:25+00:00,,,,,,,,unknown
8d525aaf39f9b449dd5ee3be376a28db5e0829d51c72780ae7ef1da58130048a,2019,Cooperativa de Seguros de Vida (COSVI),https://docs.pr.gov/files/OCS/regulados/Informes%20Anuales/2019/Cooperativa%20de%20Seguros%20de%20Vida%20(COSVI).pdf,https://www.ocs.pr.gov/regulados/informes-anuales,2026-09-12T08:31:25+00:00,,,,,,,,unknown
55166f4e9da9b5bad9130cec04236507f570ce224e50dab76aaf0b96fdea7d7c,2019,"Delta Dental of PR, Inc.","https://docs.pr.gov/files/OCS/regulados/Informes%20Anuales/2019/Delta%20Dental%20of%20PR,%20Inc..pdf",https://www.ocs.pr.gov/regulados/informes-anuales,2026-09-12T08:31:25+00:00,,,,,,,,unknown
3df38aebfd306dd8a7358b92af8bdadc995074bf8383b403d5af58509c19b80f,2019,"First medical Health Plan, Inc.","https://docs.pr.gov/files/OCS/regulados/Informes%20Anuales/2019/First%20medical%20Health%20Plan,%20Inc..pdf",https://www.ocs.pr.gov/regulados/informes-anuales,2026-09-12T08:31:25+00:00,,,,,,,,unknown
e1d5446b620aefa25f13eb56f6653d4ab51474133345a47f357c65f3677f40a7,2019,"Humana Health Plans of Puerto Rico, Inc.","https://docs.pr.gov/files/OCS/regulados/Informes%20Anuales/2019/Humana%20Health%20Plans%20of%20Puerto%20Rico,%20Inc..pdf",https://www.ocs.pr.gov/regulados/informes-anuales,2026-09-12T08:31:25+00:00,,,,,,,,unknown
4296395ec13969ff1a985d86e82d354d2d5a38a4bdd349dc358f58f66b548df4,2019,MAPFRE Life Insurance Company of Puerto Rico,https://docs.pr.gov/files/OCS/regulados/Informes%20Anuales/2019/MAPFRE%20Life%20Insurance%20Company%20of%20Puerto%20Rico.pdf,https://www.ocs.pr.gov/regulados/informes-anuales,2026-09-12T08:31:25+00:00,,,,,,,,unknown
abb3afa4b4ee05b7ddca773de4dc8d827b735a7e1f3861053841b916c8fc931e,2019,MAPFRE Pan American Insurance Company,https://docs.pr.gov/files/OCS/regulados/Informes%20Anuales/2019/MAPFRE%20Pan%20American%20Insurance%20Company.pdf,https://www.ocs.pr.gov/regulados/informes-anuales,2026-09-12T08:31:25+00:00,,,,,,,,unknown
74a0b49eb0835a18b54ed7a28a0c7987a19574d77dbe07ff17e9c5059bb0bf55,2019,MAPFRE PRAICO Insurance Company,https://docs.pr.gov/files/OCS/regulados/Informes%20Anuales/2019/MAPFRE%20PRAICO%20Insurance%20Company.pdf,https://www.ocs.pr.gov/regulados/informes-anuales,2026-09-12T08:31:25+00:00,,,,,,,,unknown
d27d9a691336b639885873477bdcb29bf9338f3f5843a8c614db353ea4dc23a2,2019,MCS Advantage Inc.,https://docs.pr.gov/files/OCS/regulados/Informes%20Anuales/2019/MCS%20Advantage%20Inc..pdf,https://www.ocs.pr.gov/regulados/informes-anuales,2026-09-12T08:31:25+00:00,,,,,,,,unknown
c017a59a9abe2abc5d718f712171b567c593483b87ccaf559c4ab7266d405fd3,2019,"MCS Health Management Options, Inc.","https://docs.pr.gov/files/OCS/regulados/Informes%20Anuales/2019/MCS%20Health%20Management%20Options,%20Inc..pdf",https://www.ocs.pr.gov/regulados/informes-anuales,2026-09-12T08:31:25+00:00,,,,,,,,unknown
37707d4f88d872e42ad696e27751da8c43b83dcaeba2aa37fba664702cf39ed0,2019,MCS Life Insurance Company,https://docs.pr.gov/files/OCS/regulados/Informes%20Anuales/2019/MCS%20Life%20Insurance%20Company.pdf,https://www.ocs.pr.gov/regulados/informes-anuales,2026-09-12T08:31:25+00:00,,,,,,,,unknown
12c360fc7d7f362d9b05332802b4cc6984cadd395d305156e7dbf56ba1a630be,2019,"MMM Healthcare, LLC","https://docs.pr.gov/files/OCS/regulados/Informes%20Anuales/2019/MMM%20Healthcare,%20LLC.pdf",https://www.ocs.pr.gov/regulados/informes-anuales,2026-09-12T08:31:25+00:00,,,,,,,,unknown
aa66b6e1d183df94b04e5672d354696674b547f52f68bf7fc66fab63039b63d9,2019,"MMM Multi Health, LLC","https://docs.pr.gov/files/OCS/regulados/Informes%20Anuales/2019/MMM%20Multi%20Health,%20LLC.pdf",https://www.ocs.pr.gov/regulados/informes-anuales,2026-09-12T08:31:25+00:00,,,,,,,,unknown
4885641649497122bac16ad737afd421d2728900ae09a89eff9626419e6bdd4e,2019,"Molina Healthcare of Puerto Rico, Inc.","https://docs.pr.gov/files/OCS/regulados/Informes%20Anuales/2019/Molina%20Healthcare%20of%20Puerto%20Rico,%20Inc..pdf",https://www.ocs.pr.gov/regulados/informes-anuales,2026-09-12T08:31:25+00:00,,,,,,,,unknown
3eb72ec136a575ec97b76dd3dc658bfa057a2c71885f47a6f830b8fa696f0850,2019,Multinational Insurance Company,https://docs.pr.gov/files/OCS/regulados/Informes%20Anuales/2019/Multinational%20Insurance%20Company.pdf,https://www.ocs.pr.gov/regulados/informes-anuales,2026-09-12T08:31:25+00:00,,,,,,,,unknown
4993a53af7085b035835bb86237ffa3afc7f631961bbd42179ae2acf3208f0e4,2019,Multinational Life Insurance Company,https://docs.pr.gov/files/OCS/regulados/Informes%20Anuales/2019/Multinational%20Life%20Insurance%20Company.pdf,https://www.ocs.pr.gov/regulados/informes-anuales,2026-09-12T08:31:25+00:00,,,,,,,,unknown
19ed051bf02428e272b71f9753bdfdf2bb25c562a26b3bd22903f8c7d76eedc0,2019,Optima Seguros,https://docs.pr.gov/files/OCS/regulados/Informes%20Anuales/2019/Optima%20Seguros.pdf,https://www.ocs.pr.gov/regulados/informes-anuales,2026-09-12T08:31:25+00:00,,,,,,,,unknown
54db01c2e9e5aae8caa9e151b70a854037d8a3d466cf8997b534eabd5211491c,2019,Pan-American Life Insurance Company of Puerto Rico,https://docs.pr.gov/files/OCS/regulados/Informes%20Anuales/2019/Pan-American%20Life%20Insurance%20Company%20of%20Puerto%20Rico.pdf,https://www.ocs.pr.gov/regulados/informes-anuales,2026-09-12T08:31:25+00:00,,,,,,,,unknown
d7ff7db3887b0af3cbedef2e3ae2b744ac2cb8488684a217893f5c13a6e6f821,2019,"Plan de Salud Menonita, Inc.","https://docs.pr.gov/files/OCS/regulados/Informes%20Anuales/2019/Plan%20de%20Salud%20Menonita,%20Inc..pdf",https://www.ocs.pr.gov/regulados/informes-anuales,2026-09-12T08:31:25+00:00,,,,,,,,unknown
53ca2b9dcb255be9744a9683b2c31d5583e0753409381451b7cecf01c75b9d46,2019,Plan Medico Servicios de Salud Bella Vista Inc,https://docs.pr.gov/files/OCS/regulados/Informes%20Anuales/2019/Plan%20Medico%20Servicios%20de%20Salud%20Bella%20Vista%20Inc.pdf,https://www.ocs.pr.gov/regulados/informes-anuales,2026-09-12T08:31:25+00:00,,,,,,,,unknown
5b756c182a7de92eb63cc90fe2bee26c870dff95386c1cd2ce628ed2ea2eb759,2019,"PMC Medicare Choice, LLC","https://docs.pr.gov/files/OCS/regulados/Informes%20Anuales/2019/PMC%20Medicare%20Choice,%20LLC.pdf",https://www.ocs.pr.gov/regulados/informes-anuales,2026-09-12T08:31:25+00:00,,,,,,,,unknown
73658c53223c8d39a3fde2dad07ab7539b63f551a8d8701c86afcfe5cfe585fc,2019,"Point Guard Insurance Company, Inc.","https://docs.pr.gov/files/OCS/regulados/Informes%20Anuales/2019/Point%20Guard%20Insurance%20Company,%20Inc..pdf",https://www.ocs.pr.gov/regulados/informes-anuales,2026-09-12T08:31:25+00:00,,,,,,,,unknown
6084d3fcf4abf0609ac100307afa104a97328348b64402d824e182b944b0cb0d,2019,Popular Life Re,https://docs.pr.gov/files/OCS/regulados/Informes%20Anuales/2019/Popular%20Life%20Re.pdf,https://www.ocs.pr.gov/regulados/informes-anuales,2026-09-12T08:31:25+00:00,,,,,,,,unknown
42b5d575eff4b25b33a8f7fb54ebfe05593cd3cc90e83f4e938a9bb57930a6ff,2019,Premier Insurance Company,https://docs.pr.gov/files/OCS/regulados/Informes%20Anuales/2019/Premier%20Insurance%20Company.pdf,https://www.ocs.pr.gov/regulados/informes-anuales,2026-09-12T08:31:25+00:00,,,,,,,,unknown
ec1117456e134592428390feb8ef8acd84de679d043ec86d469312d058e5d555,2019,Puerto Rico Medical Defense Insurance Company,https://docs.pr.gov/files/OCS/regulados/Informes%20Anuales/2019/Puerto%20Rico%20Medical%20Defense%20Insurance%20Company.pdf,https://www.ocs.pr.gov/regulados/informes-anuales,2026-09-12T08:31:25+00:00,,,,,,,,unknown
da16735867b5219b7f8cc40e1d705456e9ea0c979e2b8804f0678686b321f0c8,2019,"Ryder Health Plan, Inc.","https://docs.pr.gov/files/OCS/regulados/Informes%20Anuales/2019/Ryder%20Health%20Plan,%20Inc..pdf",https://www.ocs.pr.gov/regulados/informes-anuales,2026-09-12T08:31:25+00:00,,,,,,,,unknown
4257211c58fbc87c724d4aef2134dc85198d5d527a58bfe1c74eafb6f3103bf8,2019,SIMED,https://docs.pr.gov/files/OCS/regulados/Informes%20Anuales/2019/SIMED.pdf,https://www.ocs.pr.gov/regulados/informes-anuales,2026-09-12T08:31:25+00:00,,,,,,,,unknown
58eee2bac16def22a519ec1a10399366eba1f97afacabc265485711a1536de50,2019,Tower Bonding and Surety Co.,https://docs.pr.gov/files/OCS/regulados/Informes%20Anuales/2019/Tower%20Bonding%20and%20Surety%20Co..pdf,https://www.ocs.pr.gov/regulados/informes-anuales,2026-09-12T08:31:25+00:00,,,,,,,,unknown
35efc319db51cf08a7189607162d02bba6b29e428f532f63151b4a56a497bcf4,2019,Trans-Oceanic Life Insurance Company,https://docs.pr.gov/files/OCS/regulados/Informes%20Anuales/2019/Trans-Oceanic%20Life%20Insurance%20Company.pdf,https://www.ocs.pr.gov/regulados/informes-anuales,2026-09-12T08:31:25+00:00,,,,,,,,unknown
6b1ce986fdeb20d91c4efd535932e45823ee8b35b4ba92a5d1fc0a9dc74330ff,2019,"Triple-S Advantage, Inc-Enmendada","https://docs.pr.gov/files/OCS/regulados/Informes%20Anuales/2019/Triple-S%20Advantage,%20Inc-Enmendada.pdf",https://www.ocs.pr.gov/regulados/informes-anuales,2026-09-12T08:31:25+00:00,,,,,,,,unknown
6771212a85ea49c16452e77f46bf8a5ae9a112e06efec58fec0cf841d86145e3,2019,"Triple-S Blue, Inc. I.I.","https://docs.pr.gov/files/OCS/regulados/Informes%20Anuales/2019/Triple-S%20Blue,%20Inc.%20I.I..pdf",https://www.ocs.pr.gov/regulados/informes-anuales,2026-09-12T08:31:25+00:00,,,,,,,,unknown
8f9dabad35fb8bce7f979503616d13e9d8d7c828be4f1d4e0352cd65e6375c0a,2019,"Triple-S Propiedad, Inc.","https://docs.pr.gov/files/OCS/regulados/Informes%20Anuales/2019/Triple-S%20Propiedad,%20Inc..pdf",https://www.ocs.pr.gov/regulados/informes-anuales,2026-09-12T08:31:25+00:00,,,,,,,,unknown
0d9e8969337445733a6747173d44eb5208c4d78138725e34b56081942d570ad5,2019,"Triple-S Salud, Inc.","https://docs.pr.gov/files/OCS/regulados/Informes%20Anuales/2019/Triple-S%20Salud,%20Inc..pdf",https://www.ocs.pr.gov/regulados/informes-anuales,2026-09-12T08:31:25+00:00,,,,,,,,unknown
6ef97d1703c3172a26c78dddd46f2c275e93330f3602ef4f0d3806d3bb7e788d,2019,"Triple-S Vida, Inc","https://docs.pr.gov/files/OCS/regulados/Informes%20Anuales/2019/Triple-S%20Vida,%20Inc.pdf",https://www.ocs.pr.gov/regulados/informes-anuales,2026-09-12T08:31:25+00:00,,,,,,,,unknown
9c18b3c127d3dbcdef7a2fb9e2a8543170f17b54e2fc08c01b469c2212c849cc,2019,United Surety & Indemnity Company,https://docs.pr.gov/files/OCS/regulados/Informes%20Anuales/2019/United%20Surety%20%26%20Indemnity%20Company.pdf,https://www.ocs.pr.gov/regulados/informes-anuales,2026-09-12T08:31:25+00:00,,,,,,,,unknown
579ac9a2cf978beb3bc6d205a4a3ec63aadd9093fce5fd504f28f40e312bc50f,2019,Universal Insurance Company,https://docs.pr.gov/files/OCS/regulados/Informes%20Anuales/2019/Universal%20Insurance%20Company.pdf,https://www.ocs.pr.gov/regulados/informes-anuales,2026-09-12T08:31:25+00:00,,,,,,,,unknown
6ab9795cc075944ebac637dff2ac85c3b4f76121897698d5a624e098508a213d,2019,Universal Life Insurance Company,https://docs.pr.gov/files/OCS/regulados/Informes%20Anuales/2019/Universal%20Life%20Insurance%20Company.pdf,https://www.ocs.pr.gov/regulados/informes-anuales,2026-09-12T08:31:25+00:00,,,,,,,,unknown
931d3fb16c90b690f0000d4f54f47978900c00b57f8101d30d2f4111a5fc54d3,2019,USIC Life Insurance Company,https://docs.pr.gov/files/OCS/regulados/Informes%20Anuales/2019/USIC%20Life%20Insurance%20Company.pdf,https://www.ocs.pr.gov/regulados/informes-anuales,2026-09-12T08:31:25+00:00,,,,,,,,unknown
85cf72e2a97fce233611597094df9d9cd27b402140fa75ff1030f7ed87f664bf,2018,AIG Insurance Company-Puerto Rico,https://docs.pr.gov/files/OCS/regulados/Informes%20Anuales/2018/AIG%20Insurance%20Company-Puerto%20Rico%20(1).pdf,https://www.ocs.pr.gov/regulados/informes-anuales,2026-09-12T08:31:25+00:00,,,,,,,,unknown
0865560b42c9eef87f6563c48384b83a7fdbd28cd6d5d69f7406f482b14adc3f,2018,Antilles Insurance Company,https://docs.pr.gov/files/OCS/regulados/Informes%20Anuales/2018/Antilles%20Insurance%20Company.pdf,https://www.ocs.pr.gov/regulados/informes-anuales,2026-09-12T08:31:25+00:00,,,,,,,,unknown
ea2cb94a9afa92e8bdfe94450f4020c9291965ac4c840796e171932219fcf3bd,2018,Asociación de Suscripción Conjunta del Seguro de Responsabilidad Obligatorio,https://docs.pr.gov/files/OCS/regulados/Informes%20Anuales/2018/Asociacio%CC%81n%20de%20Suscripcio%CC%81n%20Conjunta%20del%20Seguro%20de%20Responsabilidad%20Obligatorio.pdf,https://www.ocs.pr.gov/regulados/informes-anuales,2026-09-12T08:31:25+00:00,,,,,,,,unknown
332309997c6ed96b7b7b44db2895ea1cc7b6f9a05b49ffb992dcd3532967e155,2018,Caribbean American Life Insurance Company,https://docs.pr.gov/files/OCS/regulados/Informes%20Anuales/2018/Caribbean%20American%20Life%20Insurance%20Company.pdf,https://www.ocs.pr.gov/regulados/informes-anuales,2026-09-12T08:31:25+00:00,,,,,,,,unknown
06cbaabd7d705dcaec48c7bbb3d29ac61e9e5af7ec3e5b53314d25e967a89caa,2018,Caribbean American Property Insurance Company,https://docs.pr.gov/files/OCS/regulados/Informes%20Anuales/2018/Caribbean%20American%20Property%20Insurance%20Company.pdf,https://www.ocs.pr.gov/regulados/informes-anuales,2026-09-12T08:31:25+00:00,,,,,,,,unknown
02c71adf5319c56bc11ee4f5a432cd40aa9ddaa058dcb8dff196061116da05ed,2018,Chubb Insurance Company of Puerto Rico,https://docs.pr.gov/files/OCS/regulados/Informes%20Anuales/2018/Chubb%20Insurance%20Company%20of%20Puerto%20Rico.pdf,https://www.ocs.pr.gov/regulados/informes-anuales,2026-09-12T08:31:25+00:00,,,,,,,,unknown
85b3796a54ec2d36e36f5c6594392e48ad1bca15338d8a522c2a3097d47c86ec,2018,"Constellation Health, LLC","https://docs.pr.gov/files/OCS/regulados/Informes%20Anuales/2018/Constellation%20Health,%20LLC.pdf",https://www.ocs.pr.gov/regulados/informes-anuales,2026-09-12T08:31:25+00:00,,,,,,,,unknown
b3a0a3db0bc2cfd49b0fd16d0933c48d45a6a4039f6d4b77cf8608c7af2ebccd,2018,COOPERATIVA DE SEGUROS DE VIDA DE PR ANNUAL STATEMENT 2018,https://docs.pr.gov/files/OCS/regulados/Informes%20Anuales/2018/COOPERATIVA%20DE%20SEGUROS%20DE%20VIDA%20DE%20PR%20ANNUAL%20STATEMENT%202018.pdf,https://www.ocs.pr.gov/regulados/informes-anuales,2026-09-12T08:31:25+00:00,,,,,,,,unknown
7bb50689be3aeb4471271cdee1599245ba2c36d63c6f6a6fa469b98f77af70f1,2018,Cooperativa de Seguros Múltples de PR,https://docs.pr.gov/files/OCS/regulados/Informes%20Anuales/2018/Cooperativa%20de%20Seguros%20Mu%CC%81ltples%20de%20PR.pdf,https://www.ocs.pr.gov/regulados/informes-anuales,2026-09-12T08:31:25+00:00,,,,,,,,unknown
532bc656a84dddebac7dccf90753e4549451c40084ce9d954bf2cf9d0ac592e8,2018,Delta Dental of Puerto Rico,https://docs.pr.gov/files/OCS/regulados/Informes%20Anuales/2018/Delta%20Dental%20of%20Puerto%20Rico.pdf,https://www.ocs.pr.gov/regulados/informes-anuales,2026-09-12T08:31:25+00:00,,,,,,,,unknown
47c2356a3e55150dbe928b6ad6c0eec5682c63091c600e790ea4b464d9ec5d37,2018,"First Medical Health Plan, Inc.","https://docs.pr.gov/files/OCS/regulados/Informes%20Anuales/2018/First%20Medical%20Health%20Plan,%20Inc..pdf",https://www.ocs.pr.gov/regulados/informes-anuales,2026-09-12T08:31:25+00:00,,,,,,,,unknown
8f81b793cdf9d2c2df68f37dff33c8e81eafac8c2fcd480bbd6a34c9b70a4bbd,2018,"Humana Health Plans of Puerto Rico, Inc.","https://docs.pr.gov/files/OCS/regulados/Informes%20Anuales/2018/Humana%20Health%20Plans%20of%20Puerto%20Rico,%20Inc..pdf",https://www.ocs.pr.gov/regulados/informes-anuales,2026-09-12T08:31:25+00:00,,,,,,,,unknown
2f81c6278adcb0f38edd8113d344e589410a13898947343a95484e3f36b62e32,2018,"Humana Insurance of Puerto Rico, Inc.","https://docs.pr.gov/files/OCS/regulados/Informes%20Anuales/2018/Humana%20Insurance%20of%20Puerto%20Rico,%20Inc..pdf",https://www.ocs.pr.gov/regulados/informes-anuales,2026-09-12T08:31:25+00:00,,,,,,,,unknown
5064ceb341661d5e67921e64e9053c3c8ed18964e22a713fbb75bd89e5cd10a0,2018,INTEGRAND Assurance Company,https://docs.pr.gov/files/OCS/regulados/Informes%20Anuales/2018/INTEGRAND%20Assurance%20Company.pdf,https://www.ocs.pr.gov/regulados/informes-anuales,2026-09-12T08:31:25+00:00,,,,,,,,unknown
71c1998aef42069d6266b5aa35d331c82ad81bacba3352b7c4549f9edf687551,2018,MAPFRE Life Insurance Company,https://docs.pr.gov/files/OCS/regulados/Informes%20Anuales/2018/MAPFRE%20Life%20Insurance%20Company.pdf,https://www.ocs.pr.gov/regulados/informes-anuales,2026-09-12T08:31:25+00:00,,,,,,,,unknown
7311ae5a6432747f11e1cecd898bd6d5cfa66a6e783f88aa3d6cd4754c62252b,2018,MAPFRE Pan American Insurance Company,https://docs.pr.gov/files/OCS/regulados/Informes%20Anuales/2018/MAPFRE%20Pan%20American%20Insurance%20Company.pdf,https://www.ocs.pr.gov/regulados/informes-anuales,2026-09-12T08:31:25+00:00,,,,,,,,unknown
ae379671f1c92be9460c95c210d2f67a48bc3085f8cb35542ef9e2c85d549f27,2018,MAPFRE PRAICO Insurance Company,https://docs.pr.gov/files/OCS/regulados/Informes%20Anuales/2018/MAPFRE%20PRAICO%20Insurance%20Company.pdf,https://www.ocs.pr.gov/regulados/informes-anuales,2026-09-12T08:31:25+00:00,,,,,,,,unknown
ad9656d5d6798b51511eb0a4f66dc1e3a890a9d18df6d484275759dc4420fb01,2018,"MCS Advantage, Inc.","https://docs.pr.gov/files/OCS/regulados/Informes%20Anuales/2018/MCS%20Advantage,%20Inc..pdf",https://www.ocs.pr.gov/regulados/informes-anuales,2026-09-12T08:31:25+00:00,,,,,,,,unknown
e5cef1575736589e3c5ed2b250968b8854ff531a3f136c54e69228e761967c1e,2018,"MCS Health Management Options, Inc.","https://docs.pr.gov/files/OCS/regulados/Informes%20Anuales/2018/MCS%20Health%20Management%20Options,%20Inc..pdf",https://www.ocs.pr.gov/regulados/informes-anuales,2026-09-12T08:31:25+00:00,,,,,,,,unknown
93edcf76d3fbe5cb9df2bcc360de841248312c01bfb88c810011b1bb4cd4ee67,2018,MCS Life Insurance Company,https://docs.pr.gov/files/OCS/regulados/Informes%20Anuales/2018/MCS%20Life%20Insurance%20Company.pdf,https://www.ocs.pr.gov/regulados/informes-anuales,2026-09-12T08:31:25+00:00,,,,,,,,unknown
83ed4664a23f3c1da51700bc44490f5543e64bf75fb496e5c819103f61c6be12,2018,"MMM Healthcare, LLC","https://docs.pr.gov/files/OCS/regulados/Informes%20Anuales/2018/MMM%20Healthcare,%20LLC.pdf",https://www.ocs.pr.gov/regulados/informes-anuales,2026-09-12T08:31:25+00:00,,,,,,,,unknown
f131b64584e3a97acea98504985c8a4d3b6659319869be412e9453bd6213f50d,2018,"MMM Multi Health, LLC","https://docs.pr.gov/files/OCS/regulados/Informes%20Anuales/2018/MMM%20Multi%20Health,%20LLC.pdf",https://www.ocs.pr.gov/regulados/informes-anuales,2026-09-12T08:31:25+00:00,,,,,,,,unknown
1511a82b73f363d5f362a0e071ac554bdaa782ad9948ed31339b57b2c33e300a,2018,"Molina Healhcare of Puerto Rico, Inc.","https://docs.pr.gov/files/OCS/regulados/Informes%20Anuales/2018/Molina%20Healhcare%20of%20Puerto%20Rico,%20Inc..pdf",https://www.ocs.pr.gov/regulados/informes-anuales,2026-09-12T08:31:25+00:00,,,,,,,,unknown
e7abc8bba06e4b6afb706f6b126ac7999955b5d09504db81c47436543ea79236,2018,Multinational Insurance Company,https://docs.pr.gov/files/OCS/regulados/Informes%20Anuales/2018/Multinational%20Insurance%20Company.pdf,https://www.ocs.pr.gov/regulados/informes-anuales,2026-09-12T08:31:25+00:00,,,,,,,,unknown
4bbba64ec6e19d63bca48e0d79f9fcb6304d14345400a5acc9a2b54cda09822c,2018,Multinational Life Insurance Company,https://docs.pr.gov/files/OCS/regulados/Informes%20Anuales/2018/Multinational%20Life%20Insurance%20Company.pdf,https://www.ocs.pr.gov/regulados/informes-anuales,2026-09-12T08:31:25+00:00,,,,,,,,unknown
39c23d2065b5dbc380ebf5f2081fe837f8f43c534a41005e559c37434d399ead,2018,One Alliance Insurance Corporation,https://docs.pr.gov/files/OCS/regulados/Informes%20Anuales/2018/One%20Alliance%20Insurance%20Corporation.pdf,https://www.ocs.pr.gov/regulados/informes-anuales,2026-09-12T08:31:25+00:00,,,,,,,,unknown
2078788365c2cbe53c41ca35ec327b46851bdefb465e3cd666984d8b9d68381d,2018,Pan-American Life Insurance Company of Puerto Rico,https://docs.pr.gov/files/OCS/regulados/Informes%20Anuales/2018/Pan-American%20Life%20Insurance%20Company%20of%20Puerto%20Rico.pdf,https://www.ocs.pr.gov/regulados/informes-anuales,2026-09-12T08:31:25+00:00,,,,,,,,unknown
aa1994167efb0c1f88f6c348c54bb581a6552904f8d87bd1bedc977eb981201e,2018,"Plan de Salud Menonita, Inc.","https://docs.pr.gov/files/OCS/regulados/Informes%20Anuales/2018/Plan%20de%20Salud%20Menonita,%20Inc..pdf",https://www.ocs.pr.gov/regulados/informes-anuales,2026-09-12T08:31:25+00:00,,,,,,,,unknown
49a5c47ac634930b61d0f4a15bf7ab3b81da3b461ca031adf857f8d137be5980,2018,"Plan Médico Servicios de Salud Bella Vista, Inc.","https://docs.pr.gov/files/OCS/regulados/Informes%20Anuales/2018/Plan%20Me%CC%81dico%20Servicios%20de%20Salud%20Bella%20Vista,%20Inc..pdf",https://www.ocs.pr.gov/regulados/informes-anuales,2026-09-12T08:31:25+00:00,,,,,,,,unknown
56b4d1f7f22640fa02df7fdbf3238eb3d6f19296808c1fe38780f2f4f5051077,2018,"PMC Medicare Choice, LLL.","https://docs.pr.gov/files/OCS/regulados/Informes%20Anuales/2018/PMC%20Medicare%20Choice,%20LLL..pdf",https://www.ocs.pr.gov/regulados/informes-anuales,2026-09-12T08:31:25+00:00,,,,,,,,unknown
aa6cccc4e7d05f620e72d7f8237c91812307508522f9c61253cb68377b033c23,2018,Point Guard Insurance Company,https://docs.pr.gov/files/OCS/regulados/Informes%20Anuales/2018/Point%20Guard%20Insurance%20Company.pdf,https://www.ocs.pr.gov/regulados/informes-anuales,2026-09-12T08:31:25+00:00,,,,,,,,unknown
e1aa414ae6b6ad0c4b305284ebbba929a9ddbe8f027a5faf934998ad46db462b,2018,Popular Life Re,https://docs.pr.gov/files/OCS/regulados/Informes%20Anuales/2018/Popular%20Life%20Re.pdf,https://www.ocs.pr.gov/regulados/informes-anuales,2026-09-12T08:31:25+00:00,,,,,,,,unknown
5e398e1e0b9cfc43fc55b7b4d7531d19a0db8017fe63c450317a97b78019cdbc,2018,Puerto Rico Medical Defense Insurance Company,https://docs.pr.gov/files/OCS/regulados/Informes%20Anuales/2018/Puerto%20Rico%20Medical%20Defense%20Insurance%20Company.pdf,https://www.ocs.pr.gov/regulados/informes-anuales,2026-09-12T08:31:25+00:00,,,,,,,,unknown
91ea921c77f178276bf06c727b8bf4bf1606714b84767dadffe94f3b569da1f0,2018,QBE Seguros,https://docs.pr.gov/files/OCS/regulados/Informes%20Anuales/2018/QBE%20Seguros.pdf,https://www.ocs.pr.gov/regulados/informes-anuales,2026-09-12T08:31:25+00:00,,,,,,,,unknown
3749340d865962ee7a0c6debdb5f9dac5786314ed4fefe2c18e08e764132b105,2018,Ryder Health Plan Inc.,https://docs.pr.gov/files/OCS/regulados/Informes%20Anuales/2018/Ryder%20Health%20Plan%20Inc..pdf,https://www.ocs.pr.gov/regulados/informes-anuales,2026-09-12T08:31:25+00:00,,,,,,,,unknown
a2701706e5c2501c394c7326c59cc501497518f00d48251374b183db63c501ca,2018,SIMED,https://docs.pr.gov/files/OCS/regulados/Informes%20Anuales/2018/SIMED.pdf,https://www.ocs.pr.gov/regulados/informes-anuales,2026-09-12T08:31:25+00:00,,,,,,,,unknown
bb3660ce7b7b8fcf8139f9c45aaae989c93d8eaadecb65098cd4018d46931556,2018,Tower Bonding and Surety Co.,https://docs.pr.gov/files/OCS/regulados/Informes%20Anuales/2018/Tower%20Bonding%20and%20Surety%20Co..pdf,https://www.ocs.pr.gov/regulados/informes-anuales,2026-09-12T08:31:25+00:00,,,,,,,,unknown
0f22f0b5b503006d97f2bb5c2b32817130cc87833a75df2fa872b8c8b85c515a,2018,Trans-Oceanic Life Insurance Company,https://docs.pr.gov/files/OCS/regulados/Informes%20Anuales/2018/Trans-Oceanic%20Life%20Insurance%20Company.pdf,https://www.ocs.pr.gov/regulados/informes-anuales,2026-09-12T08:31:25+00:00,,,,,,,,unknown
ceabc0cf9dceb2f6f5b3d5adbe43d269fa794d929d86b26d81aca53d1728fbb0,2018,"Triple-S Advantage, Inc.","https://docs.pr.gov/files/OCS/regulados/Informes%20Anuales/2018/Triple-S%20Advantage,%20Inc..pdf",https://www.ocs.pr.gov/regulados/informes-anuales,2026-09-12T08:31:25+00:00,,,,,,,,unknown
f3eb48768339be1901d3016d120ee6cc44ce0a41c46a8f7bb220247ad887d25b,2018,"Triple-S Blue , Inc. I.I.","https://docs.pr.gov/files/OCS/regulados/Informes%20Anuales/2018/Triple-S%20Blue%20,%20Inc.%20I.I..pdf",https://www.ocs.pr.gov/regulados/informes-anuales,2026-09-12T08:31:25+00:00,,,,,,,,unknown
ed2a9c05b4634281a5c1cd3b03770ec2a6713649bc243908b238d3148495a2f8,2018,"Triple-S Propiedad, Inc.","https://docs.pr.gov/files/OCS/regulados/Informes%20Anuales/2018/Triple-S%20Propiedad,%20Inc..pdf",https://www.ocs.pr.gov/regulados/informes-anuales,2026-09-12T08:31:25+00:00,,,,,,,,unknown
ffc49c5aa40684f4f51fdc7b66ee37bc16d52cbfb2921803b0d15bad41c19e41,2018,Triple-S Salud Inc.,https://docs.pr.gov/files/OCS/regulados/Informes%20Anuales/2018/Triple-S%20Salud%20Inc..pdf,https://www.ocs.pr.gov/regulados/informes-anuales,2026-09-12T08:31:25+00:00,,,,,,,,unknown
80beff03aab756f599b3efb37e960dc57837a4e765c4e14fdf9a3c10223eb0e0,2018,Triple-S Vida-Inc.,https://docs.pr.gov/files/OCS/regulados/Informes%20Anuales/2018/Triple-S%20Vida-Inc..pdf,https://www.ocs.pr.gov/regulados/informes-anuales,2026-09-12T08:31:25+00:00,,,,,,,,unknown
513740a39958e41b94f8cec5803ef63ef593c65f407d570bf80d2c1ff994c75b,2018,United Surety and Indemnity Company,https://docs.pr.gov/files/OCS/regulados/Informes%20Anuales/2018/United%20Surety%20and%20Indemnity%20Company.pdf,https://www.ocs.pr.gov/regulados/informes-anuales,2026-09-12T08:31:25+00:00,,,,,,,,unknown
fbf3c46ae134842d37cf027f8b79fe6c1f548bfac0789bf7704ce65842b0398a,2018,Universal Insurance Company,https://docs.pr.gov/files/OCS/regulados/Informes%20Anuales/2018/Universal%20Insurance%20Company.pdf,https://www.ocs.pr.gov/regulados/informes-anuales,2026-09-12T08:31:25+00:00,,,,,,,,unknown
f032cab59875b865b67cc36382126b6e9341ba9e5061a670878e776f3f31b5a1,2018,Universal Life Insurance Company,https://docs.pr.gov/files/OCS/regulados/Informes%20Anuales/2018/Universal%20Life%20Insurance%20Company.pdf,https://www.ocs.pr.gov/regulados/informes-anuales,2026-09-12T08:31:25+00:00,,,,,,,,unknown
ed12061b436ac89bd3f23f48ea64dafbd08710eaf8590561fb7c04efac72699d,2018,USIC Life Insurance Company,https://docs.pr.gov/files/OCS/regulados/Informes%20Anuales/2018/USIC%20Life%20Insurance%20Company.pdf,https://www.ocs.pr.gov/regulados/informes-anuales,2026-09-12T08:31:25+00:00,,,,,,,,unknown
45d4eeee3bb5748b9f63f3814278128e6a3bc3bdbb382822cace142d53f5eab2,2017,AIG Insurance Company-Puerto Rico,https://docs.pr.gov/files/OCS/regulados/Informes%20Anuales/2017/AIG%20Insurance%20Company-Puerto%20Rico.pdf,https://www.ocs.pr.gov/regulados/informes-anuales,2026-09-12T08:31:25+00:00,,,,,,,,unknown
347b707f280b90e6e7ef3f19940d1c8da94ecfa1cfaf410f5b794530deed013a,2017,Antilles Insurance Company,https://docs.pr.gov/files/OCS/regulados/Informes%20Anuales/2017/Antilles%20Insurance%20Company.pdf,https://www.ocs.pr.gov/regulados/informes-anuales,2026-09-12T08:31:25+00:00,,,,,,,,unknown
51b6fac0a233ee19cb5488f10b30cb0adeafc8c29e593543a0eeff56319f4161,2017,Asociacion de Suscripcion Conjunta del Seguro de Responsabilidad Obligatorio,https://docs.pr.gov/files/OCS/regulados/Informes%20Anuales/2017/Asociacion%20de%20Suscripcion%20Conjunta%20del%20Seguro%20de%20Responsabilidad%20Obligatorio.pdf,https://www.ocs.pr.gov/regulados/informes-anuales,2026-09-12T08:31:25+00:00,,,,,,,,unknown
4a9e41ebedd7163ede4b84ce88a8789f208811998170f9930b9b61226d7cca05,2017,Caribbean American Life Assurance Company,https://docs.pr.gov/files/OCS/regulados/Informes%20Anuales/2017/Caribbean%20American%20Life%20Assurance%20Company.pdf,https://www.ocs.pr.gov/regulados/informes-anuales,2026-09-12T08:31:25+00:00,,,,,,,,unknown
569820366fc7d8462bd680fb90f1f17d0ede2d70ec215c50a490d06b2230b947,2017,Caribbean American Property Insurance Company,https://docs.pr.gov/files/OCS/regulados/Informes%20Anuales/2017/Caribbean%20American%20Property%20Insurance%20Company.pdf,https://www.ocs.pr.gov/regulados/informes-anuales,2026-09-12T08:31:25+00:00,,,,,,,,unknown
ea8ba3f2250409f28c70bffc02a1569f4848aa82c67823273a4b6b1cfb4ca8db,2017,Chubb Insurance Company of PR,https://docs.pr.gov/files/OCS/regulados/Informes%20Anuales/2017/Chubb%20Insurance%20Company%20of%20PR.pdf,https://www.ocs.pr.gov/regulados/informes-anuales,2026-09-12T08:31:25+00:00,,,,,,,,unknown
5d1a3189fa0944000ba04c90a1eb1bd17646a36e24886668656ab9ead7557801,2017,"Constellation Health, LLC","https://docs.pr.gov/files/OCS/regulados/Informes%20Anuales/2017/Constellation%20Health,%20LLC.pdf",https://www.ocs.pr.gov/regulados/informes-anuales,2026-09-12T08:31:25+00:00,,,,,,,,unknown
00471a57d5c35441395645732165f24b809425e49345f753435285a684918f96,2017,Cooperativa de Seguros de Vida de PR-COSVI,https://docs.pr.gov/files/OCS/regulados/Informes%20Anuales/2017/Cooperativa%20de%20Seguros%20de%20Vida%20de%20PR-COSVI.pdf,https://www.ocs.pr.gov/regulados/informes-anuales,2026-09-12T08:31:25+00:00,,,,,,,,unknown
2994b9edae1d97776a4aa8bba92b4d72786dbb01c9c1637662a69c75680e82b8,2017,Cooperativa de Seguros Multiples de PR,https://docs.pr.gov/files/OCS/regulados/Informes%20Anuales/2017/Cooperativa%20de%20Seguros%20Multiples%20de%20PR.pdf,https://www.ocs.pr.gov/regulados/informes-anuales,2026-09-12T08:31:25+00:00,,,,,,,,unknown
7bea8dd119619465d8cae06d9abfed350ecd5c8706d7eb172714393b8ebc1343,2017,"Delta Dental of PR., Inc.","https://docs.pr.gov/files/OCS/regulados/Informes%20Anuales/2017/Delta%20Dental%20of%20PR.,%20Inc..pdf",https://www.ocs.pr.gov/regulados/informes-anuales,2026-09-12T08:31:25+00:00,,,,,,,,unknown
a5809803d45cec89660fe3629bfbfcf38c0e866f7bb67e9cba5ec7e9bf0f4b96,2017,"First Medical Health Plan, Inc.","https://docs.pr.gov/files/OCS/regulados/Informes%20Anuales/2017/First%20Medical%20Health%20Plan,%20Inc..pdf",https://www.ocs.pr.gov/regulados/informes-anuales,2026-09-12T08:31:25+00:00,,,,,,,,unknown
9f5ecd4362483ead28ef4ba4cc6d14cc7b370967b86e731c8f41788b4cd6d5bc,2017,"Humana Health Plans of Puerto Rico, Inc.","https://docs.pr.gov/files/OCS/regulados/Informes%20Anuales/2017/Humana%20Health%20Plans%20of%20Puerto%20Rico,%20Inc..pdf",https://www.ocs.pr.gov/regulados/informes-anuales,2026-09-12T08:31:25+00:00,,,,,,,,unknown
5972d89074ed6159b1eb749793cd695cdea4db2db137a57e88e1f8b136e30b60,2017,"Humana Insurance of Puerto Rico, Inc.","https://docs.pr.gov/files/OCS/regulados/Informes%20Anuales/2017/Humana%20Insurance%20of%20Puerto%20Rico,%20Inc..pdf",https://www.ocs.pr.gov/regulados/informes-anuales,2026-09-12T08:31:25+00:00,,,,,,,,unknown
66ed0152b2a90686ba2b8a3d1e435591179a9ef4da8c01fd24e84a45654e3530,2017,Integrand Assurance Company,https://docs.pr.gov/files/OCS/regulados/Informes%20Anuales/2017/Integrand%20Assurance%20Company.pdf,https://www.ocs.pr.gov/regulados/informes-anuales,2026-09-12T08:31:25+00:00,,,,,,,,unknown
c2d053d03561fd6aba24a52d9344e372ea7d5fb940607e9201422f63c41e86e2,2017,MAPFRE Life Insurance of Company,https://docs.pr.gov/files/OCS/regulados/Informes%20Anuales/2017/MAPFRE%20Life%20Insurance%20of%20Company.pdf,https://www.ocs.pr.gov/regulados/informes-anuales,2026-09-12T08:31:25+00:00,,,,,,,,unknown
1d66e3ef9947f426f3608beaf284d39e4a41c64c0fcd628a5a521a84f704e057,2017,MAPFRE Pan American Insurance Company,https://docs.pr.gov/files/OCS/regulados/Informes%20Anuales/2017/MAPFRE%20Pan%20American%20Insurance%20Company.pdf,https://www.ocs.pr.gov/regulados/informes-anuales,2026-09-12T08:31:25+00:00,,,,,,,,unknown
fb84acaa51c33e26476efee995ec57c5d09b6c3bd31766e901093c340a71420a,2017,MAPFRE PRAICO Insurance Company,https://docs.pr.gov/files/OCS/regulados/Informes%20Anuales/2017/MAPFRE%20PRAICO%20Insurance%20Company.pdf,https://www.ocs.pr.gov/regulados/informes-anuales,2026-09-12T08:31:25+00:00,,,,,,,,unknown
a3563c2dc5f666457ad8676beb8568ebeb8c7cc2cca233f25f8d28a2b2652785,2017,"MCS Advantage, Inc.","https://docs.pr.gov/files/OCS/regulados/Informes%20Anuales/2017/MCS%20Advantage,%20Inc..pdf",https://www.ocs.pr.gov/regulados/informes-anuales,2026-09-12T08:31:25+00:00,,,,,,,,unknown
3a14116200a00c686c780930c0065d51b2e37fd88108f16c337b2c69da685179,2017,"MCS Health Management Options, Inc.","https://docs.pr.gov/files/OCS/regulados/Informes%20Anuales/2017/MCS%20Health%20Management%20Options,%20Inc..pdf",https://www.ocs.pr.gov/regulados/informes-anuales,2026-09-12T08:31:25+00:00,,,,,,,,unknown
cf79b2f364af1d44e3d850b44f1ff17091c786109ba1328cad7e7a215a3221fd,2017,MCS Life Insurance Company,https://docs.pr.gov/files/OCS/regulados/Informes%20Anuales/2017/MCS%20Life%20Insurance%20Company.pdf,https://www.ocs.pr.gov/regulados/informes-anuales,2026-09-12T08:31:25+00:00,,,,,,,,unknown
b8be6b688bbb8f97b361a6698b76fc0a8f7390fe956944053671f53b790e401e,2017,"MMM Healthcare, LLC","https://docs.pr.gov/files/OCS/regulados/Informes%20Anuales/2017/MMM%20Healthcare,%20LLC.pdf",https://www.ocs.pr.gov/regulados/informes-anuales,2026-09-12T08:31:25+00:00,,,,,,,,unknown
5011f616732b63251d3076f344b73ef1cedf99826ac4a00ada03239313df8bbd,2017,"MMM Multi Health, LLC","https://docs.pr.gov/files/OCS/regulados/Informes%20Anuales/2017/MMM%20Multi%20Health,%20LLC.pdf",https://www.ocs.pr.gov/regulados/informes-anuales,2026-09-12T08:31:25+00:00,,,,,,,,unknown
0d8b0847547c26e27f486d9b58687ff5bae30231169b7d8a28b50745e6f84641,2017,"Molina Healthcare of Puerto Rico, Inc","https://docs.pr.gov/files/OCS/regulados/Informes%20Anuales/2017/Molina%20Healthcare%20of%20Puerto%20Rico,%20Inc.pdf",https://www.ocs.pr.gov/regulados/informes-anuales,2026-09-12T08:31:25+00:00,,,,,,,,unknown
bcd93be5ea509085efe770ef5f61a83e1e49397910c45c099a8aa69ce2632550,2017,Multinational Insurance Company,https://docs.pr.gov/files/OCS/regulados/Informes%20Anuales/2017/Multinational%20Insurance%20Company.pdf,https://www.ocs.pr.gov/regulados/informes-anuales,2026-09-12T08:31:25+00:00,,,,,,,,unknown
9a64cb12ea30163960bff6eff0e540e3f6c8277767c7591dba2d45a469eb3dfa,2017,Multinational Life Insurance Company,https://docs.pr.gov/files/OCS/regulados/Informes%20Anuales/2017/Multinational%20Life%20Insurance%20Company.pdf,https://www.ocs.pr.gov/regulados/informes-anuales,2026-09-12T08:31:25+00:00,,,,,,,,unknown
1025e0d6f7dc7def35a362373b9d3187509274a31044d44037c56b5bcb9a8723,2017,One Alliance Insurance Corporation,https://docs.pr.gov/files/OCS/regulados/Informes%20Anuales/2017/One%20Alliance%20Insurance%20Corporation.pdf,https://www.ocs.pr.gov/regulados/informes-anuales,2026-09-12T08:31:25+00:00,,,,,,,,unknown
b5a06a03c0e8b3d0d11be3c35d7d57a66bfe31cf11d6febf0579487e4dfac313,2017,Pan American Life Insurance Company of Puerto Rico,https://docs.pr.gov/files/OCS/regulados/Informes%20Anuales/2017/Pan%20American%20Life%20Insurance%20Company%20of%20Puerto%20Rico.pdf,https://www.ocs.pr.gov/regulados/informes-anuales,2026-09-12T08:31:25+00:00,,,,,,,,unknown
5a933fe2be8490c4de707cb385aedb6a6ba5089b1d279f8c26ddd084fb8278ea,2017,"Plan de Salud Menonita, Inc.","https://docs.pr.gov/files/OCS/regulados/Informes%20Anuales/2017/Plan%20de%20Salud%20Menonita,%20Inc..pdf",https://www.ocs.pr.gov/regulados/informes-anuales,2026-09-12T08:31:25+00:00,,,,,,,,unknown
c3c04d2dfa1a276ddcca045771151fcabc677832d467415da6d75cfe2dd62d67,2017,"Plan Medico Servicios de Salud Bella Vista, Inc","https://docs.pr.gov/files/OCS/regulados/Informes%20Anuales/2017/Plan%20Medico%20Servicios%20de%20Salud%20Bella%20Vista,%20Inc.pdf",https://www.ocs.pr.gov/regulados/informes-anuales,2026-09-12T08:31:25+00:00,,,,,,,,unknown
6bcae1d57f553163b4297d48440c6f8f1c4c6dc4e8476a77951d5b4e3a7fd0f1,2017,"PMC Medicare Choice, LLC","https://docs.pr.gov/files/OCS/regulados/Informes%20Anuales/2017/PMC%20Medicare%20Choice,%20LLC.pdf",https://www.ocs.pr.gov/regulados/informes-anuales,2026-09-12T08:31:25+00:00,,,,,,,,unknown
50587b3d1b203818fa08817c967349851f0b5d3d730d824cba6e8d9f51c30806,2017,Point Guard Insurance Company,https://docs.pr.gov/files/OCS/regulados/Informes%20Anuales/2017/Point%20Guard%20Insurance%20Company%20(1).pdf,https://www.ocs.pr.gov/regulados/informes-anuales,2026-09-12T08:31:25+00:00,,,,,,,,unknown
bc099ef138816c830a4fa7dda10084a956eaec84e100767ad552bb139d73cbb7,2017,Popular Life Re.,https://docs.pr.gov/files/OCS/regulados/Informes%20Anuales/2017/Popular%20Life%20Re..pdf,https://www.ocs.pr.gov/regulados/informes-anuales,2026-09-12T08:31:25+00:00,,,,,,,,unknown
de2f7ab7a9be08048b39419336003802c0ba1a12d962043a466d2b9f1a3d5ee9,2017,Puerto Rico Medical Defense Insurance Company,https://docs.pr.gov/files/OCS/regulados/Informes%20Anuales/2017/Puerto%20Rico%20Medical%20Defense%20Insurance%20Company.pdf,https://www.ocs.pr.gov/regulados/informes-anuales,2026-09-12T08:31:25+00:00,,,,,,,,unknown
3714f510bb5111915fc8e763b71740c2ccef2095891b17146a392ecfd9b30a49,2017,QBE Seguros,https://docs.pr.gov/files/OCS/regulados/Informes%20Anuales/2017/QBE%20Seguros.pdf,https://www.ocs.pr.gov/regulados/informes-anuales,2026-09-12T08:31:25+00:00,,,,,,,,unknown
7253830395ce17aa02366ea9587acb11f721f5ade481cbb26f9b81cffddfc4b1,2017,"Real Legacy Assurance, Inc.","https://docs.pr.gov/files/OCS/regulados/Informes%20Anuales/2017/Real%20Legacy%20Assurance,%20Inc..pdf",https://www.ocs.pr.gov/regulados/informes-anuales,2026-09-12T08:31:25+00:00,,,,,,,,unknown
527ae032c7b7fbe1533f7efdaa7f4c7a90ea7ccccdd7efa04c2c591b0618af87,2017,"Ryder Health Plan, Inc.","https://docs.pr.gov/files/OCS/regulados/Informes%20Anuales/2017/Ryder%20Health%20Plan,%20Inc..pdf",https://www.ocs.pr.gov/regulados/informes-anuales,2026-09-12T08:31:25+00:00,,,,,,,,unknown
cff5d76cc2bc53a0c93a994ce08be942c757810a6943c69e11450bca82bcdd2b,2017,SIMED,https://docs.pr.gov/files/OCS/regulados/Informes%20Anuales/2017/SIMED.pdf,https://www.ocs.pr.gov/regulados/informes-anuales,2026-09-12T08:31:25+00:00,,,,,,,,unknown
5284dcf00154c53213f53f5584a29c2604f7ea5b21adeb5e18a79efe66a72728,2017,Tower Bonding and Surety Co.,https://docs.pr.gov/files/OCS/regulados/Informes%20Anuales/2017/Tower%20Bonding%20and%20Surety%20Co..pdf,https://www.ocs.pr.gov/regulados/informes-anuales,2026-09-12T08:31:25+00:00,,,,,,,,unknown
cd72e2e665f26a8551d0d71d316f6a84736505f61d1fb3cd30ca543f5595d7f6,2017,Trans-Oceanic Life Insurance Company,https://docs.pr.gov/files/OCS/regulados/Informes%20Anuales/2017/Trans-Oceanic%20Life%20Insurance%20Company.pdf,https://www.ocs.pr.gov/regulados/informes-anuales,2026-09-12T08:31:25+00:00,,,,,,,,unknown
d6227dbb418effb2215ece8a0fe07a508e95481023fe1f6cbc300bba3e9dce51,2017,Triple-S Advantage Inc,https://docs.pr.gov/files/OCS/regulados/Informes%20Anuales/2017/Triple-S%20Advantage%20Inc.pdf,https://www.ocs.pr.gov/regulados/informes-anuales,2026-09-12T08:31:25+00:00,,,,,,,,unknown
032aa1febf4329edd9f7f833954dd25d3cd7e4180eec0afe514f568f36dd9fb4,2017,"Triple-S Propiedad, Inc.","https://docs.pr.gov/files/OCS/regulados/Informes%20Anuales/2017/Triple-S%20Propiedad,%20Inc..pdf",https://www.ocs.pr.gov/regulados/informes-anuales,2026-09-12T08:31:25+00:00,,,,,,,,unknown
d8d0a826560a3aec473adfb3fb5e3c9014f62d94b6b7386ddc235f24e2591ffc,2017,Triple-S Salud Inc,https://docs.pr.gov/files/OCS/regulados/Informes%20Anuales/2017/Triple-S%20Salud%20Inc.pdf,https://www.ocs.pr.gov/regulados/informes-anuales,2026-09-12T08:31:25+00:00,,,,,,,,unknown
d4afaa8167d44cdec05c39ec10d136cffaafade812fd7dad060d39123dd38718,2017,"Triple-S Vida, Inc.","https://docs.pr.gov/files/OCS/regulados/Informes%20Anuales/2017/Triple-S%20Vida,%20Inc..pdf",https://www.ocs.pr.gov/regulados/informes-anuales,2026-09-12T08:31:25+00:00,,,,,,,,unknown
9787d9edb4641d8e7e4ff17f13cffd551b09df7d4b08084f1a2daba437de7c1f,2017,United Surety and Indemnity Company,https://docs.pr.gov/files/OCS/regulados/Informes%20Anuales/2017/United%20Surety%20and%20Indemnity%20Company.pdf,https://www.ocs.pr.gov/regulados/informes-anuales,2026-09-12T08:31:25+00:00,,,,,,,,unknown
df5849aa0ddedb348727ca5d11a3cd94ecb0e48a8e9171860451bcf113e1f66a,2017,Universal Insurance Company,https://docs.pr.gov/files/OCS/regulados/Informes%20Anuales/2017/Universal%20Insurance%20Company.pdf,https://www.ocs.pr.gov/regulados/informes-anuales,2026-09-12T08:31:25+00:00,,,,,,,,unknown
cda5686e42c2991dd79efb3c20f9fdfc6d637127d59e824d62a932da86e120e5,2017,Universal Life Insurance Company,https://docs.pr.gov/files/OCS/regulados/Informes%20Anuales/2017/Universal%20Life%20Insurance%20Company.pdf,https://www.ocs.pr.gov/regulados/informes-anuales,2026-09-12T08:31:25+00:00,,,,,,,,unknown
05b8aa9d259c932f8ffa3f7d6ca00f2e5cc9b3ae462264109c5f73feddaa6067,2017,USIC Life Insurance Company,"https://docs.pr.gov/files/OCS/regulados/Informes%20Anuales/2017/USIC%20Life%20Insurance%20Company.pdf""",https://www.ocs.pr.gov/regulados/informes-anuales,2026-09-12T08:31:25+00:00,,,,,,,,unknown
03e872be7575cffbf06b841ecaaed397528077350ca97459425b93b1d51299a7,2016,AIG Insurance Company Puerto Rico,https://docs.pr.gov/files/OCS/regulados/Informes%20Anuales/2016/AIG%20Insurance%20Company%20Puerto%20Rico.pdf,https://www.ocs.pr.gov/regulados/informes-anuales,2026-09-12T08:31:25+00:00,,,,,,,,unknown
9616c47d9c744242823ad11c64f0d64a7b8538322db80e7e475508cdba388385,2016,Antilles_Insurance_Company,https://docs.pr.gov/files/OCS/regulados/Informes%20Anuales/2016/Antilles_Insurance_Company.pdf,https://www.ocs.pr.gov/regulados/informes-anuales,2026-09-12T08:31:25+00:00,,,,,,,,unknown
0da3e137b51057047f9e28e26262932c186795dfc5d75d1ec1d56b25c7fca2b8,2016,Asociacin_de_Suscripcin_Conjunta_del_Seguro_de_Responsabilidad_Obligatorio,https://docs.pr.gov/files/OCS/regulados/Informes%20Anuales/2016/Asociacin_de_Suscripcin_Conjunta_del_Seguro_de_Responsabilidad_Obligatorio.pdf,https://www.ocs.pr.gov/regulados/informes-anuales,2026-09-12T08:31:25+00:00,,,,,,,,unknown
baa67d1f71d043f669410d5fd6e9ba871b25ca9ff540ba4c686abeb9915939fd,2016,Caribbean American Life Assurance Company-Annual Statement 2016,https://docs.pr.gov/files/OCS/regulados/Informes%20Anuales/2016/Caribbean%20American%20Life%20Assurance%20Company-Annual%20Statement%202016.pdf,https://www.ocs.pr.gov/regulados/informes-anuales,2026-09-12T08:31:25+00:00,,,,,,,,unknown
52aa727e2663a08bebf723f3d73ef6f2791b14ac449a2397c88b3a5025171a05,2016,Caribbean American Property Company-Annual Statement 2016,https://docs.pr.gov/files/OCS/regulados/Informes%20Anuales/2016/Caribbean%20American%20Property%20Company-Annual%20Statement%202016.pdf,https://www.ocs.pr.gov/regulados/informes-anuales,2026-09-12T08:31:25+00:00,,,,,,,,unknown
415102b82314e2c51fb2a32484fb09fb4e0f8b6bc96a8a52b3752d52a1622304,2016,Chubb_Insurance_Company_of_Puerto_Rico,https://docs.pr.gov/files/OCS/regulados/Informes%20Anuales/2016/Chubb_Insurance_Company_of_Puerto_Rico.pdf,https://www.ocs.pr.gov/regulados/informes-anuales,2026-09-12T08:31:25+00:00,,,,,,,,unknown
873d13289391b741828ce70609705a441d5c3670690c3466393f00ba77ecc7b8,2016,"Constellation Health, LLC","https://docs.pr.gov/files/OCS/regulados/Informes%20Anuales/2016/Constellation%20Health,%20LLC.pdf",https://www.ocs.pr.gov/regulados/informes-anuales,2026-09-12T08:31:25+00:00,,,,,,,,unknown
f53195b8ec9e8a28722841a3b47c18b70638372a19ff48b018cdef9ff1c56492,2016,COOPERATIVA DE SEGUROS DE VIDA DE PUERTO RICO - COSVI ANUAL 2016,https://docs.pr.gov/files/OCS/regulados/Informes%20Anuales/2016/COOPERATIVA%20DE%20SEGUROS%20DE%20VIDA%20DE%20PUERTO%20RICO%20-%20COSVI%20ANUAL%202016.pdf,https://www.ocs.pr.gov/regulados/informes-anuales,2026-09-12T08:31:25+00:00,,,,,,,,unknown
5483cb5b00f3186389cd7d55f2f69202fcc742e6d0d199c9a762cdcc479dcfb8,2016,COOPERATIVA DE SEGUROS MULTIPLES DE PR,https://docs.pr.gov/files/OCS/regulados/Informes%20Anuales/2016/COOPERATIVA%20DE%20SEGUROS%20MULTIPLES%20DE%20PR.pdf,https://www.ocs.pr.gov/regulados/informes-anuales,2026-09-12T08:31:25+00:00,,,,,,,,unknown
f442ff141a611eb8f00f8cc651ccc577660c5b0a598c6a350d4f169c2a0ede67,2016,Delta Dental of Puerto Rico Inc.,https://docs.pr.gov/files/OCS/regulados/Informes%20Anuales/2016/Delta%20Dental%20of%20Puerto%20Rico%20Inc..pdf,https://www.ocs.pr.gov/regulados/informes-anuales,2026-09-12T08:31:25+00:00,,,,,,,,unknown
3054a2245bbbe075d578ac4b84ed6a01f91fa828abc699def11bff6b2f175368,2016,"First Medical Health Plan, Inc.","https://docs.pr.gov/files/OCS/regulados/Informes%20Anuales/2016/First%20Medical%20Health%20Plan,%20Inc..pdf",https://www.ocs.pr.gov/regulados/informes-anuales,2026-09-12T08:31:25+00:00,,,,,,,,unknown
f941a834f8326c9b6eff8f3f67141f89a80f5dbdaaa021e7564ee6e2afe9dcab,2016,"Humana Health Plans of Puerto Rico, Inc.","https://docs.pr.gov/files/OCS/regulados/Informes%20Anuales/2016/Humana%20Health%20Plans%20of%20Puerto%20Rico,%20Inc..pdf",https://www.ocs.pr.gov/regulados/informes-anuales,2026-09-12T08:31:25+00:00,,,,,,,,unknown
7f459a882e3765ef627c7947a90f7a38ef32c73c9b80e5dd2ad9d2310d28c0f4,2016,"Humana Insurance of Puerto Rico, Inc.","https://docs.pr.gov/files/OCS/regulados/Informes%20Anuales/2016/Humana%20Insurance%20of%20Puerto%20Rico,%20Inc..pdf",https://www.ocs.pr.gov/regulados/informes-anuales,2026-09-12T08:31:25+00:00,,,,,,,,unknown
afc10b4d48f0ea4124bebd9a1ba1d39ae2b2c7e5c99360a1d404ff28c6024247,2016,Integrand Assurance Company,https://docs.pr.gov/files/OCS/regulados/Informes%20Anuales/2016/Integrand%20Assurance%20Company.pdf,https://www.ocs.pr.gov/regulados/informes-anuales,2026-09-12T08:31:25+00:00,,,,,,,,unknown
7594ef57df70f6b630f67d0512336debc066fc3bbca3ae5913460c110b90077f,2016,MAPFRE Life Insurance Company,https://docs.pr.gov/files/OCS/regulados/Informes%20Anuales/2016/MAPFRE%20Life%20Insurance%20Company.pdf,https://www.ocs.pr.gov/regulados/informes-anuales,2026-09-12T08:31:25+00:00,,,,,,,,unknown
611eaca2bbd031a3a532267543ac00dd6a59e37b667309f6c9041009f5edcf5f,2016,MAPFRE Pan American Insurance Company,https://docs.pr.gov/files/OCS/regulados/Informes%20Anuales/2016/MAPFRE%20Pan%20American%20Insurance%20Company.pdf,https://www.ocs.pr.gov/regulados/informes-anuales,2026-09-12T08:31:25+00:00,,,,,,,,unknown
87495c3d4f78450e45c4d90ca9c03c0ee04b84560f88c0f4af591ea6a7110f89,2016,MAPFRE PRAICO Insurance Company,https://docs.pr.gov/files/OCS/regulados/Informes%20Anuales/2016/MAPFRE%20PRAICO%20Insurance%20Company.pdf,https://www.ocs.pr.gov/regulados/informes-anuales,2026-09-12T08:31:25+00:00,,,,,,,,unknown
bf745f5bd39783d3069698faecd346e4bc1362da2eb72d07e35c2b71743cc5c5,2016,MCS Advantage Inc,https://docs.pr.gov/files/OCS/regulados/Informes%20Anuales/2016/MCS%20Advantage%20Inc.pdf,https://www.ocs.pr.gov/regulados/informes-anuales,2026-09-12T08:31:25+00:00,,,,,,,,unknown
d6b141611f199305a4971a874b69ea801a3620877941fb75189faef74e6eac0e,2016,"MCS Health Management Options, Inc.","https://docs.pr.gov/files/OCS/regulados/Informes%20Anuales/2016/MCS%20Health%20Management%20Options,%20Inc..pdf",https://www.ocs.pr.gov/regulados/informes-anuales,2026-09-12T08:31:25+00:00,,,,,,,,unknown
c4822f69db8636dd8e8733b498590a3bc9f28ae9f43b75f9cc16e496b1cbd618,2016,MCS Life Insurance Company,https://docs.pr.gov/files/OCS/regulados/Informes%20Anuales/2016/MCS%20Life%20Insurance%20Company.pdf,https://www.ocs.pr.gov/regulados/informes-anuales,2026-09-12T08:31:25+00:00,,,,,,,,unknown
1cce01fb964f6a87532537cec2afa55156a12d089633f827f31be04c360830d3,2016,"MMM Healthcare, LLC","https://docs.pr.gov/files/OCS/regulados/Informes%20Anuales/2016/MMM%20Healthcare,%20LLC.pdf",https://www.ocs.pr.gov/regulados/informes-anuales,2026-09-12T08:31:25+00:00,,,,,,,,unknown
8cae883e2df4d14f01aa6572f876fa44e86d487a47abda218c4e0ddf9e9e89a0,2016,"MMM Multi Health, LLC","https://docs.pr.gov/files/OCS/regulados/Informes%20Anuales/2016/MMM%20Multi%20Health,%20LLC.pdf",https://www.ocs.pr.gov/regulados/informes-anuales,2026-09-12T08:31:25+00:00,,,,,,,,unknown
bb8653c7d4d4ffd211962ab375772e81b9b4ad92fc6c52a6312a7fc8ba456e27,2016,"Molina Healthcare of Puerto Rico, Inc.","https://docs.pr.gov/files/OCS/regulados/Informes%20Anuales/2016/Molina%20Healthcare%20of%20Puerto%20Rico,%20Inc..pdf",https://www.ocs.pr.gov/regulados/informes-anuales,2026-09-12T08:31:25+00:00,,,,,,,,unknown
3ccaaff62890b9f8e2855bd1450858da15b328f23c9ed2eab8f8cb9eeee09e0d,2016,Multinational Insurance Company,https://docs.pr.gov/files/OCS/regulados/Informes%20Anuales/2016/Multinational%20Insurance%20Company.pdf,https://www.ocs.pr.gov/regulados/informes-anuales,2026-09-12T08:31:25+00:00,,,,,,,,unknown
0c5c69d82ae9b682465e27c9cb7584ac64a2c5688a950cf33820d1166507eb91,2016,Multinational Life Insurance Company,https://docs.pr.gov/files/OCS/regulados/Informes%20Anuales/2016/Multinational%20Life%20Insurance%20Company.pdf,https://www.ocs.pr.gov/regulados/informes-anuales,2026-09-12T08:31:25+00:00,,,,,,,,unknown
afbaa0f7669e22add1f60917c4e6e944cd99757060b7d526cece4b6a8a980710,2016,NEWPORT BONDING & SURETY CO,https://docs.pr.gov/files/OCS/regulados/Informes%20Anuales/2016/NEWPORT%20BONDING%20%26%20SURETY%20CO.pdf,https://www.ocs.pr.gov/regulados/informes-anuales,2026-09-12T08:31:25+00:00,,,,,,,,unknown
8a61f05afb6b06ffa9215fa103a3f8d5ed33c7e15be0edcf6b138ea5cad9117d,2016,ONE ALLIANCE INSURANCE CORP,https://docs.pr.gov/files/OCS/regulados/Informes%20Anuales/2016/ONE%20ALLIANCE%20INSURANCE%20CORP.pdf,https://www.ocs.pr.gov/regulados/informes-anuales,2026-09-12T08:31:25+00:00,,,,,,,,unknown
dfe2f3691bbf4b3239b7d1fe010a0b7590473091f62ffe8c34e5b682b0818ac3,2016,PAN-AMERICAN LIFE INSURANCE COMPANY OF PUERTO RICO,https://docs.pr.gov/files/OCS/regulados/Informes%20Anuales/2016/PAN-AMERICAN%20LIFE%20INSURANCE%20COMPANY%20OF%20PUERTO%20RICO.pdf,https://www.ocs.pr.gov/regulados/informes-anuales,2026-09-12T08:31:25+00:00,,,,,,,,unknown
f022ba323cb4d8cf446300926eba018a98b60b502fb6e293c0492bbaaf5a970c,2016,"Plan de Salud Menonita, Inc.","https://docs.pr.gov/files/OCS/regulados/Informes%20Anuales/2016/Plan%20de%20Salud%20Menonita,%20Inc..pdf",https://www.ocs.pr.gov/regulados/informes-anuales,2026-09-12T08:31:25+00:00,,,,,,,,unknown
81fe782e10dd8aeb0a71c44b6a852fac29088779430d96319af3dd039fed6e09,2016,Plan Medico Servicios de Salud Bella Vista,https://docs.pr.gov/files/OCS/regulados/Informes%20Anuales/2016/Plan%20Medico%20Servicios%20de%20Salud%20Bella%20Vista.pdf,https://www.ocs.pr.gov/regulados/informes-anuales,2026-09-12T08:31:25+00:00,,,,,,,,unknown
33f9034958f33c3bc1a89e77be06be97f057a9b40b6cb6c097f97deffab79a36,2016,Trans-Oceanic Life Insurance Company,https://docs.pr.gov/files/OCS/regulados/Informes%20Anuales/2016/Trans-Oceanic%20Life%20Insurance%20Company.pdf,https://www.ocs.pr.gov/regulados/informes-anuales,2026-09-12T08:31:25+00:00,,,,,,,,unknown
04a5c4cd2feee9709a463b59a760e717b416aaf2e306b3a89ad117b77d41900c,2016,"PMC Medicare Choice, LLC","https://docs.pr.gov/files/OCS/regulados/Informes%20Anuales/2016/PMC%20Medicare%20Choice,%20LLC.pdf",https://www.ocs.pr.gov/regulados/informes-anuales,2026-09-12T08:31:25+00:00,,,,,,,,unknown
baccfe068e13583bcb2ba6475dd7ad39a223ab458324c8c048bf40725057e1da,2016,Point Guard Insurance Company,https://docs.pr.gov/files/OCS/regulados/Informes%20Anuales/2016/Point%20Guard%20Insurance%20Company.pdf,https://www.ocs.pr.gov/regulados/informes-anuales,2026-09-12T08:31:25+00:00,,,,,,,,unknown
9e40a5cbcf66aaaf10bc77ffb23c2b4541c4f563501a9bfbe7405bb5d3b13170,2016,Popular Life Re.,https://docs.pr.gov/files/OCS/regulados/Informes%20Anuales/2016/Popular%20Life%20Re..pdf,https://www.ocs.pr.gov/regulados/informes-anuales,2026-09-12T08:31:25+00:00,,,,,,,,unknown
c62a422506dad33cc68be841fb8aa20a4309bef4ec56b47cd20a430b104607da,2016,Puerto Rico Medical Defense Insurance Company,https://docs.pr.gov/files/OCS/regulados/Informes%20Anuales/2016/Puerto%20Rico%20Medical%20Defense%20Insurance%20Company.pdf,https://www.ocs.pr.gov/regulados/informes-anuales,2026-09-12T08:31:25+00:00,,,,,,,,unknown
0a3e71615d68bfef4fd7f5ecce96c8d708f5917f48527a76850e4c81031301ec,2016,QBE Seguros Annual Statement 2016,https://docs.pr.gov/files/OCS/regulados/Informes%20Anuales/2016/QBE%20Seguros%20Annual%20Statement%202016.pdf,https://www.ocs.pr.gov/regulados/informes-anuales,2026-09-12T08:31:25+00:00,,,,,,,,unknown
6c2cee34426424b7a14cadb137a50a963ec439859293d1015839a79abee12c41,2016,Real Legacy Assurance Company Inc.,https://docs.pr.gov/files/OCS/regulados/Informes%20Anuales/2016/Real%20Legacy%20Assurance%20Company%20Inc..pdf,https://www.ocs.pr.gov/regulados/informes-anuales,2026-09-12T08:31:25+00:00,,,,,,,,unknown
616f8b15c985cc28a5a16a5ae11277f9e28268e1f974552cfb29d202ef24e064,2016,"Ryder Health Plan, Inc.","https://docs.pr.gov/files/OCS/regulados/Informes%20Anuales/2016/Ryder%20Health%20Plan,%20Inc..pdf",https://www.ocs.pr.gov/regulados/informes-anuales,2026-09-12T08:31:25+00:00,,,,,,,,unknown
6f4a32f4a626a0168ee7a655858be1e503accdfac44d071ea25af7d1fc0c9929,2016,SIMED,https://docs.pr.gov/files/OCS/regulados/Informes%20Anuales/2016/SIMED.pdf,https://www.ocs.pr.gov/regulados/informes-anuales,2026-09-12T08:31:25+00:00,,,,,,,,unknown
3253351caefbe3ffd2cff2f9f3e8d1b9d6fad5ea7b022cbaf6dc5745fac7ccdf,2016,Tower Bonding & Surety Company,https://docs.pr.gov/files/OCS/regulados/Informes%20Anuales/2016/Tower%20Bonding%20%26%20Surety%20Company.pdf,https://www.ocs.pr.gov/regulados/informes-anuales,2026-09-12T08:31:25+00:00,,,,,,,,unknown
0956d1f2f39c80e01071dc7d11cf2f4aba1dd44e101aa269b8642afaccda768d,2016,"Triple-S Advantage, Inc.","https://docs.pr.gov/files/OCS/regulados/Informes%20Anuales/2016/Triple-S%20Advantage,%20Inc..pdf",https://www.ocs.pr.gov/regulados/informes-anuales,2026-09-12T08:31:25+00:00,,,,,,,,unknown
e1d95d19f72fe123cd04f1e310bdd052f16dc040e669ededcaa1fb1c45f3ea98,2016,Triple-S Propiedad,https://docs.pr.gov/files/OCS/regulados/Informes%20Anuales/2016/Triple-S%20Propiedad.pdf,https://www.ocs.pr.gov/regulados/informes-anuales,2026-09-12T08:31:25+00:00,,,,,,,,unknown
6c9baaf5e890a09c6699487da0ecc02275efc9d30180bedcc8444bce097c63a6,2016,Triple-S Salud-Inc.,https://docs.pr.gov/files/OCS/regulados/Informes%20Anuales/2016/Triple-S%20Salud-Inc..pdf,https://www.ocs.pr.gov/regulados/informes-anuales,2026-09-12T08:31:25+00:00,,,,,,,,unknown
ce7ad064ce9c81b62c7ab37121c98791b9e6ba3f7a95c805aa5560542c9d6a08,2016,"Triple-S Vida, Inc.","https://docs.pr.gov/files/OCS/regulados/Informes%20Anuales/2016/Triple-S%20Vida,%20Inc..pdf",https://www.ocs.pr.gov/regulados/informes-anuales,2026-09-12T08:31:25+00:00,,,,,,,,unknown
4b17549a19d90be3d8933cdd346a20155470923133daaa7351dc541194e64bd1,2016,United Surety & Indemnity Co.,https://docs.pr.gov/files/OCS/regulados/Informes%20Anuales/2016/United%20Surety%20%26%20Indemnity%20Co..pdf,https://www.ocs.pr.gov/regulados/informes-anuales,2026-09-12T08:31:25+00:00,,,,,,,,unknown
cb547fe6c68f484b0c406d8fb6d7dfdf7f79376bffa329b00bb5168acb3834dc,2016,Universal Insurace 2016 Annual Statement,https://docs.pr.gov/files/OCS/regulados/Informes%20Anuales/2016/Universal%20Insurace%202016%20Annual%20Statement.pdf,https://www.ocs.pr.gov/regulados/informes-anuales,2026-09-12T08:31:25+00:00,,,,,,,,unknown
9ea1142523e086e6a2774610c11a833ed8f406f07b673207d9b748c848202944,2016,Universal Life Insurance Company 2016,https://docs.pr.gov/files/OCS/regulados/Informes%20Anuales/2016/Universal%20Life%20Insurance%20Company%202016.pdf,https://www.ocs.pr.gov/regulados/informes-anuales,2026-09-12T08:31:25+00:00,,,,,,,,unknown
a1143e8075dc1069ef6260b416648b6a03e43383a79b04a325d7a9605851a30f,2016,USIC Life Insurance Company,https://docs.pr.gov/files/OCS/regulados/Informes%20Anuales/2016/USIC%20Life%20Insurance%20Company.pdf,https://www.ocs.pr.gov/regulados/informes-anuales,2026-09-12T08:31:25+00:00,,,,,,,,unknown
8b485812200cd468c1f55f3e8773d5bfa0a961ea14580d66ac030dc59e8b7436,2015,QBE Seguros IA 2015,https://docs.pr.gov/files/OCS/regulados/Informes%20Anuales/2015/QBE%20Seguros%20IA%202015.pdf,https://www.ocs.pr.gov/regulados/informes-anuales,2026-09-12T08:31:25+00:00,,,,,,,,unknown
d08a2c35881e9c33598823e1578b90e1fe7420b6a3e637e52a81d909306528fb,2015,Real Legacy IA 2015,https://docs.pr.gov/files/OCS/regulados/Informes%20Anuales/2015/Real%20Legacy%20IA%202015.pdf,https://www.ocs.pr.gov/regulados/informes-anuales,2026-09-12T08:31:25+00:00,,,,,,,,unknown
a6c1754835ecc586941a63d3fa2f17e968f38ace68d02dd1af550004e51081dc,2015,Pharmacy IA 2015,https://docs.pr.gov/files/OCS/regulados/Informes%20Anuales/2015/Pharmacy%20IA%202015.pdf,https://www.ocs.pr.gov/regulados/informes-anuales,2026-09-12T08:31:25+00:00,,,,,,,,unknown
413244df6c5f425cc1b375f765c2221ddaabc644ee9330c3929f91ccabcfbd85,2015,Medical Defense IA 2015,https://docs.pr.gov/files/OCS/regulados/Informes%20Anuales/2015/Medical%20Defense%20IA%202015.pdf,https://www.ocs.pr.gov/regulados/informes-anuales,2026-09-12T08:31:25+00:00,,,,,,,,unknown
1f440e1a900c5c6147e402be7ea3a044186a021f56a394e909921d46daba32ba,2015,AIG IA 2015,https://docs.pr.gov/files/OCS/regulados/Informes%20Anuales/2015/AIG%20IA%202015.pdf,https://www.ocs.pr.gov/regulados/informes-anuales,2026-09-12T08:31:25+00:00,,,,,,,,unknown
3d5c58c7bee94879268c481d3135111abccef755de3f765ea3baa3b392f9752f,2015,Antilles IA 2015,https://docs.pr.gov/files/OCS/regulados/Informes%20Anuales/2015/Antilles%20IA%202015.pdf,https://www.ocs.pr.gov/regulados/informes-anuales,2026-09-12T08:31:25+00:00,,,,,,,,unknown
f2ef95116a809b0e87fb0f7ccd7113aa9a95e616afed3e5afb1f820cf6dca44a,2015,ASC IA 2015,https://docs.pr.gov/files/OCS/regulados/Informes%20Anuales/2015/ASC%20IA%202015.pdf,https://www.ocs.pr.gov/regulados/informes-anuales,2026-09-12T08:31:25+00:00,,,,,,,,unknown
747da4227dc7c93f2533f2941641d78b4ba8851e21e96a5d196a1534ef9d4244,2015,Bella Vista IA 2015,https://docs.pr.gov/files/OCS/regulados/Informes%20Anuales/2015/Bella%20Vista%20IA%202015.pdf,https://www.ocs.pr.gov/regulados/informes-anuales,2026-09-12T08:31:25+00:00,,,,,,,,unknown
6e731edda404f09e739f8c9f3be6e6665e9a838df33072f39591ee2257842127,2015,Caribbean American Property IA 2015,https://docs.pr.gov/files/OCS/regulados/Informes%20Anuales/2015/Caribbean%20American%20Property%20IA%202015.pdf,https://www.ocs.pr.gov/regulados/informes-anuales,2026-09-12T08:31:25+00:00,,,,,,,,unknown
0f1a3eba7cff05969f7dcaf02c64ae18e031726b17d46e315fe8419528a04499,2015,Caribbean Life IA 2015,https://docs.pr.gov/files/OCS/regulados/Informes%20Anuales/2015/Caribbean%20Life%20IA%202015.pdf,https://www.ocs.pr.gov/regulados/informes-anuales,2026-09-12T08:31:25+00:00,,,,,,,,unknown
fac150142b9dc75b86cd56ca04da6e9d8a7aa1e59042a4783c1e971634f0021e,2015,Chubb_Insurance_Company,https://docs.pr.gov/files/OCS/regulados/Informes%20Anuales/2015/Chubb_Insurance_Company.pdf,https://www.ocs.pr.gov/regulados/informes-anuales,2026-09-12T08:31:25+00:00,,,,,,,,unknown
00aa26c3ac0fbb26aedc1979f88f92ea2fe4b38d8a1d64e750c5f7c82bf853f2,2015,Constellation IA 2015,https://docs.pr.gov/files/OCS/regulados/Informes%20Anuales/2015/Constellation%20IA%202015.pdf,https://www.ocs.pr.gov/regulados/informes-anuales,2026-09-12T08:31:25+00:00,,,,,,,,unknown
3e5b729427f43f9a66bd88e1ba4792520b7372cb001916d19a8d148ebbf85c41,2015,Cooperativa de Seguros Multiples IA 2015,https://docs.pr.gov/files/OCS/regulados/Informes%20Anuales/2015/Cooperativa%20de%20Seguros%20Multiples%20IA%202015.pdf,https://www.ocs.pr.gov/regulados/informes-anuales,2026-09-12T08:31:25+00:00,,,,,,,,unknown
3ca640064202b3329daf35f042ca7682839a4ff8013c0568c34c6394871cdf88,2015,COSVI IA 2015,https://docs.pr.gov/files/OCS/regulados/Informes%20Anuales/2015/COSVI%20IA%202015.pdf,https://www.ocs.pr.gov/regulados/informes-anuales,2026-09-12T08:31:25+00:00,,,,,,,,unknown
8c7ca9137ef3e5315aac23949770636d30011db77ecd51c09cacea4467bfdf7f,2015,Delta IA 2015,https://docs.pr.gov/files/OCS/regulados/Informes%20Anuales/2015/Delta%20IA%202015.pdf,https://www.ocs.pr.gov/regulados/informes-anuales,2026-09-12T08:31:25+00:00,,,,,,,,unknown
8367ddd980016bb16d7eb9d962bdaee78333bd113782b0992f88b2b9b2c3f450,2015,First Medical IA 2015,https://docs.pr.gov/files/OCS/regulados/Informes%20Anuales/2015/First%20Medical%20IA%202015.pdf,https://www.ocs.pr.gov/regulados/informes-anuales,2026-09-12T08:31:25+00:00,,,,,,,,unknown
14825124b19034ffd8bae2128cce66d18a3cb476a54a0d306862ad55f2ce65e2,2015,Humana Health Plans of Puerto Rico Inc IA 2015,https://docs.pr.gov/files/OCS/regulados/Informes%20Anuales/2015/Humana%20Health%20Plans%20of%20Puerto%20Rico%20Inc%20IA%202015.pdf,https://www.ocs.pr.gov/regulados/informes-anuales,2026-09-12T08:31:25+00:00,,,,,,,,unknown
0204f2586cb8df5e0fc77642fc9ff59688cb25474a52e10c078529f3d156e05f,2015,Humana Insurance Company IA 2015,https://docs.pr.gov/files/OCS/regulados/Informes%20Anuales/2015/Humana%20Insurance%20Company%20IA%202015.pdf,https://www.ocs.pr.gov/regulados/informes-anuales,2026-09-12T08:31:25+00:00,,,,,,,,unknown
941b343b37a520961718743560dc7d3b97a11fb22fe96b7f5d08edc485f3ea0a,2015,Integrand IA 2015,https://docs.pr.gov/files/OCS/regulados/Informes%20Anuales/2015/Integrand%20IA%202015.pdf,https://www.ocs.pr.gov/regulados/informes-anuales,2026-09-12T08:31:25+00:00,,,,,,,,unknown
76b6710647fa2b1d67aefafa2d1414666d9d648bc2ddf984edaa4dab756d6e51,2015,MAPFRE Life Insurance Company of Puerto Rico IA 2015,https://docs.pr.gov/files/OCS/regulados/Informes%20Anuales/2015/MAPFRE%20Life%20Insurance%20Company%20of%20Puerto%20Rico%20IA%202015.pdf,https://www.ocs.pr.gov/regulados/informes-anuales,2026-09-12T08:31:25+00:00,,,,,,,,unknown
a0936feb5eb1f6d1b073714356b6efcb7cec3ef5803729ae02ead675b4e395cd,2015,MAPFRE Pan American Insurance Company IA 2015,https://docs.pr.gov/files/OCS/regulados/Informes%20Anuales/2015/MAPFRE%20Pan%20American%20Insurance%20Company%20IA%202015.pdf,https://www.ocs.pr.gov/regulados/informes-anuales,2026-09-12T08:31:25+00:00,,,,,,,,unknown
87b8abfce65c970b77358e5aa770ed0fb8a14e43ed1fe98e65f788fa034abe72,2015,MAPFRE PRAICO Insurance Company IA 2015,https://docs.pr.gov/files/OCS/regulados/Informes%20Anuales/2015/MAPFRE%20PRAICO%20Insurance%20Company%20IA%202015.pdf,https://www.ocs.pr.gov/regulados/informes-anuales,2026-09-12T08:31:25+00:00,,,,,,,,unknown
432aadf3a9a9951b902d87c240cb73bf44d6eef7d134af57c982a834ad3f3613,2015,MAPFRE Preferred Risk Insurance Company IA 2015,https://docs.pr.gov/files/OCS/regulados/Informes%20Anuales/2015/MAPFRE%20Preferred%20Risk%20Insurance%20Company%20IA%202015.pdf,https://www.ocs.pr.gov/regulados/informes-anuales,2026-09-12T08:31:25+00:00,,,,,,,,unknown
a473ee1616dad11400aecea4ef6b470983d397a82f3175fe6427a162b84a0839,2015,MCS Advantage Inc IA 2015,https://docs.pr.gov/files/OCS/regulados/Informes%20Anuales/2015/MCS%20Advantage%20Inc%20IA%202015.pdf,https://www.ocs.pr.gov/regulados/informes-anuales,2026-09-12T08:31:25+00:00,,,,,,,,unknown
03085c5d628b5785ddfd930458859f1e558a9e8a5b5d8535dc95998cbc9bbcf4,2015,MCS Health Management Options Inc IA 2015,https://docs.pr.gov/files/OCS/regulados/Informes%20Anuales/2015/MCS%20Health%20Management%20Options%20Inc%20IA%202015.pdf,https://www.ocs.pr.gov/regulados/informes-anuales,2026-09-12T08:31:25+00:00,,,,,,,,unknown
90185898807489b0f20371792dec6e0e776699eea095f576a7e477c48af485a0,2015,MCS Life Insurance Company IA 2015,https://docs.pr.gov/files/OCS/regulados/Informes%20Anuales/2015/MCS%20Life%20Insurance%20Company%20IA%202015.pdf,https://www.ocs.pr.gov/regulados/informes-anuales,2026-09-12T08:31:25+00:00,,,,,,,,unknown
a4c20d987631658f3923a0961faa99d4ae164bc43e0ead315f6367f56806ce2c,2015,MMM Healthcare LLC IA 2015,https://docs.pr.gov/files/OCS/regulados/Informes%20Anuales/2015/MMM%20Healthcare%20LLC%20IA%202015.pdf,https://www.ocs.pr.gov/regulados/informes-anuales,2026-09-12T08:31:25+00:00,,,,,,,,unknown
3149f91c29e7f62c394e2d8fdf04d547daadfa95bbe4baa44c932fe3fe004bd2,2015,MMM Multi Health LLC IA 2015,https://docs.pr.gov/files/OCS/regulados/Informes%20Anuales/2015/MMM%20Multi%20Health%20LLC%20IA%202015.pdf,https://www.ocs.pr.gov/regulados/informes-anuales,2026-09-12T08:31:25+00:00,,,,,,,,unknown
25c311d6c964d971217b3b8b94501cd81b80db3fa7ac40d556e202959c872bfb,2015,Molina IA 2015,https://docs.pr.gov/files/OCS/regulados/Informes%20Anuales/2015/Molina%20IA%202015.pdf,https://www.ocs.pr.gov/regulados/informes-anuales,2026-09-12T08:31:25+00:00,,,,,,,,unknown
1e4290fd091b0b63e48628092b1b83bf7a82bbe73ab5915f6430d322c9a447b5,2015,Multinational Insurance Company IA 2015,https://docs.pr.gov/files/OCS/regulados/Informes%20Anuales/2015/Multinational%20Insurance%20Company%20IA%202015.pdf,https://www.ocs.pr.gov/regulados/informes-anuales,2026-09-12T08:31:25+00:00,,,,,,,,unknown
2918cf1d7c0c19d69a6dbbab12fc496142998834524cfeb29031b9487b031cd3,2015,Multinational Life Insurance Company IA 2015,https://docs.pr.gov/files/OCS/regulados/Informes%20Anuales/2015/Multinational%20Life%20Insurance%20Company%20IA%202015.pdf,https://www.ocs.pr.gov/regulados/informes-anuales,2026-09-12T08:31:25+00:00,,,,,,,,unknown
7e6f4f50e970a8fa6de0e8b862c5a8ef9de553629251ecabd8aa70a6de59e7c8,2015,Newport_Bonding__Surety_Company,https://docs.pr.gov/files/OCS/regulados/Informes%20Anuales/2015/Newport_Bonding__Surety_Company.pdf,https://www.ocs.pr.gov/regulados/informes-anuales,2026-09-12T08:31:25+00:00,,,,,,,,unknown
0ec62e84b03dbe772c5d545e8eec23929784ac208d8b70413df928a279ad2a13,2015,One Alliance IA 2015,https://docs.pr.gov/files/OCS/regulados/Informes%20Anuales/2015/One%20Alliance%20IA%202015.pdf,https://www.ocs.pr.gov/regulados/informes-anuales,2026-09-12T08:31:25+00:00,,,,,,,,unknown
04ccc81bc0daad124edd916cac603d8eabf945023c2a0468fd0c1ffd055c3015,2015,Pan American Life Isurance Company of Puerto Rico IA 2015,https://docs.pr.gov/files/OCS/regulados/Informes%20Anuales/2015/Pan%20American%20Life%20Isurance%20Company%20of%20Puerto%20Rico%20IA%202015.pdf,https://www.ocs.pr.gov/regulados/informes-anuales,2026-09-12T08:31:25+00:00,,,,,,,,unknown
ed207b4b374ab169dc1150bc156d32342905630dac861b646b33d3fc35df107c,2015,Plan de Salud Menonita Inc IA 2015,https://docs.pr.gov/files/OCS/regulados/Informes%20Anuales/2015/Plan%20de%20Salud%20Menonita%20Inc%20IA%202015.pdf,https://www.ocs.pr.gov/regulados/informes-anuales,2026-09-12T08:31:25+00:00,,,,,,,,unknown
826739eb3df5556b5a0d655fdae7f19551a53b691dcc16b8097af1303a2131e5,2015,PMC IA 2015,https://docs.pr.gov/files/OCS/regulados/Informes%20Anuales/2015/PMC%20IA%202015.pdf,https://www.ocs.pr.gov/regulados/informes-anuales,2026-09-12T08:31:25+00:00,,,,,,,,unknown
26bd7385ca117a39098e8590b78ced0a8ec646b6c36c22ac2feac1f6b40ddf4b,2015,Point Guard IA 2015,https://docs.pr.gov/files/OCS/regulados/Informes%20Anuales/2015/Point%20Guard%20IA%202015.pdf,https://www.ocs.pr.gov/regulados/informes-anuales,2026-09-12T08:31:25+00:00,,,,,,,,unknown
8381614524a6dd86fa95c94ea08a3fd42687cbfc0954c5fd0872e90db89a3d3e,2015,Popular Life Re IA 2015,https://docs.pr.gov/files/OCS/regulados/Informes%20Anuales/2015/Popular%20Life%20Re%20IA%202015.pdf,https://www.ocs.pr.gov/regulados/informes-anuales,2026-09-12T08:31:25+00:00,,,,,,,,unknown
26c00e8a69a78d18ff662020b7861838928493bf96e6618bf3bc2a21431c0213,2015,Ryder Health Plan Inc IA 2015,https://docs.pr.gov/files/OCS/regulados/Informes%20Anuales/2015/Ryder%20Health%20Plan%20Inc%20IA%202015.pdf,https://www.ocs.pr.gov/regulados/informes-anuales,2026-09-12T08:31:25+00:00,,,,,,,,unknown
2266ccba49ae38917e585022295a051a935ae63cb816a9733a30782dbbeedc0f,2015,SIMED IA 2015,https://docs.pr.gov/files/OCS/regulados/Informes%20Anuales/2015/SIMED%20IA%202015.pdf,https://www.ocs.pr.gov/regulados/informes-anuales,2026-09-12T08:31:25+00:00,,,,,,,,unknown
624a9b39a4345bf2668e85faa466f91bcc4863f42c6231fbd717653d430b5a60,2015,Tower Bonding IA 2015,https://docs.pr.gov/files/OCS/regulados/Informes%20Anuales/2015/Tower%20Bonding%20IA%202015.pdf,https://www.ocs.pr.gov/regulados/informes-anuales,2026-09-12T08:31:25+00:00,,,,,,,,unknown
f4ce6bce7e841c53dc58ac6a9729a4846fd8e61e85e375b8e3552faca3c5f56c,2015,Trans-Oceanic IA 2015,https://docs.pr.gov/files/OCS/regulados/Informes%20Anuales/2015/Trans-Oceanic%20IA%202015.pdf,https://www.ocs.pr.gov/regulados/informes-anuales,2026-09-12T08:31:25+00:00,,,,,,,,unknown
527bd45c531c259c068f6116d3cb3af68e3f6d794fdc93a581a905085b0d569a,2015,Triple S Advantage Inc IA 2015,https://docs.pr.gov/files/OCS/regulados/Informes%20Anuales/2015/Triple%20S%20Advantage%20Inc%20IA%202015.pdf,https://www.ocs.pr.gov/regulados/informes-anuales,2026-09-12T08:31:25+00:00,,,,,,,,unknown
35a839e1b96a2409217fec835b8287da3fbc3859d6c285fbc6bcee6c1ff40dd7,2015,Triple S Propiedad IA 2015,https://docs.pr.gov/files/OCS/regulados/Informes%20Anuales/2015/Triple%20S%20Propiedad%20IA%202015.pdf,https://www.ocs.pr.gov/regulados/informes-anuales,2026-09-12T08:31:25+00:00,,,,,,,,unknown
f877f7404adab9ddb7b6d430a035215e6d03e8e9fb90e0bf1b4b17549a30824a,2015,Triple S Salud Inc IA 2015,https://docs.pr.gov/files/OCS/regulados/Informes%20Anuales/2015/Triple%20S%20Salud%20Inc%20IA%202015.pdf,https://www.ocs.pr.gov/regulados/informes-anuales,2026-09-12T08:31:25+00:00,,,,,,,,unknown
5a35e7e58268c2953b0c2069aa07591b560bbcece3a79b1838439505cb987699,2015,Triple S Vida Inc IA 2015,https://docs.pr.gov/files/OCS/regulados/Informes%20Anuales/2015/Triple%20S%20Vida%20Inc%20IA%202015.pdf,https://www.ocs.pr.gov/regulados/informes-anuales,2026-09-12T08:31:25+00:00,,,,,,,,unknown
57c1badae67082ffc47245da770cfdc86c94b8526e0e0ff6f44a4925b7cc21ba,2015,United Surety and Indemnity Company IA 2015,https://docs.pr.gov/files/OCS/regulados/Informes%20Anuales/2015/United%20Surety%20and%20Indemnity%20Company%20IA%202015.pdf,https://www.ocs.pr.gov/regulados/informes-anuales,2026-09-12T08:31:25+00:00,,,,,,,,unknown
01179ce5f5c731bb1b8cfd5d653b15e356e4ee016241ea19503e23075c923782,2015,Universal Insurance Company Inc IA 2015,https://docs.pr.gov/files/OCS/regulados/Informes%20Anuales/2015/Universal%20Insurance%20Company%20Inc%20IA%202015.pdf,https://www.ocs.pr.gov/regulados/informes-anuales,2026-09-12T08:31:25+00:00,,,,,,,,unknown
c1b96446bfde5817c8f6bb2d3415fb1c8eb19a8bcf452950cd4c9e05f4c1381f,2015,Universal Life Insurance Company IA 2015,https://docs.pr.gov/files/OCS/regulados/Informes%20Anuales/2015/Universal%20Life%20Insurance%20Company%20IA%202015.pdf,https://www.ocs.pr.gov/regulados/informes-anuales,2026-09-12T08:31:25+00:00,,,,,,,,unknown
da5c12526e90a973f3cd50579e5d5c7afc6f19f65a041bedd51483828834bf34,2015,USIC IA 2015,https://docs.pr.gov/files/OCS/regulados/Informes%20Anuales/2015/USIC%20IA%202015.pdf,https://www.ocs.pr.gov/regulados/informes-anuales,2026-09-12T08:31:25+00:00,,,,,,,,unknown
5635c4009912cd69614e2ae9815d666b531df1a03be7b378ae97832eac335707,2014,"Triple-S Blue, Inc.","https://docs.pr.gov/files/OCS/regulados/Informes%20Anuales/2014/Triple-S%20Blue,%20Inc..pdf",https://www.ocs.pr.gov/regulados/informes-anuales,2026-09-12T08:31:25+00:00,,,,,,,,unknown
7943fa56fec379e4b70c8e7092fea663cf343a52dc343e85949127aec733966d,2014,MAPFRE Pan American Insurance Company,https://docs.pr.gov/files/OCS/regulados/Informes%20Anuales/2014/MAPFRE%20Pan%20American%20Insurance%20Company.pdf,https://www.ocs.pr.gov/regulados/informes-anuales,2026-09-12T08:31:25+00:00,,,,,,,,unknown
001b87ca6af2d9be256267cb18b120e56d026a1c5d2ebd76549d0fed66a65ba5,2014,ACE Insurance Company,https://docs.pr.gov/files/OCS/regulados/Informes%20Anuales/2014/ACE%20Insurance%20Company.pdf,https://www.ocs.pr.gov/regulados/informes-anuales,2026-09-12T08:31:25+00:00,,,,,,,,unknown
46b504c7603d2d6626d05ab11de3b3dd66330acb34f6608caa901db552df0dd8,2014,AIG Insurance Company - Puerto Rico,https://docs.pr.gov/files/OCS/regulados/Informes%20Anuales/2014/AIG%20Insurance%20Company%20-%20Puerto%20Rico.pdf,https://www.ocs.pr.gov/regulados/informes-anuales,2026-09-12T08:31:25+00:00,,,,,,,,unknown
0fcb9135b69859b6d7f9581c6746e3d1205cc38e00dfc82c0cf9e1ae0a92596a,2014,Antilles Insurance Company,https://docs.pr.gov/files/OCS/regulados/Informes%20Anuales/2014/Antilles%20Insurance%20Company.pdf,https://www.ocs.pr.gov/regulados/informes-anuales,2026-09-12T08:31:25+00:00,,,,,,,,unknown
3696da784bcbdbba7257410f9246025e50c6f2b5a53c471b9c59760b1d04dd5b,2014,Asociación de Suscripción Conjunta del Seguro Obligatorio de PR,https://docs.pr.gov/files/OCS/regulados/Informes%20Anuales/2014/Asociacio%CC%81n%20de%20Suscripcio%CC%81n%20Conjunta%20del%20Seguro%20Obligatorio%20de%20PR.pdf,https://www.ocs.pr.gov/regulados/informes-anuales,2026-09-12T08:31:25+00:00,,,,,,,,unknown
4bab99eff2c7edf5d4b96b4b386da555362c54763dc62183d45346cebe4b7a39,2014,Caribbean American Life Assurance Company,https://docs.pr.gov/files/OCS/regulados/Informes%20Anuales/2014/Caribbean%20American%20Life%20Assurance%20Company.pdf,https://www.ocs.pr.gov/regulados/informes-anuales,2026-09-12T08:31:25+00:00,,,,,,,,unknown
d139c754a208cf19944c68abb911754aec7e1ca04254cde560a7b33063dba796,2014,Caribbean American Property Insurance,https://docs.pr.gov/files/OCS/regulados/Informes%20Anuales/2014/Caribbean%20American%20Property%20Insurance.pdf,https://www.ocs.pr.gov/regulados/informes-anuales,2026-09-12T08:31:25+00:00,,,,,,,,unknown
03bb47ed4c2388ae52ce9cee54a412b0b81f9f7eaf1720941de0f17ffd83d2cb,2014,"Constellation Health, LLC","https://docs.pr.gov/files/OCS/regulados/Informes%20Anuales/2014/Constellation%20Health,%20LLC.pdf",https://www.ocs.pr.gov/regulados/informes-anuales,2026-09-12T08:31:25+00:00,,,,,,,,unknown
eff142424a5eed1ed468f2b1d95ae5cb72d7a1440ad7443e1d394b6fc794a7f1,2014,"Cooperativa de Seguros de Vida de PR, COSVI","https://docs.pr.gov/files/OCS/regulados/Informes%20Anuales/2014/Cooperativa%20de%20Seguros%20de%20Vida%20de%20PR,%20COSVI.pdf",https://www.ocs.pr.gov/regulados/informes-anuales,2026-09-12T08:31:25+00:00,,,,,,,,unknown
e44affb916fd092bf1813d896b5ef97e9035456e84038fbfa53a387850e243b2,2014,Cooperativa de Seguros Múltiples de PR,https://docs.pr.gov/files/OCS/regulados/Informes%20Anuales/2014/Cooperativa%20de%20Seguros%20Mu%CC%81ltiples%20de%20PR.pdf,https://www.ocs.pr.gov/regulados/informes-anuales,2026-09-12T08:31:25+00:00,,,,,,,,unknown
ed1f5c7223648a06e97d780b3638cc837631beb447135d6257872708e7a2ef67,2014,"Delta Dental of PR, Inc.","https://docs.pr.gov/files/OCS/regulados/Informes%20Anuales/2014/Delta%20Dental%20of%20PR,%20Inc..pdf",https://www.ocs.pr.gov/regulados/informes-anuales,2026-09-12T08:31:25+00:00,,,,,,,,unknown
f2c5b20f948197f75ce76d090c56cd6bfde29020fd28d549439881eb2c5c6792,2014,"First Medical Health Plan, Inc.","https://docs.pr.gov/files/OCS/regulados/Informes%20Anuales/2014/First%20Medical%20Health%20Plan,%20Inc..pdf",https://www.ocs.pr.gov/regulados/informes-anuales,2026-09-12T08:31:25+00:00,,,,,,,,unknown
35c220342d4c3651201766b81185a1bc556b5ece83e71c1af3e87c8dc128b78f,2014,Golden Cross Health Plan Corp.,https://docs.pr.gov/files/OCS/regulados/Informes%20Anuales/2014/Golden%20Cross%20Health%20Plan%20Corp..pdf,https://www.ocs.pr.gov/regulados/informes-anuales,2026-09-12T08:31:25+00:00,,,,,,,,unknown
5e26798055f2ee098392bf2f9969d6559f7df15ca462121fe484fe319306de43,2014,"Humana Health Plans of Puerto Rico, Inc.","https://docs.pr.gov/files/OCS/regulados/Informes%20Anuales/2014/Humana%20Health%20Plans%20of%20Puerto%20Rico,%20Inc..pdf",https://www.ocs.pr.gov/regulados/informes-anuales,2026-09-12T08:31:25+00:00,,,,,,,,unknown
243d4f350024440af5abe404978653ffc21917e6f2c95998712d116bd4184d22,2014,"Humana Insurance of Puerto Rico, Inc.","https://docs.pr.gov/files/OCS/regulados/Informes%20Anuales/2014/Humana%20Insurance%20of%20Puerto%20Rico,%20Inc..pdf",https://www.ocs.pr.gov/regulados/informes-anuales,2026-09-12T08:31:25+00:00,,,,,,,,unknown
f1d4d3a341a21a6d69c71fcfe0f185df9c0cf8986ffd2b6cfc6ac9e6d4c8cc1e,2014,Integrand Assurance Company,https://docs.pr.gov/files/OCS/regulados/Informes%20Anuales/2014/Integrand%20Assurance%20Company.pdf,https://www.ocs.pr.gov/regulados/informes-anuales,2026-09-12T08:31:25+00:00,,,,,,,,unknown
fdc035dc56182b240b04861264085f61684ec6d9a7b4daca8648718959ca5120,2014,MAPFRE Life Insurance Company of Puerto Rico,https://docs.pr.gov/files/OCS/regulados/Informes%20Anuales/2014/MAPFRE%20Life%20Insurance%20Company%20of%20Puerto%20Rico.pdf,https://www.ocs.pr.gov/regulados/informes-anuales,2026-09-12T08:31:25+00:00,,,,,,,,unknown
5afdbbe2ea1061d0efddb5eb21cabfdc8bde99bf53dfee258ef9b87ed0acc5c6,2014,MAPFRE PRAICO Insurance Company,https://docs.pr.gov/files/OCS/regulados/Informes%20Anuales/2014/MAPFRE%20PRAICO%20Insurance%20Company.pdf,https://www.ocs.pr.gov/regulados/informes-anuales,2026-09-12T08:31:25+00:00,,,,,,,,unknown
46900646311a821234f17347daada5a450bc34e87bdc9f2ec71a01bd6d551b79,2014,MAPFRE Preferred Risk Insurance Company,https://docs.pr.gov/files/OCS/regulados/Informes%20Anuales/2014/MAPFRE%20Preferred%20Risk%20Insurance%20Company.pdf,https://www.ocs.pr.gov/regulados/informes-anuales,2026-09-12T08:31:25+00:00,,,,,,,,unknown
e4e92959e4c622d27611f0d9a15330500446136fe33733a301b6e105b9285f37,2014,MCS Advantage Inc.l,https://docs.pr.gov/files/OCS/regulados/Informes%20Anuales/2014/MCS%20Advantage%20Inc.l.pdf,https://www.ocs.pr.gov/regulados/informes-anuales,2026-09-12T08:31:25+00:00,,,,,,,,unknown
c8a65414aced6d873ae89c9b9570596c1864fcf510815093a9f9f2cb8948ddd6,2014,"MCS Health Management Options, Inc.","https://docs.pr.gov/files/OCS/regulados/Informes%20Anuales/2014/MCS%20Health%20Management%20Options,%20Inc..pdf",https://www.ocs.pr.gov/regulados/informes-anuales,2026-09-12T08:31:25+00:00,,,,,,,,unknown
a5fc649bf94260f2db342e6f128069035bdd7fcf8fef66c330e69bf7d974ccfb,2014,MCS LIFE Insurance Company,https://docs.pr.gov/files/OCS/regulados/Informes%20Anuales/2014/MCS%20LIFE%20Insurance%20Company.pdf,https://www.ocs.pr.gov/regulados/informes-anuales,2026-09-12T08:31:25+00:00,,,,,,,,unknown
fea2d81cfddc273909cf29c02ceaa85f532ed1247cf7a8756a307aaa47f2e0b2,2014,"MMM Healthcare, LLC.","https://docs.pr.gov/files/OCS/regulados/Informes%20Anuales/2014/MMM%20Healthcare,%20LLC..pdf",https://www.ocs.pr.gov/regulados/informes-anuales,2026-09-12T08:31:25+00:00,,,,,,,,unknown
27b9770070f81d12915740cb0c1be42107e6b701b244c6f0bf54989de3b328d2,2014,"MMM Multi Health, LLC","https://docs.pr.gov/files/OCS/regulados/Informes%20Anuales/2014/MMM%20Multi%20Health,%20LLC.pdf",https://www.ocs.pr.gov/regulados/informes-anuales,2026-09-12T08:31:25+00:00,,,,,,,,unknown
0c32df12d1d2449f3e4cc35dac361449d251965eb88c719e6ab0645577277397,2014,"Molina Healthcare of Puerto Rico, Inc.","https://docs.pr.gov/files/OCS/regulados/Informes%20Anuales/2014/Molina%20Healthcare%20of%20Puerto%20Rico,%20Inc..pdf",https://www.ocs.pr.gov/regulados/informes-anuales,2026-09-12T08:31:25+00:00,,,,,,,,unknown
5e936816524da31294524662e30741c73759c4f0c362fd9c3a230065adc128f1,2014,Multinational Insurance Company,https://docs.pr.gov/files/OCS/regulados/Informes%20Anuales/2014/Multinational%20Insurance%20Company.pdf,https://www.ocs.pr.gov/regulados/informes-anuales,2026-09-12T08:31:25+00:00,,,,,,,,unknown
4d961c71d87b103584ec04cf5554cc162f4cd43e060a7aef6f826269d84f2d41,2014,Multinational Life Insurance Company,https://docs.pr.gov/files/OCS/regulados/Informes%20Anuales/2014/Multinational%20Life%20Insurance%20Company.pdf,https://www.ocs.pr.gov/regulados/informes-anuales,2026-09-12T08:31:25+00:00,,,,,,,,unknown
ad0f4bd2e52b18f86ae6281186ff9c664475016280d7001b49df1ca6b58f299c,2014,Pan American Life Insurance Company,https://docs.pr.gov/files/OCS/regulados/Informes%20Anuales/2014/Pan%20American%20Life%20Insurance%20Company.pdf,https://www.ocs.pr.gov/regulados/informes-anuales,2026-09-12T08:31:25+00:00,,,,,,,,unknown
4a01a950ff4c21bcaca615e7a5f8b69a3121d894d998ce1077bc20baf4d69ead,2014,"Pharmacy Insurance Corporation of America, Inc.","https://docs.pr.gov/files/OCS/regulados/Informes%20Anuales/2014/Pharmacy%20Insurance%20Corporation%20of%20America,%20Inc..pdf",https://www.ocs.pr.gov/regulados/informes-anuales,2026-09-12T08:31:25+00:00,,,,,,,,unknown
43f07d52c45e9f1c8d68471c3fdc8d4fa64d3c42adc1f1eb564fe65f91448180,2014,"Plan de Salud Menonita, Inc.","https://docs.pr.gov/files/OCS/regulados/Informes%20Anuales/2014/Plan%20de%20Salud%20Menonita,%20Inc..pdf",https://www.ocs.pr.gov/regulados/informes-anuales,2026-09-12T08:31:25+00:00,,,,,,,,unknown
29d90b313db10999bacf44e3e995f9d322bddfe89b258bf3916f47fca0b42fef,2014,Plan Medico Servicios de Salud Bella Vista,https://docs.pr.gov/files/OCS/regulados/Informes%20Anuales/2014/Plan%20Medico%20Servicios%20de%20Salud%20Bella%20Vista.pdf,https://www.ocs.pr.gov/regulados/informes-anuales,2026-09-12T08:31:25+00:00,,,,,,,,unknown
9946b8962ebba74672993bc690dc4af6125e7a53b4d68f16e3c1511458ff72e1,2014,"PMC Medicare Choice, LLC","https://docs.pr.gov/files/OCS/regulados/Informes%20Anuales/2014/PMC%20Medicare%20Choice,%20LLC.pdf",https://www.ocs.pr.gov/regulados/informes-anuales,2026-09-12T08:31:25+00:00,,,,,,,,unknown
89cc65bafc2478661d860ba937f2aba137b352b98fa2ffa2769721858a7c7e4d,2014,Point Guard Insurance Company,https://docs.pr.gov/files/OCS/regulados/Informes%20Anuales/2014/Point%20Guard%20Insurance%20Company.pdf,https://www.ocs.pr.gov/regulados/informes-anuales,2026-09-12T08:31:25+00:00,,,,,,,,unknown
11827a3b48c00950da967ea6e96a7d228141e04228d29fa20ad764a6849765de,2014,Popular Life Re,https://docs.pr.gov/files/OCS/regulados/Informes%20Anuales/2014/Popular%20Life%20Re.pdf,https://www.ocs.pr.gov/regulados/informes-anuales,2026-09-12T08:31:25+00:00,,,,,,,,unknown
758e50c33c7aaf3662b40ee18b60ce146c7ec2bd45a8c4ec2b35bf09210e0f05,2014,Puerto Rico Medical Defense Insurance Company,https://docs.pr.gov/files/OCS/regulados/Informes%20Anuales/2014/Puerto%20Rico%20Medical%20Defense%20Insurance%20Company.pdf,https://www.ocs.pr.gov/regulados/informes-anuales,2026-09-12T08:31:25+00:00,,,,,,,,unknown
0c2b3e28858ae106376f744fc8232aef178f2cb9e3c43aeb231934318304620c,2014,QBE Optima Insurance Company,https://docs.pr.gov/files/OCS/regulados/Informes%20Anuales/2014/QBE%20Optima%20Insurance%20Company.pdf,https://www.ocs.pr.gov/regulados/informes-anuales,2026-09-12T08:31:25+00:00,,,,,,,,unknown
e43ca01f24315a13dcc6efa4b9ae03268bb4b788abbfb8741be75866ca7f1d35,2014,"Real Legacy Assurance Company, Inc.","https://docs.pr.gov/files/OCS/regulados/Informes%20Anuales/2014/Real%20Legacy%20Assurance%20Company,%20Inc..pdf",https://www.ocs.pr.gov/regulados/informes-anuales,2026-09-12T08:31:25+00:00,,,,,,,,unknown
45317ab34f558754e06b0850798e1f683f49e0b615bc601e99a39926de095b08,2014,"Ryder Health Plan, Inc.","https://docs.pr.gov/files/OCS/regulados/Informes%20Anuales/2014/Ryder%20Health%20Plan,%20Inc..pdf",https://www.ocs.pr.gov/regulados/informes-anuales,2026-09-12T08:31:25+00:00,,,,,,,,unknown
1d8e60e50afc987a7667c64418dc819922fec3b1264a92b9ae01dc8ddc435a76,2014,SIMED,https://docs.pr.gov/files/OCS/regulados/Informes%20Anuales/2014/SIMED.pdf,https://www.ocs.pr.gov/regulados/informes-anuales,2026-09-12T08:31:25+00:00,,,,,,,,unknown
919e0eea58020902ddbde25cae91b561cfadfb568711b3d7857a2b9136e821a0,2014,Tower Bonding and Surety Company,https://docs.pr.gov/files/OCS/regulados/Informes%20Anuales/2014/Tower%20Bonding%20and%20Surety%20Company.pdf,https://www.ocs.pr.gov/regulados/informes-anuales,2026-09-12T08:31:25+00:00,,,,,,,,unknown
011ed4efc761bbfb9976c10845f40e8ce3598ec47a216d7011e8d39ae4d22bd0,2014,Trans-Oceanic Life Insurance Company,https://docs.pr.gov/files/OCS/regulados/Informes%20Anuales/2014/Trans-Oceanic%20Life%20Insurance%20Company.pdf,https://www.ocs.pr.gov/regulados/informes-anuales,2026-09-12T08:31:25+00:00,,,,,,,,unknown
77443fc040664fdead307a9407027eb40f4b7694fe9c66843ea2ec63aa70cd32,2014,"Triple-S Advantage, Inc.","https://docs.pr.gov/files/OCS/regulados/Informes%20Anuales/2014/Triple-S%20Advantage,%20Inc..pdf",https://www.ocs.pr.gov/regulados/informes-anuales,2026-09-12T08:31:25+00:00,,,,,,,,unknown
a8c69cb7e170ecf1471356ebe62d7306bba60d15711a310e12dc8244ed14e32a,2014,"Triple-S Propiedad, Inc.","https://docs.pr.gov/files/OCS/regulados/Informes%20Anuales/2014/Triple-S%20Propiedad,%20Inc..pdf",https://www.ocs.pr.gov/regulados/informes-anuales,2026-09-12T08:31:25+00:00,,,,,,,,unknown
c48de3e527f0250aa1b80b2262fac1f5d1f0ec9944e6bfa7eff84471cb0820f4,2014,"Triple-S Salud, Inc.","https://docs.pr.gov/files/OCS/regulados/Informes%20Anuales/2014/Triple-S%20Salud,%20Inc..pdf",https://www.ocs.pr.gov/regulados/informes-anuales,2026-09-12T08:31:25+00:00,,,,,,,,unknown
0174b208781d5da2fa64246baf7c4e18fc09611a1c7619ac659d31ae9edeb9f5,2014,"Triple-S Vida, Inc.","https://docs.pr.gov/files/OCS/regulados/Informes%20Anuales/2014/Triple-S%20Vida,%20Inc..pdf",https://www.ocs.pr.gov/regulados/informes-anuales,2026-09-12T08:31:25+00:00,,,,,,,,unknown
a9d534c5bac0bcfaf3c1e7329d35047441b117b75c10e390d410ebab988aa43c,2014,Universal Insurance Company,https://docs.pr.gov/files/OCS/regulados/Informes%20Anuales/2014/Universal%20Insurance%20Company.pdf,https://www.ocs.pr.gov/regulados/informes-anuales,2026-09-12T08:31:25+00:00,,,,,,,,unknown
9ce03681ed5d32dbf63435d2220a57dca2de90915a519a5de3749896a1410836,2014,USIC Life Insurance Company,https://docs.pr.gov/files/OCS/regulados/Informes%20Anuales/2014/USIC%20Life%20Insurance%20Company.pdf,https://www.ocs.pr.gov/regulados/informes-anuales,2026-09-12T08:31:25+00:00,,,,,,,,unknown
8a0ff601bcd705eee2f845c215d705764eebabf6322effad064d6838ca81b414,2013,Integrand Assurance Company,https://docs.pr.gov/files/OCS/regulados/Informes%20Anuales/2013/Integrand%20Assurance%20Company.pdf,https://www.ocs.pr.gov/regulados/informes-anuales,2026-09-12T08:31:25+00:00,,,,,,,,unknown
9432127129c796a9e026692f31fe4daa933ed3230f23a5833de7ed1e217fe8d9,2013,ACE Insurance Company,https://docs.pr.gov/files/OCS/regulados/Informes%20Anuales/2013/ACE%20Insurance%20Company%20(1).pdf,https://www.ocs.pr.gov/regulados/informes-anuales,2026-09-12T08:31:25+00:00,,,,,,,,unknown
6244c2f42732fa2ff6e40dca00fa6eaebde607785efd2c0167d11a1c54c0254a,2013,AIG Insurance Company-Puerto Rico,https://docs.pr.gov/files/OCS/regulados/Informes%20Anuales/2013/AIG%20Insurance%20Company-Puerto%20Rico.pdf,https://www.ocs.pr.gov/regulados/informes-anuales,2026-09-12T08:31:25+00:00,,,,,,,,unknown
9a0b61f2754956fc688288f0dbb850b3c7e3c016e907b87a38b639e5882851c0,2013,Antilles Insurance Company,https://docs.pr.gov/files/OCS/regulados/Informes%20Anuales/2013/Antilles%20Insurance%20Company.pdf,https://www.ocs.pr.gov/regulados/informes-anuales,2026-09-12T08:31:25+00:00,,,,,,,,unknown
1ceba2b30263f3a5db6555c3c0998b6ca52de1b7c84c90310bb63a6df3015a22,2013,Asoc. Suscripción Conjunta,https://docs.pr.gov/files/OCS/regulados/Informes%20Anuales/2013/Asoc.%20Suscripcio%CC%81n%20Conjunta.pdf,https://www.ocs.pr.gov/regulados/informes-anuales,2026-09-12T08:31:25+00:00,,,,,,,,unknown
163006749a918736503525f8cbf354b255da5ac26b0afe5708198a7269f8ae24,2013,Caribbean American Life Assurance Company,https://docs.pr.gov/files/OCS/regulados/Informes%20Anuales/2013/Caribbean%20American%20Life%20Assurance%20Company.pdf,https://www.ocs.pr.gov/regulados/informes-anuales,2026-09-12T08:31:25+00:00,,,,,,,,unknown
713031af5f2f27087706dfc110c67356f5874e51b61472b68c9c5c43c99c33fe,2013,Caribbean American Property Insurance Company,https://docs.pr.gov/files/OCS/regulados/Informes%20Anuales/2013/Caribbean%20American%20Property%20Insurance%20Company.pdf,https://www.ocs.pr.gov/regulados/informes-anuales,2026-09-12T08:31:25+00:00,,,,,,,,unknown
b148f6ecfd851d979f1624e46b37b993accd655a381d7df8cfea7ecd519ee0b9,2013,"Cooperativa de Seguros de Vida de PR, COSVI","https://docs.pr.gov/files/OCS/regulados/Informes%20Anuales/2013/Cooperativa%20de%20Seguros%20de%20Vida%20de%20PR,%20COSVI.pdf",https://www.ocs.pr.gov/regulados/informes-anuales,2026-09-12T08:31:25+00:00,,,,,,,,unknown
a62f69dcfe8e0063e71fd260cce08cf1b90115dc008909c0cb3bc65c1eb6c297,2013,Cooperativa de Seguros Múltiples,https://docs.pr.gov/files/OCS/regulados/Informes%20Anuales/2013/Cooperativa%20de%20Seguros%20Mu%CC%81ltiples.pdf,https://www.ocs.pr.gov/regulados/informes-anuales,2026-09-12T08:31:25+00:00,,,,,,,,unknown
1e879db6c85cc809696ef2b29e6f3d7f2015ff729bf2e9a2d9ed5114b6c865e7,2013,"Delta Dental of PR, Inc.","https://docs.pr.gov/files/OCS/regulados/Informes%20Anuales/2013/Delta%20Dental%20of%20PR,%20Inc..pdf",https://www.ocs.pr.gov/regulados/informes-anuales,2026-09-12T08:31:25+00:00,,,,,,,,unknown
040f6fcbb7561508e73637190742958d15774232254665c98d6238b2dde6e81f,2013,"First Medical Health Plan, Inc.","https://docs.pr.gov/files/OCS/regulados/Informes%20Anuales/2013/First%20Medical%20Health%20Plan,%20Inc..pdf",https://www.ocs.pr.gov/regulados/informes-anuales,2026-09-12T08:31:25+00:00,,,,,,,,unknown
58094ce6b578f11825f117af49a203eba43a1d5fa840e96173063c9506ae6ba3,2013,"Humana Health Plans of Puerto Rico, Inc.","https://docs.pr.gov/files/OCS/regulados/Informes%20Anuales/2013/Humana%20Health%20Plans%20of%20Puerto%20Rico,%20Inc..pdf",https://www.ocs.pr.gov/regulados/informes-anuales,2026-09-12T08:31:25+00:00,,,,,,,,unknown
7373a7050f8057bf7412a00cb0d5de8a7aaeadae5a39fd6b40d6446c01fbccc6,2013,"Humana Insurance of Puerto Rico, Inc.","https://docs.pr.gov/files/OCS/regulados/Informes%20Anuales/2013/Humana%20Insurance%20of%20Puerto%20Rico,%20Inc..pdf",https://www.ocs.pr.gov/regulados/informes-anuales,2026-09-12T08:31:25+00:00,,,,,,,,unknown
50a8de265d274a5194b7a782f67c45437f9e3040c59e417641493b426e65a1ac,2013,MAPFRE Life Insurance Company,https://docs.pr.gov/files/OCS/regulados/Informes%20Anuales/2013/MAPFRE%20Life%20Insurance%20Company.pdf,https://www.ocs.pr.gov/regulados/informes-anuales,2026-09-12T08:31:25+00:00,,,,,,,,unknown
1e2075007a4387f2f8e478a2a161374621816672cfd447d45c3395b48de52d23,2013,MAPFRE Pan American Insurance Company,https://docs.pr.gov/files/OCS/regulados/Informes%20Anuales/2013/MAPFRE%20Pan%20American%20Insurance%20Company.pdf,https://www.ocs.pr.gov/regulados/informes-anuales,2026-09-12T08:31:25+00:00,,,,,,,,unknown
efe9809aaa4e55322c760bf4205a4bd8c57ccda66855eff511bf56941704ae11,2013,MAPFRE PRAICO Insurance Company,https://docs.pr.gov/files/OCS/regulados/Informes%20Anuales/2013/MAPFRE%20PRAICO%20Insurance%20Company.pdf,https://www.ocs.pr.gov/regulados/informes-anuales,2026-09-12T08:31:25+00:00,,,,,,,,unknown
308d902fca81f13c96e6d406a76aaae3ab28de585eab1cc70df4b13de490dc94,2013,MAPFRE Preferred Risk Insurance Company,https://docs.pr.gov/files/OCS/regulados/Informes%20Anuales/2013/MAPFRE%20Preferred%20Risk%20Insurance%20Company.pdf,https://www.ocs.pr.gov/regulados/informes-anuales,2026-09-12T08:31:25+00:00,,,,,,,,unknown
653c9dc14ad6b0d387745ab99ceacfe50f30b46817cd1e00de68e088e14544eb,2013,"MCS Advantage, Inc.","https://docs.pr.gov/files/OCS/regulados/Informes%20Anuales/2013/MCS%20Advantage,%20Inc..pdf",https://www.ocs.pr.gov/regulados/informes-anuales,2026-09-12T08:31:25+00:00,,,,,,,,unknown
b84e57338ea73b23577dd55a2331a184277df656d7bea532054f567bc54c831e,2013,"MCS Health Management Options, Inc.","https://docs.pr.gov/files/OCS/regulados/Informes%20Anuales/2013/MCS%20Health%20Management%20Options,%20Inc..pdf",https://www.ocs.pr.gov/regulados/informes-anuales,2026-09-12T08:31:25+00:00,,,,,,,,unknown
ea606325250de7d1538b85c21cfb874e20a48c0cb3be08f3e2b87cd9a11ac296,2013,MCS Life Insurance Company,https://docs.pr.gov/files/OCS/regulados/Informes%20Anuales/2013/MCS%20Life%20Insurance%20Company.pdf,https://www.ocs.pr.gov/regulados/informes-anuales,2026-09-12T08:31:25+00:00,,,,,,,,unknown
0a3d2bafce2e334d7e89c4d1f24e8df78716064d7c205c06a7fc9d4c5f03ae0b,2013,"MMM Healthcare, Inc.","https://docs.pr.gov/files/OCS/regulados/Informes%20Anuales/2013/MMM%20Healthcare,%20Inc..pdf",https://www.ocs.pr.gov/regulados/informes-anuales,2026-09-12T08:31:25+00:00,,,,,,,,unknown
edf02a944273151e0de82fedf9edd411d4003f19a084d29256532bb6a8e74ff9,2013,Multinational Life Insurance Company,https://docs.pr.gov/files/OCS/regulados/Informes%20Anuales/2013/Multinational%20Life%20Insurance%20Company.pdf,https://www.ocs.pr.gov/regulados/informes-anuales,2026-09-12T08:31:25+00:00,,,,,,,,unknown
ecfd042f1c2fd785f21222b8d2b37fb6265ef8f991287cbd749553eb94259f33,2013,"Newport Bonding Surety Co., Inc.","https://docs.pr.gov/files/OCS/regulados/Informes%20Anuales/2013/Newport%20Bonding%20Surety%20Co.,%20Inc..pdf",https://www.ocs.pr.gov/regulados/informes-anuales,2026-09-12T08:31:25+00:00,,,,,,,,unknown
e35d193adb7fdec6f683d68c041dc987d080ae3a3c953f1d94165463c63e8921,2013,Pan American Life Insurance Company of Puerto Rico,https://docs.pr.gov/files/OCS/regulados/Informes%20Anuales/2013/Pan%20American%20Life%20Insurance%20Company%20of%20Puerto%20Rico.pdf,https://www.ocs.pr.gov/regulados/informes-anuales,2026-09-12T08:31:25+00:00,,,,,,,,unknown
5b40e8a7ac2961b54f6cf91588eb13ae8b9ce1a607bc082fa3fe5eb6925dd142,2013,Plan de Salud Menonita,https://docs.pr.gov/files/OCS/regulados/Informes%20Anuales/2013/Plan%20de%20Salud%20Menonita.pdf,https://www.ocs.pr.gov/regulados/informes-anuales,2026-09-12T08:31:25+00:00,,,,,,,,unknown
2bd19333c29d34af2b22ab272213da3a27a74ab5b70642281b41ef0fb03104c1,2013,"PMC Medicare Choice, Inc.","https://docs.pr.gov/files/OCS/regulados/Informes%20Anuales/2013/PMC%20Medicare%20Choice,%20Inc..pdf",https://www.ocs.pr.gov/regulados/informes-anuales,2026-09-12T08:31:25+00:00,,,,,,,,unknown
fca9a9345be4847ea60a8daef223d2de4f37dfbb0641a326ad83ecb51c9c07f4,2013,Point Guard Insurance Company,https://docs.pr.gov/files/OCS/regulados/Informes%20Anuales/2013/Point%20Guard%20Insurance%20Company.pdf,https://www.ocs.pr.gov/regulados/informes-anuales,2026-09-12T08:31:25+00:00,,,,,,,,unknown
afcfd76be39625ffeeeced87d4943c73dbaacf171fc90369a420d393a0755219,2013,Popular Life Re,https://docs.pr.gov/files/OCS/regulados/Informes%20Anuales/2013/Popular%20Life%20Re.pdf,https://www.ocs.pr.gov/regulados/informes-anuales,2026-09-12T08:31:25+00:00,,,,,,,,unknown
22bf1ec166c28671934d2e0cb0b5338dbb7d3019239144c5924bafb4a08f054f,2013,Puerto Rico Medical Defense Insurance Company,https://docs.pr.gov/files/OCS/regulados/Informes%20Anuales/2013/Puerto%20Rico%20Medical%20Defense%20Insurance%20Company.pdf,https://www.ocs.pr.gov/regulados/informes-anuales,2026-09-12T08:31:25+00:00,,,,,,,,unknown
a12f248a101f01698a7252b7ead1aa477173fa68e41c44f382bbd4c31c782488,2013,"Real Legacy Assurance Company, Inc.","https://docs.pr.gov/files/OCS/regulados/Informes%20Anuales/2013/Real%20Legacy%20Assurance%20Company,%20Inc..pdf",https://www.ocs.pr.gov/regulados/informes-anuales,2026-09-12T08:31:25+00:00,,,,,,,,unknown
c42c796a59be3034545f5529a48894ea29b0a2934741fab5757761df2ae28d05,2013,"Ryder Health Plan, Inc.","https://docs.pr.gov/files/OCS/regulados/Informes%20Anuales/2013/Ryder%20Health%20Plan,%20Inc..pdf",https://www.ocs.pr.gov/regulados/informes-anuales,2026-09-12T08:31:25+00:00,,,,,,,,unknown
21505fd787edb2a4ebe38723dc3e643df496df489b7cb59a5a3c19ed991a702c,2013,SIMED,https://docs.pr.gov/files/OCS/regulados/Informes%20Anuales/2013/SIMED.pdf,https://www.ocs.pr.gov/regulados/informes-anuales,2026-09-12T08:31:25+00:00,,,,,,,,unknown
2f4ec3f79b53d76fed09479bd9597b228f224b102b003b84c253400e07580632,2013,Tower Bonding and Surety Company,https://docs.pr.gov/files/OCS/regulados/Informes%20Anuales/2013/Tower%20Bonding%20and%20Surety%20Company.pdf,https://www.ocs.pr.gov/regulados/informes-anuales,2026-09-12T08:31:25+00:00,,,,,,,,unknown
9af3c9fd8b77edb0af1127e42bf2aa8fd56f78b30d902e5a2f9f779a3064403e,2013,Trans-Oceanic Life Insurance Company,https://docs.pr.gov/files/OCS/regulados/Informes%20Anuales/2013/Trans-Oceanic%20Life%20Insurance%20Company.pdf,https://www.ocs.pr.gov/regulados/informes-anuales,2026-09-12T08:31:25+00:00,,,,,,,,unknown
909a31bea7b316b2e422a345cedea9added15f200541b898f9b5b506401f613d,2013,"Triple-S Propiedad, Inc.","https://docs.pr.gov/files/OCS/regulados/Informes%20Anuales/2013/Triple-S%20Propiedad,%20Inc..pdf",https://www.ocs.pr.gov/regulados/informes-anuales,2026-09-12T08:31:25+00:00,,,,,,,,unknown
d2f45c918c31f248535f2e30659d08c8ca9efd1f9f8f38862c76ab7283712f2f,2013,"Triple-S Salud, Inc.","https://docs.pr.gov/files/OCS/regulados/Informes%20Anuales/2013/Triple-S%20Salud,%20Inc..pdf",https://www.ocs.pr.gov/regulados/informes-anuales,2026-09-12T08:31:25+00:00,,,,,,,,unknown
f4d7fce51d407921c7a5fa9596eaa156067f66c6f832bdfe341b3c8138e10d86,2013,"Triple-S Vida, Inc.","https://docs.pr.gov/files/OCS/regulados/Informes%20Anuales/2013/Triple-S%20Vida,%20Inc..pdf",https://www.ocs.pr.gov/regulados/informes-anuales,2026-09-12T08:31:25+00:00,,,,,,,,unknown
cb106df59ef7fc1eafdb5835cb20c37969a36f4b202bbb9b9f75eff6d757b773,2013,United Surety and Indemnity Company,https://docs.pr.gov/files/OCS/regulados/Informes%20Anuales/2013/United%20Surety%20and%20Indemnity%20Company.pdf,https://www.ocs.pr.gov/regulados/informes-anuales,2026-09-12T08:31:25+00:00,,,,,,,,unknown
1b4b7cd57cbd0dd00377fb01e04845df7305656dc8acb08398707114393976f3,2013,Universal Insurance Company,https://docs.pr.gov/files/OCS/regulados/Informes%20Anuales/2013/Universal%20Insurance%20Company.pdf,https://www.ocs.pr.gov/regulados/informes-anuales,2026-09-12T08:31:25+00:00,,,,,,,,unknown
98c95642d36e762d932ca9afcd3a3cf9c9ead47be74f080b9588556fe5d64aec,2013,Universal Life Insurance Company,https://docs.pr.gov/files/OCS/regulados/Informes%20Anuales/2013/Universal%20Life%20Insurance%20Company.pdf,https://www.ocs.pr.gov/regulados/informes-anuales,2026-09-12T08:31:25+00:00,,,,,,,,unknown
a5cfbd1b68b64fc806d04454530c1c6b77ca6c8993645034526d5e7d851e38e4,2013,USIC Life Insurance Company,https://docs.pr.gov/files/OCS/regulados/Informes%20Anuales/2013/USIC%20Life%20Insurance%20Company.pdf,https://www.ocs.pr.gov/regulados/informes-anuales,2026-09-12T08:31:25+00:00,,,,,,,,unknown
90e63caa52d822a41af03d51d63e9a63d3922a466b5aa7aa9f2f0e2bbd58118c,2012,ACE Insurance Company,https://docs.pr.gov/files/OCS/regulados/Informes%20Anuales/2012/ACE%20Insurance%20Company.pdf,https://www.ocs.pr.gov/regulados/informes-anuales,2026-09-12T08:31:25+00:00,,,,,,,,unknown
2858ef6bd29a467c786d757987eeea2fe93a94652024446e3f67f3c2f3d1c607,2012,Advantage Annual Stat 2012,https://docs.pr.gov/files/OCS/regulados/Informes%20Anuales/2012/Advantage%20Annual%20Stat%202012.pdf,https://www.ocs.pr.gov/regulados/informes-anuales,2026-09-12T08:31:25+00:00,,,,,,,,unknown
292a71a4e65e0429a1da42a6a75c04b242808ec2293afe1d9430f832bcf8688c,2012,AIG Insurance Company,https://docs.pr.gov/files/OCS/regulados/Informes%20Anuales/2012/AIG%20Insurance%20Company.pdf,https://www.ocs.pr.gov/regulados/informes-anuales,2026-09-12T08:31:25+00:00,,,,,,,,unknown
61273230045b85a5c981e2c7720d922563ac50cdcb1139ce8e99933dd0ed378e,2012,Annual Statement 2012 - Final,https://docs.pr.gov/files/OCS/regulados/Informes%20Anuales/2012/Annual%20Statement%202012%20-%20Final.pdf,https://www.ocs.pr.gov/regulados/informes-anuales,2026-09-12T08:31:25+00:00,,,,,,,,unknown
52a08656bb50176c00eea7767067a754e2cdb4213fe3bf13ceae6738a949af3a,2012,Annual Statement 2012,https://docs.pr.gov/files/OCS/regulados/Informes%20Anuales/2012/Annual%20Statement%202012.pdf,https://www.ocs.pr.gov/regulados/informes-anuales,2026-09-12T08:31:25+00:00,,,,,,,,unknown
d9692dbed024625d7c68b01653b7a81488cc3cf78e90112dd56e3cc1df537d25,2012,ASC Annual Statement - 2012,https://docs.pr.gov/files/OCS/regulados/Informes%20Anuales/2012/ASC%20Annual%20Statement%20-%202012.pdf,https://www.ocs.pr.gov/regulados/informes-anuales,2026-09-12T08:31:25+00:00,,,,,,,,unknown
3e15927dbf1ca359a7623f415d9d0ae6dc95918420aacb430b7dc7c737ac9180,2012,ATLANTIC SOUTHERN INS CO,https://docs.pr.gov/files/OCS/regulados/Informes%20Anuales/2012/ATLANTIC%20SOUTHERN%20INS%20CO.pdf,https://www.ocs.pr.gov/regulados/informes-anuales,2026-09-12T08:31:25+00:00,,,,,,,,unknown
c4b6deda20129af8654e827e603f9e9d52501d1f6fa27be9c5105d45aadb716b,2012,CAPIC Annual Statement 2012,https://docs.pr.gov/files/OCS/regulados/Informes%20Anuales/2012/CAPIC%20Annual%20Statement%202012.pdf,https://www.ocs.pr.gov/regulados/informes-anuales,2026-09-12T08:31:25+00:00,,,,,,,,unknown
6799279adcf1d2ba941b8446bba5c61d2f462647ec172a5a49e3a5371dc16073,2012,Caribbean American Life Assurance Company,https://docs.pr.gov/files/OCS/regulados/Informes%20Anuales/2012/Caribbean%20American%20Life%20Assurance%20Company.pdf,https://www.ocs.pr.gov/regulados/informes-anuales,2026-09-12T08:31:25+00:00,,,,,,,,unknown
dc69998f097d38360b79b521b6d3b3a99bd6d065d90370cb8d13d287e7e2d195,2012,COOPERATIVA DE SEGUROS MULTIPLES DE PR,https://docs.pr.gov/files/OCS/regulados/Informes%20Anuales/2012/COOPERATIVA%20DE%20SEGUROS%20MULTIPLES%20DE%20PR.pdf,https://www.ocs.pr.gov/regulados/informes-anuales,2026-09-12T08:31:25+00:00,,,,,,,,unknown
ac9746793b997d4bcfc8a7dddba8870cc3005309e33c996a5608f1a673f1436a,2012,Golden Cross Health Plan Corp,https://docs.pr.gov/files/OCS/regulados/Informes%20Anuales/2012/Golden%20Cross%20Health%20Plan%20Corp.pdf,https://www.ocs.pr.gov/regulados/informes-anuales,2026-09-12T08:31:25+00:00,,,,,,,,unknown
af1cdea73360c0adc4d2aff64a9cbb0a57c2fb280be24c5c424698bec01e1346,2012,Humana Health Plans of PR,https://docs.pr.gov/files/OCS/regulados/Informes%20Anuales/2012/Humana%20Health%20Plans%20of%20PR.pdf,https://www.ocs.pr.gov/regulados/informes-anuales,2026-09-12T08:31:25+00:00,,,,,,,,unknown
e1c50f1df7e45b1e75eec8f7c7557ba59b994deac31b1b2ddc609fb1a19502b4,2012,"Humana Insurance of PR, Inc","https://docs.pr.gov/files/OCS/regulados/Informes%20Anuales/2012/Humana%20Insurance%20of%20PR,%20Inc.pdf",https://www.ocs.pr.gov/regulados/informes-anuales,2026-09-12T08:31:25+00:00,,,,,,,,unknown
82ea4388d392f48cd5576eaca8b414726c726d3a335e6823fc500123dbe81ed4,2012,Informe Anual First medical,https://docs.pr.gov/files/OCS/regulados/Informes%20Anuales/2012/Informe%20Anual%20First%20medical.pdf,https://www.ocs.pr.gov/regulados/informes-anuales,2026-09-12T08:31:25+00:00,,,,,,,,unknown
cf05cbeb49b2a4b3e11e56c2ecbf1284fd9d0e93db6dc486e129718c7297d269,2012,INTEGRAND Assurance Company,https://docs.pr.gov/files/OCS/regulados/Informes%20Anuales/2012/INTEGRAND%20Assurance%20Company.pdf,https://www.ocs.pr.gov/regulados/informes-anuales,2026-09-12T08:31:25+00:00,,,,,,,,unknown
2ae92a623024450e28a2fcaee4501cc9f1879d46a45a2b5aabe3f60ff063fea1,2012,LIFE Annual Statement 2012,https://docs.pr.gov/files/OCS/regulados/Informes%20Anuales/2012/LIFE%20Annual%20Statement%202012.pdf,https://www.ocs.pr.gov/regulados/informes-anuales,2026-09-12T08:31:25+00:00,,,,,,,,unknown
17979e6d1fb084a24ebb792beafe772a12cfac36196a7f76fc294d47c044ac3a,2012,MAPFRE Life Insurance Company,https://docs.pr.gov/files/OCS/regulados/Informes%20Anuales/2012/MAPFRE%20Life%20Insurance%20Company.pdf,https://www.ocs.pr.gov/regulados/informes-anuales,2026-09-12T08:31:25+00:00,,,,,,,,unknown
e3e92757836d81802bc2cc7a78c2688971a3f73b3cd3f4ba3382669362fedcf7,2012,MAPFRE Pan American Insurance Company,https://docs.pr.gov/files/OCS/regulados/Informes%20Anuales/2012/MAPFRE%20Pan%20American%20Insurance%20Company.pdf,https://www.ocs.pr.gov/regulados/informes-anuales,2026-09-12T08:31:25+00:00,,,,,,,,unknown
6294ef73e6a739bd9bc6a2f6ddedb5fd59bf214cf99327b3572c1680e07009fb,2012,MAPFRE PRAICO Insurance Company,https://docs.pr.gov/files/OCS/regulados/Informes%20Anuales/2012/MAPFRE%20PRAICO%20Insurance%20Company.pdf,https://www.ocs.pr.gov/regulados/informes-anuales,2026-09-12T08:31:25+00:00,,,,,,,,unknown
4687bb0ffb02f6deb1710f9bc3b753fc566ffe0741d0bd1509c509560a07d364,2012,MAPFRE Preferred Risk Insurance Company,https://docs.pr.gov/files/OCS/regulados/Informes%20Anuales/2012/MAPFRE%20Preferred%20Risk%20Insurance%20Company.pdf,https://www.ocs.pr.gov/regulados/informes-anuales,2026-09-12T08:31:25+00:00,,,,,,,,unknown
bc207d4b577d9323c1d480ebeb66237c415d3d05bd2472e3ed033c9558216c3e,2012,MCS HealthManagementOptions,https://docs.pr.gov/files/OCS/regulados/Informes%20Anuales/2012/MCS%20HealthManagementOptions.pdf,https://www.ocs.pr.gov/regulados/informes-anuales,2026-09-12T08:31:25+00:00,,,,,,,,unknown
5816a566e9384a582627db12086fde7c3d6cb3ad2fc2d2267013a6b697755387,2012,"Mennonite General Hospital, Inc","https://docs.pr.gov/files/OCS/regulados/Informes%20Anuales/2012/Mennonite%20General%20Hospital,%20Inc.pdf",https://www.ocs.pr.gov/regulados/informes-anuales,2026-09-12T08:31:25+00:00,,,,,,,,unknown
2bf67db6f6cd21057d6f9158c44feb0b1e7e8baade4b35e8090337c61f85180c,2012,MLIC 2012 Annual LH,https://docs.pr.gov/files/OCS/regulados/Informes%20Anuales/2012/MLIC%202012%20Annual%20LH.pdf,https://www.ocs.pr.gov/regulados/informes-anuales,2026-09-12T08:31:25+00:00,,,,,,,,unknown
727e0f3447a6de4412dccaf9ee5ff4f6ae73beb3d7c39f4c43c176225b45de3a,2012,"MMM Multi Health, Inc","https://docs.pr.gov/files/OCS/regulados/Informes%20Anuales/2012/MMM%20Multi%20Health,%20Inc.pdf",https://www.ocs.pr.gov/regulados/informes-anuales,2026-09-12T08:31:25+00:00,,,,,,,,unknown
561d2a2da329b8d19a14a6f7fb1736f67a823701be2e6ad1725e622a801f426b,2012,P.R,https://docs.pr.gov/files/OCS/regulados/Informes%20Anuales/2012/P.R.pdf,https://www.ocs.pr.gov/regulados/informes-anuales,2026-09-12T08:31:25+00:00,,,,,,,,unknown
90f84286c51fbf420711c7d7682c63d6147ceade6e3e9dc4be43ed9794dfa6f6,2012,Pan-AmericanLife Insurance of Puerto Rico,https://docs.pr.gov/files/OCS/regulados/Informes%20Anuales/2012/Pan-AmericanLife%20Insurance%20of%20Puerto%20Rico.pdf,https://www.ocs.pr.gov/regulados/informes-anuales,2026-09-12T08:31:25+00:00,,,,,,,,unknown
fb199e85a1f81cc90b8ab483bdfb186f499e2d148fb9282a3b5b68e8ef670165,2012,PMC Medicare Choice,https://docs.pr.gov/files/OCS/regulados/Informes%20Anuales/2012/PMC%20Medicare%20Choice.pdf,https://www.ocs.pr.gov/regulados/informes-anuales,2026-09-12T08:31:25+00:00,,,,,,,,unknown
ee638ee60052838b1b5925eadccd233126f005d50cd59bcb24648517088dc596,2012,"Real Legacy Assurance Company, Inc","https://docs.pr.gov/files/OCS/regulados/Informes%20Anuales/2012/Real%20Legacy%20Assurance%20Company,%20Inc.pdf",https://www.ocs.pr.gov/regulados/informes-anuales,2026-09-12T08:31:25+00:00,,,,,,,,unknown
03dd809c04b9757491469312d7690386e56590900573b426a9779fef7cb7dcd3,2012,"TRIPLE-S VIDA, INC","https://docs.pr.gov/files/OCS/regulados/Informes%20Anuales/2012/TRIPLE-S%20VIDA,%20INC.pdf",https://www.ocs.pr.gov/regulados/informes-anuales,2026-09-12T08:31:25+00:00,,,,,,,,unknown
1fd3783657f190c31fddfe741985d7d7b437722ab861c5c23ef0ace9d23fe407,2012,UNITED SURETY AND INDEMNITY COMPANY,https://docs.pr.gov/files/OCS/regulados/Informes%20Anuales/2012/UNITED%20SURETY%20AND%20INDEMNITY%20COMPANY.pdf,https://www.ocs.pr.gov/regulados/informes-anuales,2026-09-12T08:31:25+00:00,,,,,,,,unknown
4c4a6bce776f4f857090a78368f0ed3b04ea47deb91854a370436231081d33d6,2011,antilles insurance company,https://docs.pr.gov/files/OCS/regulados/Informes%20Anuales/2011/antilles%20insurance%20company.pdf,https://www.ocs.pr.gov/regulados/informes-anuales,2026-09-12T08:31:25+00:00,,,,,,,,unknown
e346529aa48676e21d42135378c1509ee76a673771e494be1a2eaebd98579191,2011,Multinational insurance company,https://docs.pr.gov/files/OCS/regulados/Informes%20Anuales/2011/Multinational%20insurance%20company.pdf,https://www.ocs.pr.gov/regulados/informes-anuales,2026-09-12T08:31:25+00:00,,,,,,,,unknown
2aed8f82d8a4266f458c30bf5b7ee473fe7bf042bccc118118d9f53ad22ff822,2011,Ace Insurance company,https://docs.pr.gov/files/OCS/regulados/Informes%20Anuales/2011/Ace%20Insurance%20company%20(1).pdf,https://www.ocs.pr.gov/regulados/informes-anuales,2026-09-12T08:31:25+00:00,,,,,,,,unknown
ce44c8994f697cb2c94aecd414e844a5f9492cfe93788b26de7711dee07ddda6,2011,American Health Inc,https://docs.pr.gov/files/OCS/regulados/Informes%20Anuales/2011/American%20Health%20Inc.pdf,https://www.ocs.pr.gov/regulados/informes-anuales,2026-09-12T08:31:25+00:00,,,,,,,,unknown
d0dcefdab3bb459bc21e76e3e7435861fc2e399e3c25262bbf064d0d69910530,2011,Anejos Informe Anual OCS 2011,https://docs.pr.gov/files/OCS/regulados/Informes%20Anuales/2011/Anejos%20Informe%20Anual%20OCS%202011.pdf,https://www.ocs.pr.gov/regulados/informes-anuales,2026-09-12T08:31:25+00:00,,,,,,,,unknown
c54ce09e90210f9313734f589e4eac8b150f8bc6c7da4a44fdcbba29e04910a7,2011,ASOCIACION DE SUSCRIPCION CONJUNTA,https://docs.pr.gov/files/OCS/regulados/Informes%20Anuales/2011/ASOCIACION%20DE%20SUSCRIPCION%20CONJUNTA.pdf,https://www.ocs.pr.gov/regulados/informes-anuales,2026-09-12T08:31:25+00:00,,,,,,,,unknown
e1ced8b57db23dc10e5cf3d57b2e5dee8b8f48f342a6df570cd2fa3cb18ad317,2011,ATLANTIC SOUTHERN INSURANCE COMPANY,https://docs.pr.gov/files/OCS/regulados/Informes%20Anuales/2011/ATLANTIC%20SOUTHERN%20INSURANCE%20COMPANY.pdf,https://www.ocs.pr.gov/regulados/informes-anuales,2026-09-12T08:31:25+00:00,,,,,,,,unknown
7db9a59f6ee54ed827ef43f1cf81d40e47490c039575ae2435eda8cf14515d57,2011,Caribbean American Life aSSURANCE COMPANY,https://docs.pr.gov/files/OCS/regulados/Informes%20Anuales/2011/Caribbean%20American%20Life%20aSSURANCE%20COMPANY.pdf,https://www.ocs.pr.gov/regulados/informes-anuales,2026-09-12T08:31:25+00:00,,,,,,,,unknown
dda13b3d0c63fce4442aaf866c6c4b63025a27309469c289a4c354363d991088,2011,Caribbean American Property INSURANCE COMPANY,https://docs.pr.gov/files/OCS/regulados/Informes%20Anuales/2011/Caribbean%20American%20Property%20INSURANCE%20COMPANY.pdf,https://www.ocs.pr.gov/regulados/informes-anuales,2026-09-12T08:31:25+00:00,,,,,,,,unknown
9822e3b1bbaaf965dc97b4f65a7ceba1b544dbfdaa7344f82ff7803cad06ccb5,2011,Chartis Insurance Company,https://docs.pr.gov/files/OCS/regulados/Informes%20Anuales/2011/Chartis%20Insurance%20Company.pdf,https://www.ocs.pr.gov/regulados/informes-anuales,2026-09-12T08:31:25+00:00,,,,,,,,unknown
28df5b7123f1204033182959b05c79e5b215daabe28325a236f01c1b10fca1fc,2011,cooperativa de seguros de vida de puerto rico cosvi,https://docs.pr.gov/files/OCS/regulados/Informes%20Anuales/2011/cooperativa%20de%20seguros%20de%20vida%20de%20puerto%20rico%20cosvi.pdf,https://www.ocs.pr.gov/regulados/informes-anuales,2026-09-12T08:31:25+00:00,,,,,,,,unknown
ad803b10e56ebd35a2296be8412ef2ff5efcdccef9f080294383f30b64b5b708,2011,cooperativa de seguros multiples de puerto rico,https://docs.pr.gov/files/OCS/regulados/Informes%20Anuales/2011/cooperativa%20de%20seguros%20multiples%20de%20puerto%20rico.pdf,https://www.ocs.pr.gov/regulados/informes-anuales,2026-09-12T08:31:25+00:00,,,,,,,,unknown
567288195eec2ac1df50baad9c0c4bc51ee510a3fd87cd51d4a8ff0fb62b930a,2011,Delta Dental of Puerto Rico inc,https://docs.pr.gov/files/OCS/regulados/Informes%20Anuales/2011/Delta%20Dental%20of%20Puerto%20Rico%20inc.pdf,https://www.ocs.pr.gov/regulados/informes-anuales,2026-09-12T08:31:25+00:00,,,,,,,,unknown
fa08dfce07481c469332d8faf2de033cd6e9c39c3f52bd7638f26afbe9ebad26,2011,FIRST MEDICAL HEALTH PLAN INC,https://docs.pr.gov/files/OCS/regulados/Informes%20Anuales/2011/FIRST%20MEDICAL%20HEALTH%20PLAN%20INC.pdf,https://www.ocs.pr.gov/regulados/informes-anuales,2026-09-12T08:31:25+00:00,,,,,,,,unknown
3f98b394ab658054e05c667983d759576cce3d3b2bef62fe4c54deb68a0727ba,2011,global health plan and insurance company,https://docs.pr.gov/files/OCS/regulados/Informes%20Anuales/2011/global%20health%20plan%20and%20insurance%20company.pdf,https://www.ocs.pr.gov/regulados/informes-anuales,2026-09-12T08:31:25+00:00,,,,,,,,unknown
f4d35b7d8f816dd2793b879e49bcc339c0e92a866c4f42f64f3c39dcaf82bb68,2011,golden cross health plan corp,https://docs.pr.gov/files/OCS/regulados/Informes%20Anuales/2011/golden%20cross%20health%20plan%20corp.pdf,https://www.ocs.pr.gov/regulados/informes-anuales,2026-09-12T08:31:25+00:00,,,,,,,,unknown
75559c3442c667750b31f184e99f712e501581c366f624cba249336eb37a46d8,2011,humana health plans of puerto rico inc,https://docs.pr.gov/files/OCS/regulados/Informes%20Anuales/2011/humana%20health%20plans%20of%20puerto%20rico%20inc.pdf,https://www.ocs.pr.gov/regulados/informes-anuales,2026-09-12T08:31:25+00:00,,,,,,,,unknown
b5d3aea6a0d75c8e99de11e405135399ce509cae18af7b2c53acfede3912a1c1,2011,humana insurance of puerto rico inc,https://docs.pr.gov/files/OCS/regulados/Informes%20Anuales/2011/humana%20insurance%20of%20puerto%20rico%20inc.pdf,https://www.ocs.pr.gov/regulados/informes-anuales,2026-09-12T08:31:25+00:00,,,,,,,,unknown
79749bcdec3e95357ffb7d655d73241287550ad57ff96931731121976bcffc48,2011,Integrand Assurance Company,https://docs.pr.gov/files/OCS/regulados/Informes%20Anuales/2011/Integrand%20Assurance%20Company.pdf,https://www.ocs.pr.gov/regulados/informes-anuales,2026-09-12T08:31:25+00:00,,,,,,,,unknown
3cf8216fdbb66d3311820a51853c8ac99bdda0e20eb49f389e051b775112d975,2011,mapfre pan american insurance,https://docs.pr.gov/files/OCS/regulados/Informes%20Anuales/2011/mapfre%20pan%20american%20insurance.pdf,https://www.ocs.pr.gov/regulados/informes-anuales,2026-09-12T08:31:25+00:00,,,,,,,,unknown
590ce7d2306a399416f1492cf4602e7b576fd44cca53c3d67eca4263ce1ca5e7,2011,MAPFRE PREFERRED RISK INSURANCE COMPANY,https://docs.pr.gov/files/OCS/regulados/Informes%20Anuales/2011/MAPFRE%20PREFERRED%20RISK%20INSURANCE%20COMPANY.pdf,https://www.ocs.pr.gov/regulados/informes-anuales,2026-09-12T08:31:25+00:00,,,,,,,,unknown
f92f932724f3f5a3c8ba9ae1aaad2f7945b742b607f7bfce4068715e6f058e33,2011,MCS advantage inc,https://docs.pr.gov/files/OCS/regulados/Informes%20Anuales/2011/MCS%20advantage%20inc.pdf,https://www.ocs.pr.gov/regulados/informes-anuales,2026-09-12T08:31:25+00:00,,,,,,,,unknown
2ffebd45d0d73b3237c971152cfc8de2afc4d1cf627ebe9e9a39aed0c9c056e6,2011,Mcs health management options,https://docs.pr.gov/files/OCS/regulados/Informes%20Anuales/2011/Mcs%20health%20management%20options.pdf,https://www.ocs.pr.gov/regulados/informes-anuales,2026-09-12T08:31:25+00:00,,,,,,,,unknown
496338c0c5123e74f36d73157b062f3822c7a63d243829a3eb21e7ba51559781,2011,mcs life insurance company,https://docs.pr.gov/files/OCS/regulados/Informes%20Anuales/2011/mcs%20life%20insurance%20company.pdf,https://www.ocs.pr.gov/regulados/informes-anuales,2026-09-12T08:31:25+00:00,,,,,,,,unknown
0c2b14b97c967991ca6ea11d920737b6a9b1d1533252088603109e456d51dbab,2011,Mennonite General Hospital inc,https://docs.pr.gov/files/OCS/regulados/Informes%20Anuales/2011/Mennonite%20General%20Hospital%20inc.pdf,https://www.ocs.pr.gov/regulados/informes-anuales,2026-09-12T08:31:25+00:00,,,,,,,,unknown
15f695052f171460b50dece2764c7339a05481d16568fe313f03618bdba34ea1,2011,MMMHEALTHCAREINC,https://docs.pr.gov/files/OCS/regulados/Informes%20Anuales/2011/MMMHEALTHCAREINC.pdf,https://www.ocs.pr.gov/regulados/informes-anuales,2026-09-12T08:31:25+00:00,,,,,,,,unknown
bdb64bccc89f12a54a54a073831bbde67e7d18c1c8b29c2dd0298fbe1310f61f,2011,MULTINATIONAL LIFE INSURANCE COMPANY,https://docs.pr.gov/files/OCS/regulados/Informes%20Anuales/2011/MULTINATIONAL%20LIFE%20INSURANCE%20COMPANY.pdf,https://www.ocs.pr.gov/regulados/informes-anuales,2026-09-12T08:31:25+00:00,,,,,,,,unknown
c99be34db15f8c898ffd9b365d100152cd299edd715a10bffd609fd3511062f0,2011,OCS - Estado Industria Seguros 2011,https://docs.pr.gov/files/OCS/regulados/Informes%20Anuales/2011/OCS%20-%20Estado%20Industria%20Seguros%202011.pdf,https://www.ocs.pr.gov/regulados/informes-anuales,2026-09-12T08:31:25+00:00,,,,,,,,unknown
8c751304a7b478cea5b804fd7f15afb1ce211e6b26fd41aa7101142d559a83ae,2011,optima Insurance Company,https://docs.pr.gov/files/OCS/regulados/Informes%20Anuales/2011/optima%20Insurance%20Company.pdf,https://www.ocs.pr.gov/regulados/informes-anuales,2026-09-12T08:31:25+00:00,,,,,,,,unknown
dbf8c3855203211961f0d6e576a127f83e09cc2e1492301999a31a80f8c28cc4,2011,Pan american life insurance company of puerto rico,https://docs.pr.gov/files/OCS/regulados/Informes%20Anuales/2011/Pan%20american%20life%20insurance%20company%20of%20puerto%20rico.pdf,https://www.ocs.pr.gov/regulados/informes-anuales,2026-09-12T08:31:25+00:00,,,,,,,,unknown
410414f473387906bc152f30516ab31909cd382a426e3800a6d36ac3aaaf9bb4,2011,PHARMACY INSURANCE CORPORATION OF AMERICA INC,https://docs.pr.gov/files/OCS/regulados/Informes%20Anuales/2011/PHARMACY%20INSURANCE%20CORPORATION%20OF%20AMERICA%20INC.pdf,https://www.ocs.pr.gov/regulados/informes-anuales,2026-09-12T08:31:25+00:00,,,,,,,,unknown
83913e03298f5d1652a9baadf060f9393498b8002124d8fb3ee6b0ff8d4426c7,2011,PLAN MEDICO SERVICIOS DE SALUD BELLA VISTA INC,https://docs.pr.gov/files/OCS/regulados/Informes%20Anuales/2011/PLAN%20MEDICO%20SERVICIOS%20DE%20SALUD%20BELLA%20VISTA%20INC.pdf,https://www.ocs.pr.gov/regulados/informes-anuales,2026-09-12T08:31:25+00:00,,,,,,,,unknown
505cf3ff3d82fe5022392a0ee75daa1784ad3f46c8b5260b3dd6c11457c397a1,2011,pmc medicare choice INC,https://docs.pr.gov/files/OCS/regulados/Informes%20Anuales/2011/pmc%20medicare%20choice%20INC.pdf,https://www.ocs.pr.gov/regulados/informes-anuales,2026-09-12T08:31:25+00:00,,,,,,,,unknown
e3298e568c4fa3d519803b99e377df3583f6b214ab2793ae75862e2a8c02add8,2011,Puerto Rico Medical Defense Insurance Company,https://docs.pr.gov/files/OCS/regulados/Informes%20Anuales/2011/Puerto%20Rico%20Medical%20Defense%20Insurance%20Company.pdf,https://www.ocs.pr.gov/regulados/informes-anuales,2026-09-12T08:31:25+00:00,,,,,,,,unknown
261d60610a944525a3b9b961a262ac38f3a69e21480a5c3230a908ae84adcb30,2011,ryder health plan inc,https://docs.pr.gov/files/OCS/regulados/Informes%20Anuales/2011/ryder%20health%20plan%20inc.pdf,https://www.ocs.pr.gov/regulados/informes-anuales,2026-09-12T08:31:25+00:00,,,,,,,,unknown
8bc8b9f873eb5293a56bb844c0ff4ab89e5387a693116e51f00a379b5ce1fcc3,2011,SIMED,https://docs.pr.gov/files/OCS/regulados/Informes%20Anuales/2011/SIMED.pdf,https://www.ocs.pr.gov/regulados/informes-anuales,2026-09-12T08:31:25+00:00,,,,,,,,unknown
a654662e08bf7609c5f16d49cd389649341495b97b8b1b249c048d4972114af2,2011,Tower Bonding and Surety Company,https://docs.pr.gov/files/OCS/regulados/Informes%20Anuales/2011/Tower%20Bonding%20and%20Surety%20Company.pdf,https://www.ocs.pr.gov/regulados/informes-anuales,2026-09-12T08:31:25+00:00,,,,,,,,unknown
946c6a154c19975768a22c5d2d5a89c3cd353368137044f802bcdd093a2466c7,2011,Triple-s propiedad,https://docs.pr.gov/files/OCS/regulados/Informes%20Anuales/2011/Triple-s%20propiedad.pdf,https://www.ocs.pr.gov/regulados/informes-anuales,2026-09-12T08:31:25+00:00,,,,,,,,unknown
1e1f2c9e898e3e7fc5f3520034bc5f936e9107a4873444f086add9ddf508ef35,2011,Triple-s vida inc,https://docs.pr.gov/files/OCS/regulados/Informes%20Anuales/2011/Triple-s%20vida%20inc.pdf,https://www.ocs.pr.gov/regulados/informes-anuales,2026-09-12T08:31:25+00:00,,,,,,,,unknown
91588b3b6acc2c8fa2a75acd265a5b59b9686db81c2c961a3539e60d0ac68889,2011,United Surety and indemnity company,https://docs.pr.gov/files/OCS/regulados/Informes%20Anuales/2011/United%20Surety%20and%20indemnity%20company.pdf,https://www.ocs.pr.gov/regulados/informes-anuales,2026-09-12T08:31:25+00:00,,,,,,,,unknown
5b53ed1f7d30d95fe381140433699e9b83199cbbbb79c0e41a71753d97aa9906,2011,universal insurance company,https://docs.pr.gov/files/OCS/regulados/Informes%20Anuales/2011/universal%20insurance%20company.pdf,https://www.ocs.pr.gov/regulados/informes-anuales,2026-09-12T08:31:25+00:00,,,,,,,,unknown
9aaf79913c9aeb68f6b0b6e51167492b1ecac7a0506f22a515cfd0f44fac1172,2011,universal life insurance company,https://docs.pr.gov/files/OCS/regulados/Informes%20Anuales/2011/universal%20life%20insurance%20company.pdf,https://www.ocs.pr.gov/regulados/informes-anuales,2026-09-12T08:31:25+00:00,,,,,,,,unknown
0d945087102ead4e3e3a4cf1f45831bb2595c18491ee4e7494d1b8526e6c661d,2011,uSIC life insurance company,https://docs.pr.gov/files/OCS/regulados/Informes%20Anuales/2011/uSIC%20life%20insurance%20company.pdf,https://www.ocs.pr.gov/regulados/informes-anuales,2026-09-12T08:31:25+00:00,,,,,,,,unknown
cbcd21f911aa9cc615e63a5fe7b22d913e08d2ec4c9502dc579fa43d21a0832d,2010,ACE INSURANCE COMPANY,https://docs.pr.gov/files/OCS/regulados/Informes%20Anuales/2010/ACE%20INSURANCE%20COMPANY.pdf,https://www.ocs.pr.gov/regulados/informes-anuales,2026-09-12T08:31:25+00:00,,,,,,,,unknown
194d6b7e7d32909ed83535d0ffaad831a08104f267dae34832487585a64b33a2,2010,AMERICAN HEALTH INC,https://docs.pr.gov/files/OCS/regulados/Informes%20Anuales/2010/AMERICAN%20HEALTH%20INC.pdf,https://www.ocs.pr.gov/regulados/informes-anuales,2026-09-12T08:31:25+00:00,,,,,,,,unknown
d572d022e2c818052c227655483e3ed3ea68abf7840b084c97ccc81789ef3ea9,2010,ANTILLES INSURANCE COMPANY,https://docs.pr.gov/files/OCS/regulados/Informes%20Anuales/2010/ANTILLES%20INSURANCE%20COMPANY.pdf,https://www.ocs.pr.gov/regulados/informes-anuales,2026-09-12T08:31:25+00:00,,,,,,,,unknown
fafecfaa5bd0cbee46bb3f1c53324f02b6660ab4fd0a62a1ed4470784614468d,2010,ASOCIACION DE SUSCRIPCIN CONJUNTA DEL SEGURO DE RESPONSABILIDAD OBLIGATORIO,https://docs.pr.gov/files/OCS/regulados/Informes%20Anuales/2010/ASOCIACION%20DE%20SUSCRIPCIN%20CONJUNTA%20DEL%20SEGURO%20DE%20RESPONSABILIDAD%20OBLIGATORIO.pdf,https://www.ocs.pr.gov/regulados/informes-anuales,2026-09-12T08:31:25+00:00,,,,,,,,unknown
d8aa4fb94f648483ea6a31a260384d6e2cc141b0da7df5d05000064c76923105,2010,ATLANTIC SOUTHERN INSURANCE COMPANY,https://docs.pr.gov/files/OCS/regulados/Informes%20Anuales/2010/ATLANTIC%20SOUTHERN%20INSURANCE%20COMPANY.pdf,https://www.ocs.pr.gov/regulados/informes-anuales,2026-09-12T08:31:25+00:00,,,,,,,,unknown
2249d2ee5b8a53ac2e28575a6467b53cdd3a9f9a25ccb4c385b420d360796d3e,2010,COOPERATIVA DE SEGUROS DE VIDA DE PUERTO RICO COSVI,https://docs.pr.gov/files/OCS/regulados/Informes%20Anuales/2010/COOPERATIVA%20DE%20SEGUROS%20DE%20VIDA%20DE%20PUERTO%20RICO%20COSVI.pdf,https://www.ocs.pr.gov/regulados/informes-anuales,2026-09-12T08:31:25+00:00,,,,,,,,unknown
56f48c95ae31d58c8c15f5196337cbd94da2bcb58edaa74bb8e6a968b048c422,2010,COOPERATIVA DE SEGUROS MULTIPLES DE PUERTO RICO,https://docs.pr.gov/files/OCS/regulados/Informes%20Anuales/2010/COOPERATIVA%20DE%20SEGUROS%20MULTIPLES%20DE%20PUERTO%20RICO.pdf,https://www.ocs.pr.gov/regulados/informes-anuales,2026-09-12T08:31:25+00:00,,,,,,,,unknown
09f30a4f8cfa22aaaa1b005005bef0b196d346cdf9cfd53d5d403bef2ddc00e5,2010,"DELTA DENTAL OF PUERTO RICO, INC.","https://docs.pr.gov/files/OCS/regulados/Informes%20Anuales/2010/DELTA%20DENTAL%20OF%20PUERTO%20RICO,%20INC..pdf",https://www.ocs.pr.gov/regulados/informes-anuales,2026-09-12T08:31:25+00:00,,,,,,,,unknown
925a6c3f762767b37cc4e85a1c96cd931eeed8f022efd07449ed5124610da7bf,2010,FIRST MEDICAL HEATLH PLAN INC,https://docs.pr.gov/files/OCS/regulados/Informes%20Anuales/2010/FIRST%20MEDICAL%20HEATLH%20PLAN%20INC.pdf,https://www.ocs.pr.gov/regulados/informes-anuales,2026-09-12T08:31:25+00:00,,,,,,,,unknown
f26359b9a82b46cfbb55d4ee36c8748a757488d7a437c0057b56d85d3caa7acf,2010,OLDEN CROSS HMO HEALTH PLAN CORP,https://docs.pr.gov/files/OCS/regulados/Informes%20Anuales/2010/GOLDEN%20CROSS%20HMO%20HEALTH%20PLAN%20CORP.pdf,https://www.ocs.pr.gov/regulados/informes-anuales,2026-09-12T08:31:25+00:00,,,,,,,,unknown
2e6a8d261ce0b3a3537591ad83bc0b7d437c698d4e957f68abe834980407bbfb,2010,HUMANA INSURANCE OF PUERTO RICO INC (2),https://docs.pr.gov/files/OCS/regulados/Informes%20Anuales/2010/HUMANA%20INSURANCE%20OF%20PUERTO%20RICO%20INC%20(2).pdf,https://www.ocs.pr.gov/regulados/informes-anuales,2026-09-12T08:31:25+00:00,,,,,,,,unknown
4312d377da3cf312f4d73fdb7290fb4bd9467252f8532d8132cd916644f3a00b,2010,INTEGRAND ASSURANCE COMPANY,https://docs.pr.gov/files/OCS/regulados/Informes%20Anuales/2010/INTEGRAND%20ASSURANCE%20COMPANY.pdf,https://www.ocs.pr.gov/regulados/informes-anuales,2026-09-12T08:31:25+00:00,,,,,,,,unknown
ea8b6d9eaf85a9c96e9882cbec7604a862505652430ad967a278aeb108918a9b,2010,MAPFRE LIFE INSURANCE COMPANY,https://docs.pr.gov/files/OCS/regulados/Informes%20Anuales/2010/MAPFRE%20LIFE%20INSURANCE%20COMPANY.pdf,https://www.ocs.pr.gov/regulados/informes-anuales,2026-09-12T08:31:25+00:00,,,,,,,,unknown
6178044ec42a6c4aea4515b3415d33c0eb40246faae78102b6ae22e82122a2df,2010,MAPFRE PAN AMERICAN INSURANCE COMPANY,https://docs.pr.gov/files/OCS/regulados/Informes%20Anuales/2010/MAPFRE%20PAN%20AMERICAN%20INSURANCE%20COMPANY.pdf,https://www.ocs.pr.gov/regulados/informes-anuales,2026-09-12T08:31:25+00:00,,,,,,,,unknown
a56dbd4164251553be41f83f08c543023398fa1663f4787489d0358a8a401f5d,2010,MAPFRE PRAICO INSURANCE COMPANY,https://docs.pr.gov/files/OCS/regulados/Informes%20Anuales/2010/MAPFRE%20PRAICO%20INSURANCE%20COMPANY.pdf,https://www.ocs.pr.gov/regulados/informes-anuales,2026-09-12T08:31:25+00:00,,,,,,,,unknown
a3ad0d2733f53a5698bab5fd47dabb7baa6671d85f894cf6b67ce0e2d5e1d4b9,2010,MAPFRE PREFERRED RISK INSURANCE COMPANY,https://docs.pr.gov/files/OCS/regulados/Informes%20Anuales/2010/MAPFRE%20PREFERRED%20RISK%20INSURANCE%20COMPANY.pdf,https://www.ocs.pr.gov/regulados/informes-anuales,2026-09-12T08:31:25+00:00,,,,,,,,unknown
e5b1c4f58a633e2984cc4daab828c98e62cc5adacc45788b695ca25a9167fa5a,2010,MCS ADVANTAGE INC,https://docs.pr.gov/files/OCS/regulados/Informes%20Anuales/2010/MCS%20ADVANTAGE%20INC.pdf,https://www.ocs.pr.gov/regulados/informes-anuales,2026-09-12T08:31:25+00:00,,,,,,,,unknown
992126a209d41c9f339cb7a0d1ec64e53a050e7b14ef43ee00291fc5e3c6646d,2010,MCS HEALTH INSRURANCE COMPANY,https://docs.pr.gov/files/OCS/regulados/Informes%20Anuales/2010/MCS%20HEALTH%20INSRURANCE%20COMPANY.pdf,https://www.ocs.pr.gov/regulados/informes-anuales,2026-09-12T08:31:25+00:00,,,,,,,,unknown
0ed84d5c3be8cfe9a47df0bcabff7beb0442daee10066e93ac6453ca00ec7a12,2010,MCS HEALTH MANAGEMENT OPTIONS INC,https://docs.pr.gov/files/OCS/regulados/Informes%20Anuales/2010/MCS%20HEALTH%20MANAGEMENT%20OPTIONS%20INC.pdf,https://www.ocs.pr.gov/regulados/informes-anuales,2026-09-12T08:31:25+00:00,,,,,,,,unknown
7adc0314b96a802d1885e0306bd29a3dcf508ae9d678ef42c6e7b42796e3f436,2010,MCS LIFE INSURANCE COMPANY,https://docs.pr.gov/files/OCS/regulados/Informes%20Anuales/2010/MCS%20LIFE%20INSURANCE%20COMPANY.pdf,https://www.ocs.pr.gov/regulados/informes-anuales,2026-09-12T08:31:25+00:00,,,,,,,,unknown
92a2bbdbf6f27f5eb9ad030e0da41d761c0bce5e4020142b1d16e48caa3faa81,2010,MMM HEALTHCARE INC,https://docs.pr.gov/files/OCS/regulados/Informes%20Anuales/2010/MMM%20HEALTHCARE%20INC.pdf,https://www.ocs.pr.gov/regulados/informes-anuales,2026-09-12T08:31:25+00:00,,,,,,,,unknown
96cc5432725bc825c75d43b1637eae3290989bdec3441789b873da505cde47d2,2010,NATIONAL INSURANCE COMPANY,https://docs.pr.gov/files/OCS/regulados/Informes%20Anuales/2010/NATIONAL%20INSURANCE%20COMPANY.pdf,https://www.ocs.pr.gov/regulados/informes-anuales,2026-09-12T08:31:25+00:00,,,,,,,,unknown
69a05c657feef47a064550384d2c7691a6ce99a77bb33ffb4910ddda9bc967fd,2010,NATIONAL LIFE INSURANCE COMPANY,https://docs.pr.gov/files/OCS/regulados/Informes%20Anuales/2010/NATIONAL%20LIFE%20INSURANCE%20COMPANY.pdf,https://www.ocs.pr.gov/regulados/informes-anuales,2026-09-12T08:31:25+00:00,,,,,,,,unknown
4592e4301968edc5303524ea9ce47140ac2bc6e68975e8ec17f05ca9db6b0c81,2010,Newport Bonding Surety,https://docs.pr.gov/files/OCS/regulados/Informes%20Anuales/2010/Newport%20Bonding%20Surety.pdf,https://www.ocs.pr.gov/regulados/informes-anuales,2026-09-12T08:31:25+00:00,,,,,,,,unknown
44478712c35eb4c0dcf36613e420e4fdeea66b90b95e3e2f9a278bd046ed4f2b,2010,OCS - Estado Industria Seguros 2010,https://docs.pr.gov/files/OCS/regulados/Informes%20Anuales/2010/OCS%20-%20Estado%20Industria%20Seguros%202010.pdf,https://www.ocs.pr.gov/regulados/informes-anuales,2026-09-12T08:31:25+00:00,,,,,,,,unknown
e55e2c0fa3752ef19f4638efdcdac2bec507462e7920d22bbd92e2b5f54be97d,2010,"PHARMACY INSURANCE CORPORATION OF AMERICA,INC","https://docs.pr.gov/files/OCS/regulados/Informes%20Anuales/2010/PHARMACY%20INSURANCE%20CORPORATION%20OF%20AMERICA,INC.pdf",https://www.ocs.pr.gov/regulados/informes-anuales,2026-09-12T08:31:25+00:00,,,,,,,,unknown
a3ac4e0336ad057cd2155cd301a4417d6f283cbd448593be317a8a9f2f09e2dd,2010,PLAN MEDICO SERVICIOS DE SALUD BELLA VISTA INC,https://docs.pr.gov/files/OCS/regulados/Informes%20Anuales/2010/PLAN%20MEDICO%20SERVICIOS%20DE%20SALUD%20BELLA%20VISTA%20INC.pdf,https://www.ocs.pr.gov/regulados/informes-anuales,2026-09-12T08:31:25+00:00,,,,,,,,unknown
b1b9b707e490e179eebcbc7e0f60a422685e39efbc66f87d1188590e3b54b711,2010,PREFERRED MEDICARE CHOICE INC,https://docs.pr.gov/files/OCS/regulados/Informes%20Anuales/2010/PREFERRED%20MEDICARE%20CHOICE%20INC.pdf,https://www.ocs.pr.gov/regulados/informes-anuales,2026-09-12T08:31:25+00:00,,,,,,,,unknown
fb07db3d616d3bb2a8aa1d925561cbb4382d51b3a55ecc9feee82bcdfc82c1da,2010,"Puerto Rico Health Plan, Inc","https://docs.pr.gov/files/OCS/regulados/Informes%20Anuales/2010/Puerto%20Rico%20Health%20Plan,%20Inc.pdf",https://www.ocs.pr.gov/regulados/informes-anuales,2026-09-12T08:31:25+00:00,,,,,,,,unknown
c2e660a611666221f253ee1d5429305b95c2fcaad5b110fa3e611b0e80247db9,2010,PUERTO RICO MEDICAL DEFENSE INSURANCE COMPANY,https://docs.pr.gov/files/OCS/regulados/Informes%20Anuales/2010/PUERTO%20RICO%20MEDICAL%20DEFENSE%20INSURANCE%20COMPANY.pdf,https://www.ocs.pr.gov/regulados/informes-anuales,2026-09-12T08:31:25+00:00,,,,,,,,unknown
9967500e7c5231a522e043d81e7c2029ce97a878788acdfdfbaa8736bd1a161c,2010,REAL LEGACY ASSURANCE COMPANY,https://docs.pr.gov/files/OCS/regulados/Informes%20Anuales/2010/REAL%20LEGACY%20ASSURANCE%20COMPANY.pdf,https://www.ocs.pr.gov/regulados/informes-anuales,2026-09-12T08:31:25+00:00,,,,,,,,unknown
9e95a208ba1e324b77438f58d6281775e0c92e8ca533b3ac9ef2bf1ed8be3bd2,2010,RYDER HEALTH PLAN INC,https://docs.pr.gov/files/OCS/regulados/Informes%20Anuales/2010/RYDER%20HEALTH%20PLAN%20INC.pdf,https://www.ocs.pr.gov/regulados/informes-anuales,2026-09-12T08:31:25+00:00,,,,,,,,unknown
3ff9fed37815c51ce7e483153058cdd10e7a5be4448d1627ff992e6c00a99eaf,2010,SIMED,https://docs.pr.gov/files/OCS/regulados/Informes%20Anuales/2010/SIMED.pdf,https://www.ocs.pr.gov/regulados/informes-anuales,2026-09-12T08:31:25+00:00,,,,,,,,unknown
79ac819793764e0ee2ba1dd12b13dc8f3de47107616aeac4b796490f2b3270c7,2010,Tablas Inf Anual 2010,https://docs.pr.gov/files/OCS/regulados/Informes%20Anuales/2010/Tablas%20Inf%20Anual%202010.pdf,https://www.ocs.pr.gov/regulados/informes-anuales,2026-09-12T08:31:25+00:00,,,,,,,,unknown
a12f2d534b7656f9662b5f7a663730579d78e12c2f2f465c9b032979e2e06245,2010,Tower Bonding and Surety Co.,https://docs.pr.gov/files/OCS/regulados/Informes%20Anuales/2010/Tower%20Bonding%20and%20Surety%20Co..pdf,https://www.ocs.pr.gov/regulados/informes-anuales,2026-09-12T08:31:25+00:00,,,,,,,,unknown
018f5be58a9b46ad32674d4ae19d8d1e7fdf290e31731f6f6e8093714773fa67,2010,TRIPLE-S PROPIEDAD,https://docs.pr.gov/files/OCS/regulados/Informes%20Anuales/2010/TRIPLE-S%20PROPIEDAD.pdf,https://www.ocs.pr.gov/regulados/informes-anuales,2026-09-12T08:31:25+00:00,,,,,,,,unknown
4460901ee28a843b0f431f73db673d3692679af73bc4d52211839fc01c89763e,2010,TRIPLE-S SALUD INC,https://docs.pr.gov/files/OCS/regulados/Informes%20Anuales/2010/TRIPLE-S%20SALUD%20INC.pdf,https://www.ocs.pr.gov/regulados/informes-anuales,2026-09-12T08:31:25+00:00,,,,,,,,unknown
428f464fb8e59ec06027ae269b194604f19e41f1aa35b4a71a9209a0f4bd8b9a,2010,TRIPLE-S VIDA INC,https://docs.pr.gov/files/OCS/regulados/Informes%20Anuales/2010/TRIPLE-S%20VIDA%20INC.pdf,https://www.ocs.pr.gov/regulados/informes-anuales,2026-09-12T08:31:25+00:00,,,,,,,,unknown
84375a9ceef899836484f073c56abda52538d5a7fb54858a90dfe0b9c90ec912,2010,UNITED SURETY & INDEMNITY COMPANY,https://docs.pr.gov/files/OCS/regulados/Informes%20Anuales/2010/UNITED%20SURETY%20%26%20INDEMNITY%20COMPANY.pdf,https://www.ocs.pr.gov/regulados/informes-anuales,2026-09-12T08:31:25+00:00,,,,,,,,unknown
6e509b83d01c33e7c9fccea799c5992ea26f855ffc7ee55beb90808da2df2f2b,2010,UNIVERSAL INSURANCE COMPANY,https://docs.pr.gov/files/OCS/regulados/Informes%20Anuales/2010/UNIVERSAL%20INSURANCE%20COMPANY.pdf,https://www.ocs.pr.gov/regulados/informes-anuales,2026-09-12T08:31:25+00:00,,,,,,,,unknown
587ca9c5b4a477f48c2d10296a265c9c4b9bf25a3f9a3831ab6ab78d9a60aa41,2010,UNIVERSAL LIFE INSURANCE COMPANY,https://docs.pr.gov/files/OCS/regulados/Informes%20Anuales/2010/UNIVERSAL%20LIFE%20INSURANCE%20COMPANY.pdf,https://www.ocs.pr.gov/regulados/informes-anuales,2026-09-12T08:31:25+00:00,,,,,,,,unknown
b20eeebfd69618ce370e784fca680ac57ae19143740d581c28148831e0ec3b1b,2010,USIC LIFE INSURANCE COMPANY,https://docs.pr.gov/files/OCS/regulados/Informes%20Anuales/2010/USIC%20LIFE%20INSURANCE%20COMPANY.pdf,https://www.ocs.pr.gov/regulados/informes-anuales,2026-09-12T08:31:25+00:00,,,,,,,,unknown
